<?xml version="1.0" encoding="utf-8"?>
<COLLADA xmlns="http://www.collada.org/2005/11/COLLADASchema" version="1.4.1" xmlns:xsi="http://www.w3.org/2001/XMLSchema-instance">
  <asset>
    <contributor>
      <author>Centrixe</author>
      <authoring_tool>OpenCOLLADA for 3ds Max;  Version: 1.6;  Revision: 68</authoring_tool>
    </contributor>
    <created>2022-09-12T12:06:50</created>
    <modified>2022-09-12T12:06:50</modified>
    <unit name="inch" meter="0.0254"/>
    <up_axis>Z_UP</up_axis>
  </asset>
  <library_effects>
    <effect id="alice_mat">
      <profile_COMMON>
        <newparam sid="alice_diff_png-surface">
          <surface type="2D">
            <init_from>alice_diff_png</init_from>
          </surface>
        </newparam>
        <newparam sid="alice_diff_png-sampler">
          <sampler2D>
            <source>alice_diff_png-surface</source>
          </sampler2D>
        </newparam>
        <technique sid="common">
          <phong>
            <emission>
              <color>0 0 0 1</color>
            </emission>
            <ambient>
              <color>0.2 0.2 0.2 1</color>
            </ambient>
            <diffuse>
              <texture texture="alice_diff_png-sampler" texcoord="CHANNEL1"/>
            </diffuse>
            <specular>
              <color>0.2 0.2 0.2 1</color>
            </specular>
            <shininess>
              <float>43.21928</float>
            </shininess>
            <reflective>
              <color>0 0 0 1</color>
            </reflective>
            <transparent opaque="A_ONE">
              <color>1 1 1 1</color>
            </transparent>
            <transparency>
              <float>1</float>
            </transparency>
          </phong>
        </technique>
      </profile_COMMON>
      <extra>
        <technique profile="OpenCOLLADA3dsMax">
          <extended_shader>
            <opacity_type sid="opacity_type" type="int">0</opacity_type>
            <falloff_type sid="falloff_type" type="int">0</falloff_type>
            <falloff sid="falloff" type="float">0</falloff>
            <index_of_refraction sid="index_of_refraction" type="float">1.5</index_of_refraction>
            <wire_size sid="wire_size" type="float">1</wire_size>
            <wire_units sid="wire_units" type="int">0</wire_units>
            <apply_reflection_dimming sid="apply_reflection_dimming" type="bool">0</apply_reflection_dimming>
            <dim_level sid="dim_level" type="float">0</dim_level>
            <reflection_level sid="reflection_level" type="float">3</reflection_level>
          </extended_shader>
          <shader>
            <ambient_diffuse_texture_lock sid="ambient_diffuse_texture_lock" type="bool">1</ambient_diffuse_texture_lock>
            <ambient_diffuse_lock sid="ambient_diffuse_lock" type="bool">0</ambient_diffuse_lock>
            <diffuse_specular_lock sid="diffuse_specular_lock" type="bool">0</diffuse_specular_lock>
            <use_self_illum_color sid="use_self_illum_color" type="bool">0</use_self_illum_color>
            <self_illumination sid="self_illumination" type="float">0</self_illumination>
            <specular_level sid="specular_level" type="float">1</specular_level>
            <soften sid="soften" type="float">0.1</soften>
          </shader>
        </technique>
      </extra>
    </effect>
  </library_effects>
  <library_materials>
    <material id="alice_mat-material" name="alice_mat">
      <instance_effect url="#alice_mat"/>
    </material>
  </library_materials>
  <library_geometries>
    <geometry id="geom-alice_lod0" name="alice_lod0">
      <mesh>
        <source id="geom-alice_lod0-positions">
          <float_array id="geom-alice_lod0-positions-array" count="7605">12.49347 -74.60052 985.2668 13.33992 -75.03519 991.8793 6.621761 -79.4086 992.4705 6.244539 -78.66492 984.0632 13.33992 -75.03519 991.8793 12.49347 -74.60052 985.2668 17.73807 -65.16791 989.2736 8.309838 -79.62624 987.8063 16.88491 -74.24532 989.5296 16.42691 -74.25995 996.45 8.08004 -79.14798 998.1957 16.88491 -74.24532 989.5296 21.9378 -62.57038 994.0546 16.42691 -74.25995 996.45 4.96445e-4 -80.14752 992.6586 4.83912e-4 -79.52507 984.0513 4.85206e-4 -80.81875 987.4958 4.98378e-4 -79.97308 998.5735 16.24876 29.77497 737.8132 20.4473 38.26627 740.3165 8.96212e-5 36.46901 745.7264 8.99633e-5 27.64227 740.7428 45.22837 36.4062 741.0956 45.76951 45.1481 746.0904 45.80463 40.63692 739.168 44.04975 33.34204 737.6833 45.22837 36.4062 741.0956 20.4473 38.26627 740.3165 91.04257 70.82732 747.5701 62.72266 75.81557 715.9223 69.29455 57.02901 750.087 105.5567 73.69817 741.2831 91.36452 82.25594 717.6525 16.24876 29.77497 737.8132 21.00231 30.04579 719.9011 62.00821 39.213 715.6271 76.17168 38.50894 738.4069 110.7278 49.91331 731.7551 115.7607 63.60478 734.7361 102.513 56.51686 729.8224 31.20845 46.34376 713.7095 29.80996 64.4955 703.335 45.80463 40.63692 739.168 70.10248 64.2129 675.2332 102.513 56.51686 729.8224 73.94435 77.52141 675.9738 71.61709 46.07371 727.8838 50.05524 55.82797 688.0612 50.05524 55.82797 688.0612 47.84459 50.38895 682.2733 33.34817 51.53725 701.2699 27.22609 49.61557 697.9993 2.350398 59.69309 696.8176 1.99013e-5 49.65783 707.7526 16.76999 53.16527 706.4272 33.34817 51.53725 701.2699 16.76999 53.16527 706.4272 27.22609 49.61557 697.9993 40.78437 78.97447 670.2953 15.79161 52.03035 727.7981 4.74305e-5 55.42999 731.6741 8.42675e-5 43.27207 747.5184 17.52076 42.72055 743.8597 13.51857 56.90955 711.5382 1.92703e-5 58.75201 714.7062 35.88852 59.9527 720.8984 29.80996 64.4955 703.335 1.99013e-5 49.65783 707.7526 16.76999 53.16527 706.4272 11.68706 23.92029 737.2745 8.80169e-5 24.24565 736.3994 68.56379 53.43254 741.8873 45.80463 40.63692 739.168 50.18855 82.15015 689.3059 81.36195 89.79401 667.8436 100.6824 70.87574 712.7023 88.15781 81.41463 663.8305 94.97166 52.27455 701.7325 77.26399 64.05143 663.8292 87.83315 64.12466 740.8842 98.31038 68.74185 732.273 71.61709 46.07371 727.8838 19.88709 43.50643 703.6606 70.10248 64.2129 675.2332 73.94435 77.52141 675.9738 6.230579 85.18452 669.1194 40.78437 78.97447 670.2953 49.93548 102.4726 641.723 9.88104 108.9146 638.2682 6.230579 85.18452 669.1194 14.18144 135.2638 602.1765 9.88104 108.9146 638.2682 49.93548 102.4726 641.723 64.31088 128.2037 605.4452 19.11975 158.3836 564.3675 14.18144 135.2638 602.1765 64.31088 128.2037 605.4452 77.61552 149.4212 571.5615 19.11975 158.3836 564.3675 77.61552 149.4212 571.5615 90.92913 170.7288 535.8027 25.10661 176.0141 531.3734 40.78437 78.97447 670.2953 6.230579 85.18452 669.1194 9.88104 108.9146 638.2682 49.93548 102.4726 641.723 40.78437 78.97447 670.2953 27.22609 49.61557 697.9993 49.93548 102.4726 641.723 9.88104 108.9146 638.2682 14.18144 135.2638 602.1765 64.31088 128.2037 605.4452 64.31088 128.2037 605.4452 14.18144 135.2638 602.1765 19.11975 158.3836 564.3675 77.61552 149.4212 571.5615 90.92913 170.7288 535.8027 77.61552 149.4212 571.5615 19.11975 158.3836 564.3675 25.10661 176.0141 531.3734 19.88709 43.50643 703.6606 50.18855 82.15015 689.3059 68.56379 53.43254 741.8873 87.83315 64.12466 740.8842 25.91034 -27.19666 918.1561 5.73833e-4 -15.67165 939.1803 5.74362e-4 -16.23975 935.7058 6.23641e-4 -37.21325 912.5607 11.42126 -13.92774 940.8239 35.65503 -15.42809 923.7592 21.57682 -7.134304 944.5412 38.60698 0.3143976 931.4578 6.17404e-4 -58.05362 890.2641 27.15747 -45.74104 898.2974 85.49219 -48.96582 873.2074 74.31081 -44.14632 890.056 41.63067 -64.4622 869.0275 26.17299 -66.18519 725.8483 41.3885 -49.33844 734.8486 22.73743 -62.64989 735.8554 42.50031 -14.23567 736.3511 34.07354 -40.73193 735.1214 48.03114 -48.43068 727.3163 53.56396 -24.73532 731.7972 79.78653 53.65701 872.2539 48.67809 56.52503 857.0261 97.37907 56.38617 883.2513 92.61076 51.97068 883.4963 81.38789 -35.89711 880.4864 98.84894 -25.10531 891.3013 82.47546 -46.202 870.0386 96.22655 -33.66082 870.6443 98.84894 -25.10531 891.3013 81.38789 -35.89711 880.4864 67.11584 -48.7949 862.5805 71.05523 -39.33135 846.9116 85.31316 -29.35272 851.4424 69.40357 -64.49199 834.2832 67.11584 -48.7949 862.5805 44.65762 -67.16327 830.1837 32.4375 -80.95166 796.0885 25.27847 -74.39294 822.7397 25.27847 -74.39294 822.7397 31.30877 -62.69224 800.3881 44.65762 -67.16327 830.1837 48.9575 -64.12061 756.9709 34.07354 -40.73193 735.1214 24.92215 -70.84471 757.4622 50.15209 -46.3365 810.7012 45.76513 -40.14794 715.4986 54.68564 -15.59849 716.1304 47.78777 51.77489 858.0172 47.78777 51.77489 858.0172 79.78653 53.65701 872.2539 81.76804 48.09393 853.415 109.8343 -33.47802 864.6863 98.83504 -29.3999 842.2111 128.6734 -28.1404 849.6921 118.5702 -21.73284 831.5042 138.5627 34.97363 900.7754 154.0772 30.60142 869.3562 131.2277 49.44991 889.3047 140.901 48.22746 857.356 117.8178 56.47254 875.4576 141.2281 30.44085 852.0784 146.8459 21.01723 855.8809 146.8459 21.01723 855.8809 159.0412 30.41513 835.5344 141.2281 30.44085 852.0784 37.90417 10.4872 935.3652 29.34878 17.83584 951.9182 28.46682 4.234192 949.0102 46.82647 -18.71516 917.6549 25.73054 28.72057 955.3182 36.43797 22.41249 938.2009 6.26189e-4 -70.26118 869.5085 50.53222 -42.91334 898.2125 6.26053e-4 -81.50359 838.0399 40.71143 -76.30695 838.507 70.33985 -67.4616 836.2073 84.68483 -26.06879 905.0522 106.6153 -26.82032 897.218 85.49219 -48.96582 873.2074 82.47546 -46.202 870.0386 98.84894 -25.10531 891.3013 106.6153 -26.82032 897.218 70.33985 -67.4616 836.2073 69.40357 -64.49199 834.2832 94.29826 -6.580087 915.5986 119.6305 -8.924366 908.4216 111.1915 -8.174541 903.0858 119.6305 -8.924366 908.4216 99.14921 13.53804 921.0461 130.4139 11.75548 917.0689 118.6251 10.9058 909.0474 130.4139 11.75548 917.0689 99.73987 28.84926 920.32 127.6033 31.48931 913.2685 119.563 30.17022 906.6529 127.6033 31.48931 913.2685 119.4615 46.64391 903.5315 87.85751 43.11683 915.0912 108.6221 44.80422 897.2441 119.4615 46.64391 903.5315 35.50648 -85.58047 797.6935 4.94929e-4 -89.18373 798.3846 60.52746 -77.92161 795.7508 60.52746 -77.92161 795.7508 59.63441 -73.8456 795.1917 27.92304 -77.78287 755.0878 49.49507 -67.19676 754.0016 49.49507 -67.19676 754.0016 48.9575 -64.12061 756.9709 3.04417e-4 -82.15176 755.2539 2.0503e-4 -67.75781 736.1558 22.73743 -62.64989 735.8554 41.3885 -49.33844 734.8486 2.0503e-4 -67.75781 736.1558 1.88955e-4 -70.12497 724.9058 97.37907 56.38617 883.2513 77.51401 55.36227 902.6653 48.67809 56.52503 857.0261 39.63593 60.9841 888.2757 -1.77506e-4 59.62648 881.6524 -1.81113e-4 53.20326 848.5283 -6.17354e-5 51.46558 849.5272 -1.81113e-4 53.20326 848.5283 118.6251 10.9058 909.0474 111.1915 -8.174541 903.0858 129.8694 -10.70894 896.4979 138.6712 12.37539 902.6741 119.563 30.17022 906.6529 121.1606 -26.72934 885.0028 59.63441 -73.8456 795.1917 4.67883e-4 -83.4745 796.8671 5.71272e-4 -75.36053 822.8146 2.93089e-4 -74.51213 756.9583 14.79825 -50.43954 734.3025 20.42027 -56.05519 768.8517 14.79825 -50.43954 734.3025 34.07354 -40.73193 735.1214 35.44727 -44.1014 769.7096 47.05775 -14.65116 765.6711 42.50031 -14.23567 736.3511 1.82326e-4 -52.8244 733.9267 76.10245 -8.527049 835.5897 67.21523 -10.63568 827.0414 91.12611 -7.761575 826.114 58.32866 -14.15627 801.1764 77.73559 14.02408 836.2272 66.19138 19.76861 823.5884 59.71247 14.10609 795.7146 89.21759 13.41208 825.3585 50.19759 5.706505 733.282 51.10551 6.126731 717.0179 23.57262 -63.31767 714.4218 1.68758e-4 -67.44068 714.9056 40.55676 -46.02887 714.9299 22.97906 -62.3078 713.3959 32.65504 -87.60558 687.4053 66.32677 -55.58394 693.6035 84.73573 -21.4296 698.5957 77.06779 11.99332 697.964 1.65185e-4 -66.25986 713.5975 5.02576e-5 -97.45857 687.1466 43.706 8.127717 735.6813 49.17111 8.980397 761.5215 43.706 8.127717 735.6813 36.97709 17.66413 737.0248 40.44556 22.28411 735.2576 16.24876 29.77497 737.8132 11.68706 23.92029 737.2745 21.00231 30.04579 719.9011 40.12585 23.06868 719.48 11.68706 23.92029 737.2745 8.80169e-5 24.24565 736.3994 7.73538e-5 26.41205 756.6302 31.92027 23.73572 758.1859 43.706 8.127717 735.6813 36.97709 17.66413 737.0248 49.17111 8.980397 761.5215 56.63232 36.07467 698.5461 28.44244 45.67964 696.0933 8.13353e-7 49.84588 697.5051 5.62412e-5 31.53839 719.3592 77.71454 36.30812 842.8734 77.73559 14.02408 836.2272 66.19138 19.76861 823.5884 45.76244 44.28645 832.4995 95.71798 41.5901 834.0762 89.21759 13.41208 825.3585 59.71247 14.10609 795.7146 37.91613 31.99067 791.9492 -7.13955e-5 47.77177 828.5427 -6.17354e-5 51.46558 849.5272 -7.04656e-6 35.21176 790.8883 106.1569 57.15281 855.7855 92.61076 51.97068 883.4963 108.6221 44.80422 897.2441 138.8512 -20.08402 866.3666 149.9372 -8.236231 871.9546 110.3543 -5.039154 824.0797 108.9629 12.61549 821.442 108.9629 12.61549 821.442 117.2149 35.32705 830.209 154.394 9.565354 875.1045 128.0738 46.28571 843.418 140.0875 -9.430873 853.8219 127.842 -13.86061 842.2715 144.6462 6.8603 857.9252 140.0875 -9.430873 853.8219 156.293 -3.037644 834.2377 161.2802 12.40308 839.1498 127.842 -13.86061 842.2715 145.7036 -7.585074 823.4332 122.2089 0.6335698 830.4802 122.2089 0.6335698 830.4802 137.5508 4.52763 814.6671 119.9979 13.56954 829.8694 119.9979 13.56954 829.8694 137.9202 21.45982 813.6688 119.9979 13.56954 829.8694 125.0374 30.21244 831.5176 125.0374 30.21244 831.5176 137.9202 21.45982 813.6688 119.9979 13.56954 829.8694 142.643 34.82727 818.7059 133.247 38.63209 840.8485 133.247 38.63209 840.8485 150.6129 39.06226 825.9092 144.6462 6.8603 857.9252 47.98301 -130.3774 625.3931 -3.15604e-5 -142.5967 623.4482 107.8537 -87.23294 632.1462 142.5913 -34.60903 638.5295 133.3487 20.87925 633.5458 -6.16702e-6 103.4382 640.967 51.67845 95.26857 637.7088 98.13218 65.54121 635.3071 -4.8823e-5 -169.9104 574.1825 60.64399 -158.1189 574.4091 83.25146 -204.1721 449.6122 73.96379 -186.1625 511.0003 -5.00325e-5 -200.9982 510.6197 -4.40275e-5 -224.0085 448.1218 93.30243 -219.7253 366.7004 -8.58085e-5 -238.5735 363.086 135.6843 -109.4117 576.4778 163.7096 -128.9773 514.6238 183.8794 -140.3942 457.4752 203.1488 -150.6287 387.5041 101.6501 -231.4047 297.3312 107.7314 -239.0039 246.4217 236.5041 -163.5315 256.9099 220.9765 -158.393 319.4128 180.2956 -47.67978 582.6484 236.3607 -68.04688 467.9667 214.808 -59.79613 522.2078 255.4607 -73.3362 406.5581 289.9749 -83.60578 262.0045 273.4362 -78.53592 338.2962 168.1518 25.89566 578.8564 219.8353 28.89723 463.9053 201.1298 29.03656 516.5258 239.7281 31.26813 409.4821 277.492 33.56459 261.8365 259.619 32.97271 341.6684 124.4663 86.6544 578.6979 172.3881 122.1051 456.861 151.3891 107.194 516.5297 189.4742 132.3326 400.3689 207.2907 143.8194 332.8126 223.8593 155.5033 259.4475 68.83632 131.5811 579.424 -1.70796e-5 141.5546 581.8826 96.06981 186.347 456.2132 84.3318 163.3796 518.2904 -3.18825e-5 199.647 457.2401 -2.5065e-5 175.2782 519.8006 106.6673 200.7837 392.9811 122.1869 230.4064 257.0738 115.7012 215.9627 324.4111 -3.08802e-5 218.1829 398.1985 -3.12328e-5 253.6082 260.3884 -2.67186e-5 237.0148 329.9409 41.3885 -49.33844 734.8486 34.07354 -40.73193 735.1214 249.6128 3.330951 717.9426 264.9671 0.4168391 706.2478 254.5028 -6.841236 725.1273 268.8514 -9.361691 713.101 281.2047 -15.42226 713.5219 298.2215 -26.27662 699.3864 288.4702 -0.9748744 713.558 274.4823 -18.56572 706.3839 285.9538 -33.75809 695.2034 307.5886 -5.115662 697.2953 287.3344 11.65366 709.8702 306.0112 11.41706 693.2629 269.507 11.4628 691.9255 275.4323 23.99116 699.585 279.4902 17.79712 683.0015 298.6423 23.43486 676.8857 270.3984 -9.218675 695.748 278.8093 -4.028258 682.5219 279.3403 -29.62369 684.6463 274.4823 -18.56572 706.3839 282.9942 -23.66495 676.7606 285.9538 -33.75809 695.2034 319.1654 -34.19873 680.9745 295.6279 -45.87199 683.4085 309.4707 -39.88132 683.6102 299.0393 -25.62179 673.5482 313.3123 -35.63897 675.6031 302.127 -36.25145 669.8702 313.6388 -45.29662 668.3245 308.5869 -45.0916 662.7697 319.3515 -25.17268 666.1998 297.9896 -8.673074 675.2612 313.3123 -35.63897 675.6031 330.2456 -26.07761 675.5206 326.6844 -37.9471 673.1829 348.6315 -7.965853 650.7981 331.9732 -2.086723 671.5803 296.6558 10.29046 671.2167 320.4637 2.191614 661.6918 320.1636 -37.498 670.2654 319.3515 -25.17268 666.1998 339.2309 -46.64912 650.4468 320.1636 -37.498 670.2654 341.3508 -35.85696 647.2505 350.676 -53.29652 632.6274 357.5686 -54.42195 627.2963 357.0482 -53.15428 634.2846 346.449 12.3794 635.7041 348.8496 10.55582 631.8938 342.9871 12.35919 633.1246 324.0949 -55.54815 654.8309 325.4144 -60.44355 651.2128 322.1337 -56.02093 651.564 318.8636 -58.19908 648.9768 320.1521 -63.58443 648.4987 314.8722 -60.19772 651.1702 182.0279 -2.885071 805.2112 168.6982 -4.809178 793.246 189.5688 10.99974 811.6543 188.0492 31.30248 809.0424 177.4331 41.38096 799.8678 166.1348 37.57751 790.8328 160.127 23.58483 784.9792 160.127 23.58483 784.9792 160.4054 7.800309 785.5142 200.9789 -7.995748 764.5573 213.3092 -6.128016 774.9243 189.8483 -3.695812 797.6395 176.7684 -5.605826 786.0739 219.3184 8.501677 779.1847 197.0062 10.37522 803.537 218.4838 25.97177 777.1125 195.6579 29.96981 801.0599 211.2448 36.48904 769.1598 185.886 40.15797 792.1908 200.3755 32.79686 759.9883 174.695 36.38236 783.1216 194.6597 21.49845 756.0444 168.7602 23.06324 777.7455 168.8088 7.718543 778.153 168.7602 23.06324 777.7455 194.6597 21.49845 756.0444 194.0189 7.473258 756.0693 261.1459 -5.660482 731.842 265.5875 4.51508 733.7458 265.1323 15.59506 731.3618 274.15 -8.464058 718.8746 278.9136 3.286695 720.4923 278.9136 3.286695 720.4923 274.15 -8.464058 718.8746 268.8514 -9.361691 713.101 278.0738 14.30918 717.1749 278.0738 14.30918 717.1749 248.3258 13.74279 716.272 259.4107 25.2128 725.1991 253.8927 25.67326 720.146 248.3258 13.74279 716.272 273.8809 22.58434 710.6039 269.0916 23.04337 707.4543 264.8537 11.06913 703.0177 264.8537 11.06913 703.0177 279.4845 23.44501 702.8558 273.8809 22.58434 710.6039 275.4323 23.99116 699.585 269.0916 23.04337 707.4543 264.8537 11.06913 703.0177 269.0916 23.04337 707.4543 264.9671 0.4168391 706.2478 303.6417 23.29319 683.6835 298.6423 23.43486 676.8857 289.0587 -42.39152 676.4543 295.6279 -45.87199 683.4085 291.9196 -37.24973 670.5193 304.1172 -52.98458 664.3152 308.2997 -54.80913 669.408 305.1036 -48.56967 661.4542 308.2997 -54.80913 669.408 314.4344 -50.50582 671.0263 313.6388 -45.29662 668.3245 348.9583 -29.29397 653.6802 320.1636 -37.498 670.2654 327.2935 17.1461 664.5629 342.0319 13.95086 643.2614 321.9174 17.69708 661.069 338.431 12.54883 638.8482 321.9174 17.69708 661.069 338.431 12.54883 638.8482 342.7618 -9.816854 642.5424 343.8359 -45.77905 654.7896 326.6844 -37.9471 673.1829 360.4249 -10.90762 633.0511 363.2552 -34.35858 632.1503 354.4364 -41.59748 628.5679 342.9871 12.35919 633.1246 356.0296 -13.20089 625.6476 360.4447 -45.3929 624.5844 360.4447 -45.3929 624.5844 360.2655 -42.25566 632.3217 363.063 -12.47517 624.4941 348.8496 10.55582 631.8938 363.063 -12.47517 624.4941 324.5111 -60.2745 656.7592 314.4344 -50.50582 671.0263 308.2997 -54.80913 669.408 319.1316 -63.5526 654.2885 304.1172 -52.98458 664.3152 313.6388 -45.29662 668.3245 321.9474 -65.07536 650.7207 325.3441 -62.69561 652.535 320.1521 -63.58443 648.4987 322.1337 -56.02093 651.564 325.4144 -60.44355 651.2128 308.5869 -45.0916 662.7697 305.1036 -48.56967 661.4542 308.5869 -45.0916 662.7697 268.8514 -9.361691 713.101 347.0293 -34.43885 653.3463 357.6009 -34.0009 627.64 343.2235 -30.59691 647.0077 364.3855 -33.44775 623.2807 364.3855 -33.44775 623.2807 330.2456 -26.07761 675.5206 344.19 -35.14791 650.2983 357.351 -40.99852 630.445 324.7986 -25.62514 670.8602 324.7986 -25.62514 670.8602 346.0909 -29.94544 650.3438 360.428 -34.17974 629.8951 341.3508 -35.85696 647.2505 354.4364 -41.59748 628.5679 319.3515 -25.17268 666.1998 324.7986 -25.62514 670.8602 346.0909 -29.94544 650.3438 360.428 -34.17974 629.8951 4.61393e-4 -70.05421 800.5537 3.4364e-4 -60.52014 769.0494 5.71272e-4 -75.36053 822.8146 1.82326e-4 -52.8244 733.9267 33.34817 51.53725 701.2699 73.94435 77.52141 675.9738 98.31038 68.74185 732.273 47.54607 -15.80858 1208.25 37.83113 -1.466451 1188.592 39.73471 -16.92752 1194.703 41.59718 1.819435 1194.61 33.28306 -14.13279 1199.304 40.64556 -0.8147672 1199.963 46.76291 7.556667 1218.075 23.99476 -2.896421 1198.583 46.62308 -15.66856 1218.529 54.8428 -13.7835 1213.407 53.90976 -14.15791 1203.807 51.15243 1.156822 1207.111 6.088926 1.15904 1188.803 20.24981 5.758642 1196.062 9.517186 2.393594 1179.57 16.77779 -5.599458 1183.692 9.517186 2.393594 1179.57 20.24981 5.758642 1196.062 43.32037 17.47093 1193.194 46.5449 20.67641 1205.934 7.258987 -5.558151 1190.517 4.90732e-4 -6.110579 1194.864 4.87443e-4 -18.42779 1189.173 8.955089 -15.09724 1186.88 18.96904 -17.83299 1190.151 19.13727 -17.05929 1185.074 4.88174e-4 -12.57806 1179.485 10.23339 -13.28167 1179.33 8.955089 -15.09724 1186.88 10.23339 -13.28167 1179.33 19.13727 -17.05929 1185.074 19.62177 -11.09199 1178.542 41.54041 -16.35393 1187.359 39.73471 -16.92752 1194.703 40.15849 -4.164272 1184.387 33.28306 -14.13279 1199.304 31.93533 -18.19336 1208.591 19.13727 -17.05929 1185.074 16.77779 -5.599458 1183.692 19.13727 -17.05929 1185.074 4.92401e-4 2.577659 1189.172 47.54607 -15.80858 1208.25 47.54607 -15.80858 1208.25 9.517186 2.393594 1179.57 31.97911 12.90088 1179.817 43.32037 17.47093 1193.194 46.5449 20.67641 1205.934 39.86348 19.05914 1214.371 4.92032e-4 3.912731 1178.971 31.97911 12.90088 1179.817 9.517186 2.393594 1179.57 39.86348 19.05914 1214.371 44.61667 -3.361311 928.4832 27.5969 -79.67502 1086.112 14.99701 -84.29493 1083.206 27.60068 -77.57675 1077.478 59.28238 -60.70968 1080.202 64.52734 -48.40404 1069.108 61.31061 -57.47554 1086.355 17.43236 -83.91978 1100.273 30.26459 -79.66654 1098.589 4.73974e-4 -65.27036 1153.173 8.593074 -89.50961 1155.575 4.72167e-4 -76.20798 1164.721 67.37634 -36.84686 1077.735 66.18375 -25.98772 1051.113 67.34528 -19.70669 1056.719 68.70233 -29.42154 1088.703 68.70233 -29.42154 1088.703 80.54667 -14.27744 1078.977 73.29324 -45.88509 1093.93 67.34528 -19.70669 1056.719 5.944381 -95.96685 1022.43 7.747002 -84.5547 1031.311 4.59058e-4 -93.08693 1028.616 4.57587e-4 -97.63634 1022.683 11.42013 -85.06085 1022.303 16.82725 -78.19006 1031.858 10.32953 -92.54048 1020.063 24.84851 -80.60181 1015.289 29.10691 -77.80649 1026.657 12.76731 -87.19154 1016.884 9.001904 -90.62895 1015.372 5.374331 -94.90755 1016.552 4.673652 -88.83334 1013.945 62.9482 13.48607 1017.142 68.04058 8.875782 1038.242 61.99528 3.992915 1016.171 68.25333 21.85066 1023.897 57.61793 21.12592 1023.604 72.09706 24.06636 1042.185 72.09706 24.06636 1042.185 60.94342 28.80569 1040.331 48.01494 37.48472 1019.921 6.544599 -100.1417 1178.006 20.10688 -109.6716 1171.562 21.70585 -104.9548 1198.132 7.699425 -89.9724 1191.273 34.85174 -107.3592 1189.017 21.98442 -81.72213 1204.699 9.489842 -64.78105 1191.562 35.03719 -83.14796 1204.001 52.03311 -101.5318 1157.024 49.18649 -81.00797 1190.847 68.88818 -65.30778 1158.514 85.9155 5.2686 1073.387 89.12071 -12.39616 1082.434 79.45174 -5.148591 1061.102 66.97643 -6.107592 1041.124 68.04058 8.875782 1038.242 80.48199 20.47787 1052.762 85.17194 20.03153 1062.946 95.42108 32.64901 1069.94 93.50716 26.59737 1051.492 85.17194 20.03153 1062.946 80.48199 20.47787 1052.762 95.71916 22.87934 1083.965 93.43406 38.94784 1059.494 93.43406 38.94784 1059.494 95.54716 -5.25007 1094.045 87.47525 66.0648 1074.994 69.81713 20.71067 1013.662 97.42106 10.00626 988.8726 85.36301 24.94494 1016.973 74.03162 5.181712 993.1968 61.08554 -36.80239 1171.207 38.65815 -38.37534 1190.788 17.76994 -36.48984 1188.498 10.23339 -13.28167 1179.33 4.82147e-4 -38.12683 1179.515 72.08335 3.125189 1154.503 86.40637 -32.0258 1136.68 89.74693 11.22826 1117.776 47.0946 -3.909379 1172.34 36.33046 41.57653 1172.509 19.62177 -11.09199 1178.542 92.71918 73.65321 1043.761 100.8571 50.57608 1048.084 121.1888 47.57224 957.863 109.2944 78.06076 1010.436 111.5403 56.74237 1015.19 103.379 -19.62102 968.0697 97.38068 -39.48671 932.1316 113.5303 -7.820453 961.2522 76.75871 -49.65811 947.3715 78.33194 -23.62336 975.0569 50.53222 -42.91334 898.2125 60.10788 -63.22382 868.8146 53.45732 -54.62817 908.8237 67.41473 -62.71857 910.832 78.48335 -55.89555 904.472 74.31081 -44.14632 890.056 87.85751 43.11683 915.0912 105.6647 49.94523 928.4892 99.73987 28.84926 920.32 88.22826 55.41367 919.5374 112.0783 78.53305 940.962 111.9846 93.54739 960.5481 101.081 96.76589 1000.955 92.71918 73.65321 1043.761 102.8427 110.619 907.5118 96.41322 99.77112 955.1158 99.74698 84.78491 933.9395 103.9421 77.69893 893.8551 88.22826 55.41367 919.5374 87.85751 43.11683 915.0912 77.51401 55.36227 902.6653 87.09893 60.69428 898.1151 70.54756 96.99204 1071.07 72.98049 96.6002 1014.728 91.67444 131.3943 916.8952 81.48583 114.8689 959.5751 101.5593 65.19907 873.0211 102.317 154.8842 852.1617 51.05734 148.6039 918.5359 53.84228 177.125 857.8452 118.6903 114.288 844.267 111.7366 73.68485 834.334 84.02249 57.76977 870.8574 98.91807 148.7263 799.8408 58.69026 131.1602 758.7858 53.27805 169.5872 795.8856 87.30582 113.4414 767.3849 108.3464 105.5644 795.9478 40.8637 73.72501 758.1704 78.54681 57.8107 786.5471 39.20632 48.10605 789.4703 50.83052 101.4016 756.6447 79.25934 87.64162 765.108 -5.72138e-5 69.97375 750.3355 24.71302 103.5416 745.8679 1.11921e-4 103.0206 742.7872 19.52139 -68.20302 1049.837 22.86142 -69.50816 1058.906 21.82875 -70.61803 1060.089 18.70981 -69.17722 1048.754 30.92224 -70.04878 1065.055 30.38153 -71.0229 1067.502 12.74562 -73.66772 1047.887 17.89824 -70.15144 1047.67 20.79611 -71.72797 1061.272 17.44488 -75.59174 1065.815 29.84088 -71.99712 1069.949 20.33298 -67.22884 1050.92 19.85676 -63.59301 1043.411 40.94732 -68.48035 1066.291 41.48347 -69.21246 1068.922 42.01969 -69.94467 1071.553 43.35188 -71.79595 1078.517 48.34849 -64.89365 1062.825 49.53584 -64.81262 1064.532 50.72325 -64.73169 1066.24 56.02548 -63.03759 1073.734 52.61264 -61.14295 1055.922 53.81943 -60.5995 1056.661 55.02623 -60.05609 1057.399 61.23854 -53.76501 1062.444 54.65343 -58.68261 1048.649 55.5498 -57.87486 1048.805 56.4462 -57.06713 1048.962 61.71673 -46.70502 1043.719 56.81515 -56.99477 1042.437 52.49323 -59.70661 1042.814 51.20502 -60.02642 1041.821 54.1439 -61.79385 1039.007 58.91772 -57.44095 1028.151 45.45085 -64.45672 1040.854 47.20585 -66.84796 1037.555 52.10696 -68.41799 1024.016 20.59829 -69.97301 1040.917 21.27056 -63.8081 1041.432 29.63616 -66.86883 1040.108 29.56749 -70.52039 1037.659 38.56065 -67.04459 1040.13 39.22306 -69.66197 1037.221 40.87949 -74.73479 1023.573 10.44791 -79.54546 1067.75 6.786865 -76.88753 1047.987 4.64302e-4 -81.96243 1067.666 4.63542e-4 -79.62724 1048.113 4.61493e-4 -85.02954 1036.565 5.38055e-4 -85.90467 1081.1 44.98433 -71.41483 1085.532 64.53445 -37.12468 1044.115 5.44237e-4 -85.80217 1100.592 47.85487 -70.30268 1093.918 18.85845 -79.65284 1117.952 5.0446e-4 -80.70564 1121.086 32.24109 -76.42414 1111.679 49.27151 -66.97147 1103.471 62.21808 -53.07027 1092.516 24.99456 -70.49216 1133.181 4.73974e-4 -65.27036 1153.173 48.96714 -62.97461 1113.009 31.81908 -88.19794 1131.156 24.99456 -70.49216 1133.181 48.96714 -62.97461 1113.009 56.1639 -72.45718 1112.442 63.10116 -48.17186 1099.255 63.10116 -48.17186 1099.255 13.73852 -82.78698 1017.247 38.25718 -75.80029 1006.097 50.73527 -65.43251 1008.122 60.28526 -50.27174 1016.517 65.56516 -12.41436 1029.122 64.53623 -25.96612 1017.574 57.55691 -43.8285 1003.302 66.97643 -6.107592 1041.124 4.57385e-4 -96.62921 1016.132 12.39737 -83.31347 1012.373 21.14547 -82.27958 1003.686 27.0392 -78.96655 997.4871 9.00528 -85.20722 1011.124 11.46127 -84.8432 1004.769 4.58062e-4 -92.48402 1011.638 4.348328 -85.47775 1011.241 4.14348 -86.56208 1005.3 4.59253e-4 -86.62162 1008.77 4.61489e-4 -86.84899 1003.99 5.338689 -89.26757 998.6523 4.93968e-4 -89.28716 997.3627 11.29753 -86.88161 996.8039 4.87909e-4 -86.00071 992.6758 5.408027 -86.24861 994.4629 10.54599 -84.93829 994.3844 16.32966 -83.19727 994.4025 20.28337 -79.58634 994.0222 15.31796 -82.16774 993.5884 20.94265 -77.63467 992.2952 27.3638 -75.11693 990.6443 18.00325 -78.12811 992.4592 36.5169 -69.12204 991.6935 4.8777e-4 -83.52425 992.1462 3.889499 -83.29424 992.5489 9.220271 -81.47639 993.5428 14.59165 -79.49149 993.0822 4.87597e-4 -85.09897 989.6835 4.772136 -84.85007 989.9279 3.892253 -82.85127 992.6756 4.92716e-4 -82.89511 992.5139 10.54481 -83.28881 990.6943 9.231582 -81.05462 993.6406 14.71985 -81.04199 991.3353 14.59125 -79.4199 993.1342 18.64224 -77.7999 989.885 22.60542 -74.34132 985.4902 29.52653 -67.43567 981.6509 4.8323e-4 -84.49493 985.6781 8.397634 -83.34768 986.5189 15.20234 -80.18675 988.7421 16.61845 -75.47871 982.4888 18.477 -72.49572 974.1324 4.76257e-4 -78.87189 980.5485 8.667644 -77.67333 980.7742 4.65812e-4 -79.17218 970.637 9.389811 -77.67669 970.7647 47.52242 -60.16999 994.4889 36.87815 -53.35077 977.9324 49.56778 -35.84673 986.4025 4.53464e-4 -76.04153 960.2505 9.764717 -73.56521 961.4407 20.4142 -66.46448 967.51 14.63826 -56.79595 960.1904 28.9685 -40.99071 967.9664 37.56692 -26.08574 975.8787 4.5114e-4 -63.12403 956.6546 10.02051 -22.25712 960.9792 18.63586 -16.23267 964.4307 26.11795 -5.364456 969.4966 58.84161 -13.32242 1000.24 50.98083 -2.683654 991.5537 31.82947 12.27107 976.5099 59.47959 9.665753 1012.159 51.30824 20.42033 1010.809 29.50365 36.67184 988.5627 6.30985e-4 -25.33415 959.1027 5.73833e-4 -15.67165 939.1803 11.42126 -13.92774 940.8239 21.57682 -7.134304 944.5412 28.46682 4.234192 949.0102 29.34878 17.83584 951.9182 25.73054 28.72057 955.3182 48.01494 37.48472 1019.921 60.94342 28.80569 1040.331 51.63628 36.56615 1004.923 29.50365 36.67184 988.5627 48.18443 20.23313 983.6439 42.86029 -102.2137 1145.042 65.77847 -76.67387 1119.25 84.5786 -47.29103 1100.056 4.75593e-4 -65.16855 1176.951 74.31745 -74.22398 1131.261 91.08289 -43.0571 1113.101 72.09706 24.06636 1042.185 77.87962 24.12242 1042.034 78.0753 55.16564 1115.842 77.87962 24.12242 1042.034 104.8606 31.1799 1023.949 113.9858 19.15641 984.696 44.61667 -3.361311 928.4832 52.78531 -28.85046 940.7581 45.0227 5.02362 960.0983 37.90417 10.4872 935.3652 114.7249 17.11005 942.114 65.24956 47.72293 1148.685 9.517186 2.393594 1179.57 5.00571e-4 39.73779 1180.227 4.92032e-4 3.912731 1178.971 109.3149 -6.963799 929.2393 93.15063 -25.5572 911.5677 94.29826 -6.580087 915.5986 99.14921 13.53804 921.0461 46.82647 -18.71516 917.6549 99.74698 84.78491 933.9395 96.41322 99.77112 955.1158 101.081 96.76589 1000.955 36.32042 89.82837 1145.256 5.1126e-4 92.66665 1153.341 60.62881 82.88091 1132.68 66.8425 90.40125 1109.719 39.2174 110.9744 1107.873 40.58748 115.503 1066.615 41.74224 114.1825 1013.401 5.13259e-4 125.5438 1067.422 5.14869e-4 120.5652 1108.955 5.28286e-4 121.0131 1014.508 5.09111e-4 132.7664 965.7214 44.85356 128.9669 963.4771 5.37706e-4 153.9909 921.1047 6.59571e-4 179.6706 858.7073 5.60757e-4 168.0393 795.9578 99.00842 76.22157 790.5565 88.81339 51.6302 831.7431 45.31354 49.78112 830.9712 43.25018 59.66074 869.4879 39.63593 60.9841 888.2757 3.48261e-5 51.28912 829.3613 -1.26364e-4 48.43338 779.3396 1.78745e-4 62.02792 868.5787 -1.77506e-4 59.62648 881.6524 30.45894 139.4349 752.4749 3.18017e-4 137.739 751.5038 24.71302 103.5416 745.8679 1.11921e-4 103.0206 742.7872 50.83052 101.4016 756.6447 79.25934 87.64162 765.108 25.73054 28.72057 955.3182 3.772751 -72.28761 997.7592 3.889499 -83.29424 992.5489 4.8777e-4 -83.52425 992.1462 4.99062e-4 -71.8642 997.7489 9.099812 -71.45311 998.6926 9.220271 -81.47639 993.5428 14.78198 -70.7803 997.5672 14.59165 -79.49149 993.0822 18.00325 -78.12811 992.4592 18.35678 -70.40672 992.4893 3.778562 -71.24476 985.4747 4.80478e-4 -70.86374 985.433 4.92716e-4 -82.89511 992.5139 3.892253 -82.85127 992.6756 9.231582 -81.05462 993.6406 9.0172 -70.32735 986.4214 14.59125 -79.4199 993.1342 14.51942 -69.71938 987.2949 8.73497 -58.27473 991.0297 8.794197 -60.3154 983.7404 14.47468 -61.12581 985.4087 14.38048 -59.17305 991.4466 3.542643 -58.33282 991.0199 4.81197e-4 -58.34278 991.0195 4.77731e-4 -60.40442 983.7253 3.568965 -60.39448 983.7253 14.40711 -61.4214 997.59 18.28009 -62.67188 992.2231 8.719165 -60.50191 998.4406 4.64711e-4 -60.56195 998.4447 3.53645 -60.55268 998.4403 25.17502 -68.36425 1056.883 21.29325 -66.09798 1050.536 32.96111 -36.52905 1045.843 31.7068 -68.39835 1061.214 39.98981 -67.36285 1061.653 45.9561 -64.87408 1059.012 49.79528 -62.40844 1054.092 52.17381 -60.5223 1048.361 84.68483 -26.06879 905.0522 52.25851 -70.51096 1067.11 48.45247 -68.80509 1062.52 47.47734 -70.14855 1064.791 47.16108 -64.97459 1061.117 44.68117 -70.56398 1064.231 40.41109 -67.74813 1063.659 48.63808 -69.99551 1062.388 44.6155 -70.25477 1061.734 47.27159 -69.31117 1060.704 31.85273 -71.72465 1062.37 41.1087 -71.22509 1064.006 31.46289 -69.07457 1062.607 23.89407 -68.39825 1057.722 24.35273 -71.07923 1057.385 19.85676 -63.59301 1043.411 21.29325 -66.09798 1050.536 20.83915 -69.02916 1050.633 20.33298 -67.22884 1050.92 39.98981 -67.36285 1061.653 31.7068 -68.39835 1061.214 45.9561 -64.87408 1059.012 25.17502 -68.36425 1056.883 58.31219 -67.60536 1062.739 53.7015 -65.49841 1057.434 51.92614 -68.62704 1060.667 51.40582 -61.68636 1055.184 53.93415 -66.87859 1057.321 49.34188 -68.01774 1058.643 52.06373 -65.38311 1054.943 49.79528 -62.40844 1054.092 61.16716 -63.97492 1057.934 56.87384 -63.11605 1053.679 55.85497 -65.51189 1055.645 53.75705 -59.49034 1048.492 57.56641 -64.24329 1053.49 54.135 -64.33717 1051.855 54.71977 -62.49133 1048.611 52.17381 -60.5223 1048.361 52.49323 -59.70661 1042.814 54.65306 -49.96912 1049.968 53.34721 -57.78708 1049.975 53.35856 -57.1908 1046.986 53.35809 -55.4928 1044.455 53.37785 -51.45326 1042.495 53.09295 -51.4739 1057.468 53.23365 -55.49792 1055.498 53.30407 -57.19178 1052.965 49.21363 -64.42876 1049.945 49.21923 -63.32701 1044.421 49.17793 -60.18953 1039.743 49.07732 -52.72453 1036.08 48.81495 -52.73675 1063.841 49.04464 -60.18965 1060.165 49.15475 -63.32711 1055.474 42.83728 -68.86753 1049.913 42.82285 -67.42799 1042.694 42.76426 -63.32869 1036.58 42.6181 -53.5752 1031.713 42.42919 -53.57652 1068.092 42.6847 -63.32885 1063.268 42.79296 -67.4281 1057.138 35.19647 -70.4275 1049.884 35.17245 -68.86936 1042.068 35.11574 -64.4323 1035.449 34.97787 -53.87529 1029.984 34.89137 -53.87546 1069.564 35.1053 -64.43248 1064.341 35.18129 -68.86945 1057.705 27.50634 -68.87118 1049.861 27.48418 -67.43168 1042.639 27.43619 -63.33238 1036.522 27.32213 -53.57896 1031.715 27.3236 -53.57915 1068.044 27.46008 -63.33253 1063.219 27.49834 -67.43175 1057.088 20.95614 -64.43498 1049.846 20.94503 -63.33375 1044.319 20.91177 -60.19627 1039.637 20.83701 -52.73132 1035.969 20.87196 -52.73149 1063.765 20.93522 -60.19639 1060.072 20.95759 -63.33381 1055.379 16.58858 -57.79537 1049.849 16.58035 -57.19909 1046.857 16.56463 -55.50111 1044.322 16.53152 -51.46109 1042.337 16.55046 -51.46117 1057.38 16.57821 -55.50115 1055.381 16.58774 -57.19914 1052.842 15.02328 -49.96235 1049.858 79.22398 -33.00305 24.40256 76.03693 -17.75359 28.80334 72.64768 -34.33641 30.98226 70.14249 -20.39702 40.89949 46.87939 -42.01555 24.30765 50.71821 -40.85836 31.29084 42.74413 -26.56644 29.45068 45.0653 -26.34817 39.62027 80.55314 -68.88112 22.04454 85.40823 -56.35831 20.82757 78.13743 -53.18327 22.38748 65.87595 -60.75514 23.17816 58.77417 -67.60429 21.79216 70.03989 -72.16311 22.5363 59.80064 34.70614 23.28415 69.97569 13.42922 34.25482 73.07611 15.96663 16.76839 58.75082 28.67924 40.34497 32.94755 -3.056422 34.23144 30.82788 13.04448 39.36557 28.33987 18.43303 23.19017 34.37559 -3.656869 19.82297 60.77108 -39.18195 34.55345 56.94777 -24.65278 46.78174 64.71171 -53.33405 25.83112 75.40212 -49.01667 24.60483 78.13743 -53.18327 22.38748 83.53821 -32.36806 21.53769 78.09006 -10.35934 26.03165 76.03693 -17.75359 28.80334 79.22398 -33.00305 24.40256 90.98331 -59.9003 13.64444 87.85597 -31.61634 13.51667 81.03779 -6.860185 14.0365 71.70678 -16.67506 43.30079 70.14249 -20.39702 40.89949 56.61451 -22.19717 50.74157 56.94777 -24.65278 46.78174 42.11116 -23.52781 42.56507 45.0653 -26.34817 39.62027 55.75672 -52.55136 24.85837 55.11028 -56.2918 22.75122 43.57742 -41.69534 21.21772 51.80788 -61.06322 20.46477 55.11028 -56.2918 22.75122 46.87939 -42.01555 24.30765 42.74413 -26.56644 29.45068 38.35296 -22.61261 27.98652 65.87595 -60.75514 23.17816 84.64506 -75.42741 15.88411 73.12783 -80.4285 16.24642 60.92641 -76.72655 15.55209 49.46894 -64.13126 13.73066 73.41692 -83.59542 2.739815 86.25871 -78.80026 2.739806 60.09808 -77.16305 2.739844 92.70408 -62.24857 2.739825 50.07841 -62.73405 2.739882 43.58526 -40.52154 12.97423 45.95747 -36.45459 2.739942 40.25379 -20.7685 14.40701 45.77163 -17.63318 2.739982 88.8508 -30.73202 2.739893 80.40071 -6.168303 2.739954 71.94834 17.11136 2.740005 72.06872 -5.725048 32.96725 66.56427 10.70279 39.54813 68.93898 -12.82509 44.50329 68.93898 -12.82509 44.50329 72.06872 -5.725048 32.96725 66.56427 10.70279 39.54813 66.01357 4.439196 64.15303 57.17808 23.72637 44.13205 57.17808 23.72637 44.13205 58.48651 21.49408 66.60824 57.53624 33.79678 2.740054 55.79542 -18.88875 51.8821 53.75558 -13.24459 66.76128 55.79542 -18.88875 51.8821 41.73995 -19.17275 43.43442 37.2584 -8.318379 64.24345 41.73995 -19.17275 43.43442 38.93287 -16.7212 32.10227 40.25379 -20.7685 14.40701 38.35296 -22.61261 27.98652 38.93287 -16.7212 32.10227 35.00508 -4.302332 36.52802 37.06821 -0.5795727 2.740024 45.77163 -17.63318 2.739982 35.00508 -4.302332 36.52802 38.93287 -16.7212 32.10227 34.17315 10.61167 42.96291 32.91 7.060916 66.2475 34.17315 10.61167 42.96291 45.97164 31.26536 41.99295 47.65383 26.2407 44.87936 47.65383 26.2407 44.87936 48.3337 24.07551 67.65271 45.02881 37.46794 24.47041 37.32859 32.67946 2.740081 33.15294 30.85894 24.29132 36.9262 25.80276 41.67472 38.64803 20.88935 44.80292 38.64803 20.88935 44.80292 38.37357 19.17095 67.61725 32.91 7.060916 66.2475 34.17315 10.61167 42.96291 31.0395 16.65149 2.740062 71.2176 3.313908 108.455 55.07108 -16.36847 108.5849 64.99621 23.1132 108.5397 50.40955 29.89145 109.0607 35.07468 26.13138 108.6016 28.00295 11.06508 110.7334 33.48803 -9.949256 109.4597 28.00295 11.06508 110.7334 54.25181 -34.39655 196.0997 21.14529 -16.08784 197.4647 85.51514 -1.854826 199.6929 78.95683 33.88993 205.4399 59.19896 45.80576 208.7198 33.91947 45.81087 209.879 14.93392 21.36828 205.8955 14.93392 21.36828 205.8955 58.68703 -52.71236 351.8512 11.79823 -31.66791 353.9628 95.96983 -5.412922 354.4611 83.22214 35.67515 355.9158 62.89607 51.27502 357.2263 31.47912 45.04399 357.5175 9.890765 18.64439 357.4803 9.890765 18.64439 357.4803 73.41692 -83.59542 2.739815 60.09808 -77.16305 2.739844 86.25871 -78.80026 2.739806 31.0395 16.65149 2.740062 37.32859 32.67946 2.740081 57.53624 33.79678 2.740054 71.94834 17.11136 2.740005 37.06821 -0.5795727 2.740024 80.40071 -6.168303 2.739954 45.77163 -17.63318 2.739982 88.8508 -30.73202 2.739893 45.95747 -36.45459 2.739942 92.70408 -62.24857 2.739825 50.07841 -62.73405 2.739882 -9.09375e-5 -248.2587 292.9375 -9.33697e-5 -253.4006 244.0374 33.28686 -90.65922 689.2305 23.57262 -63.31767 714.4218 1.68758e-4 -67.44068 714.9056 6.63353e-5 -101.1468 689.7655 44.64047 -123.1492 645.0668 -3.73473e-6 -135.3164 644.327 -8.55401e-5 -169.8022 592.7944 -1.01048e-4 -198.9388 538.8887 70.41711 -185.9117 541.3632 57.43158 -156.5852 594.7968 -1.33444e-4 -221.3568 484.3324 79.23683 -204.9071 489.9358 147.8529 -156.7613 497.2727 132.5053 -141.7098 546.3423 59.0294 -64.40588 692.5774 40.55676 -46.02887 714.9299 84.41908 -91.01225 647.0636 109.6394 -117.5306 597.6282 178.9084 -185.8777 384.6799 163.8094 -171.9087 441.2802 88.45261 -222.3802 428.9037 96.69466 -235.2687 369.4225 -1.73253e-4 -239.6856 423.1533 -1.95726e-4 -252.4643 363.4081 23.89407 -68.39825 1057.722 31.46289 -69.07457 1062.607 40.41109 -67.74813 1063.659 47.16108 -64.97459 1061.117 51.40582 -61.68636 1055.184 53.75705 -59.49034 1048.492 98.31038 68.74185 732.273 31.20845 46.34376 713.7095 4.88174e-4 -12.57806 1179.485 -12.4925 -74.60052 985.2669 -6.243571 -78.66492 984.0633 -6.620769 -79.4086 992.4706 -13.33893 -75.03519 991.8793 -13.33893 -75.03519 991.8793 -17.73708 -65.16791 989.2736 -12.4925 -74.60052 985.2669 -8.308867 -79.62624 987.8063 -8.079044 -79.14798 998.1957 -16.42592 -74.25995 996.45 -16.88393 -74.24532 989.5296 -16.88393 -74.24532 989.5296 -16.42592 -74.25995 996.45 -21.93681 -62.57037 994.0547 -16.24858 29.77493 737.8132 -20.44714 38.26622 740.3166 -45.22811 36.40616 741.0956 -45.76923 45.14807 746.0904 -45.80437 40.63689 739.1681 -44.04949 33.34201 737.6833 -20.44714 38.26622 740.3166 -45.22811 36.40616 741.0956 -91.04221 70.82735 747.5702 -69.29424 57.02901 750.087 -62.72244 75.81556 715.9223 -105.5564 73.69821 741.2832 -91.36423 82.25597 717.6525 -16.24858 29.77493 737.8132 -21.00218 30.04574 719.9011 -76.17139 38.50893 738.407 -62.00801 39.21295 715.6272 -110.7274 49.91335 731.7552 -102.5126 56.5169 729.8224 -115.7604 63.60483 734.7363 -31.20829 46.34372 713.7095 -45.80437 40.63689 739.1681 -29.80983 64.49547 703.335 -70.10231 64.21289 675.2332 -73.94418 77.5214 675.9738 -102.5126 56.5169 729.8224 -71.61682 46.07369 727.8838 -50.05512 55.82792 688.0612 -50.05512 55.82792 688.0612 -33.34797 51.53719 701.2701 -47.84446 50.38891 682.2732 -27.22598 49.61553 697.9993 -2.350213 59.69301 696.8177 -33.34797 51.53719 701.2701 -16.76996 53.16523 706.4272 -16.76996 53.16523 706.4272 -40.78422 78.9744 670.2956 -27.22598 49.61553 697.9993 -15.79152 52.03032 727.7982 -17.5206 42.72052 743.8598 -13.51854 56.90952 711.5383 -29.80983 64.49547 703.335 -35.88832 59.95267 720.8984 -16.76996 53.16523 706.4272 -11.68688 23.92026 737.2745 -68.56349 53.43253 741.8873 -45.80437 40.63689 739.1681 -50.18843 82.15011 689.3059 -81.36178 89.794 667.8436 -100.6821 70.87576 712.7024 -88.15765 81.41462 663.8305 -94.97143 52.27456 701.7325 -77.26385 64.05143 663.8292 -87.83279 64.1247 740.8842 -98.31004 68.74189 732.2731 -71.61682 46.07369 727.8838 -19.88699 43.5064 703.6606 -73.94418 77.5214 675.9738 -70.10231 64.21289 675.2332 -6.230441 85.18441 669.1196 -40.78422 78.9744 670.2956 -6.230441 85.18441 669.1196 -9.880981 108.9145 638.2684 -49.9354 102.4725 641.7233 -14.18148 135.2638 602.1766 -64.31091 128.2037 605.4455 -49.9354 102.4725 641.7233 -9.880981 108.9145 638.2684 -19.11989 158.3836 564.3675 -77.61565 149.4212 571.5616 -64.31091 128.2037 605.4455 -14.18148 135.2638 602.1766 -19.11989 158.3836 564.3675 -25.10684 176.0141 531.3734 -90.92937 170.7288 535.8029 -77.61565 149.4212 571.5616 -40.78422 78.9744 670.2956 -49.9354 102.4725 641.7233 -9.880981 108.9145 638.2684 -6.230441 85.18441 669.1196 -27.22598 49.61553 697.9993 -40.78422 78.9744 670.2956 -49.9354 102.4725 641.7233 -64.31091 128.2037 605.4455 -14.18148 135.2638 602.1766 -9.880981 108.9145 638.2684 -64.31091 128.2037 605.4455 -77.61565 149.4212 571.5616 -19.11989 158.3836 564.3675 -14.18148 135.2638 602.1766 -90.92937 170.7288 535.8029 -25.10684 176.0141 531.3734 -19.11989 158.3836 564.3675 -77.61565 149.4212 571.5616 -19.88699 43.5064 703.6606 -68.56349 53.43253 741.8873 -50.18843 82.15011 689.3059 -87.83279 64.1247 740.8842 -25.90923 -27.19708 918.1562 -11.42014 -13.92796 940.824 -21.57583 -7.134717 944.5413 -35.65408 -15.42868 923.7593 -38.60624 0.3137406 931.4579 -27.15631 -45.74141 898.2974 -85.49129 -48.9665 873.2078 -41.62955 -64.46262 869.0277 -74.30993 -44.1468 890.0565 -26.17262 -66.18526 725.8484 -22.73704 -62.64995 735.8555 -41.38815 -49.33855 734.8487 -34.0732 -40.73201 735.1215 -42.50005 -14.23578 736.3513 -48.03082 -48.43079 727.3165 -53.56368 -24.73546 731.7974 -79.78584 53.65708 872.2543 -97.37835 56.38624 883.2518 -48.67848 56.52438 857.0262 -92.61002 51.97075 883.4969 -81.38713 -35.89749 880.4868 -82.47462 -46.20254 870.0389 -98.84822 -25.10526 891.3018 -96.22583 -33.66114 870.6448 -81.38713 -35.89749 880.4868 -98.84822 -25.10526 891.3018 -67.11495 -48.79547 862.5808 -71.05447 -39.33193 846.912 -85.31248 -29.35312 851.4427 -67.11495 -48.79547 862.5808 -69.40257 -64.49266 834.2833 -44.65657 -67.16373 830.1838 -25.27734 -74.3932 822.7397 -32.43658 -80.95191 796.0886 -25.27734 -74.3932 822.7397 -44.65657 -67.16373 830.1838 -31.30792 -62.69251 800.3883 -48.95695 -64.12083 756.9711 -24.92158 -70.84484 757.4623 -34.0732 -40.73201 735.1215 -50.15134 -46.33694 810.7013 -45.76485 -40.14805 715.4988 -54.68542 -15.59862 716.1306 -47.78789 51.77438 858.0174 -47.78789 51.77438 858.0174 -81.7677 48.09359 853.4154 -79.78584 53.65708 872.2543 -109.8336 -33.47799 864.6869 -128.6728 -28.14038 849.6927 -98.83443 -29.39988 842.2115 -118.5696 -21.73282 831.5046 -138.5619 34.97372 900.7761 -131.2269 49.45 889.3053 -154.0764 30.60151 869.3568 -117.817 56.47263 875.4581 -140.9003 48.22755 857.3566 -141.2273 30.44092 852.079 -146.8452 21.0173 855.8815 -146.8452 21.0173 855.8815 -141.2273 30.44092 852.079 -159.0405 30.41521 835.535 -37.90345 10.48666 935.3653 -28.46602 4.233648 949.0103 -29.34824 17.83528 951.9183 -46.82557 -18.71587 917.655 -25.7299 28.72032 955.3183 -36.43755 22.41179 938.201 -50.53118 -42.91395 898.2126 -40.71024 -76.30738 838.5071 -70.33882 -67.46228 836.2076 -84.6841 -26.06875 905.0527 -106.6146 -26.82027 897.2185 -85.49129 -48.9665 873.2078 -106.6146 -26.82027 897.2185 -98.84822 -25.10526 891.3018 -82.47462 -46.20254 870.0389 -70.33882 -67.46228 836.2076 -69.40257 -64.49266 834.2833 -94.2975 -6.580027 915.599 -119.6297 -8.9243 908.4222 -111.1907 -8.174481 903.0863 -119.6297 -8.9243 908.4222 -99.14842 13.53811 921.0466 -130.4131 11.75556 917.0695 -130.4131 11.75556 917.0695 -118.6244 10.90587 909.048 -99.73907 28.84934 920.3205 -127.6025 31.4894 913.269 -119.5623 30.17031 906.6534 -127.6025 31.4894 913.269 -119.4607 46.644 903.532 -87.85677 43.11684 915.0916 -119.4607 46.644 903.532 -108.6214 44.80431 897.2446 -35.50551 -85.58073 797.6936 -60.52654 -77.92208 795.751 -60.52654 -77.92208 795.751 -59.63352 -73.84607 795.1918 -49.49451 -67.19699 754.0018 -27.92244 -77.78299 755.0879 -49.49451 -67.19699 754.0018 -48.95695 -64.12083 756.9711 -22.73704 -62.64995 735.8555 -41.38815 -49.33855 734.8487 -77.51375 55.36179 902.6655 -97.37835 56.38624 883.2518 -48.67848 56.52438 857.0262 -39.63628 60.98356 888.2758 -118.6244 10.90587 909.048 -138.6704 12.37547 902.6746 -129.8686 -10.70888 896.4984 -111.1907 -8.174481 903.0863 -119.5623 30.17031 906.6534 -121.1598 -26.72929 885.0034 -59.63352 -73.84607 795.1918 -14.7979 -50.43958 734.3026 -20.41962 -56.05534 768.8518 -35.4467 -44.10167 769.7097 -34.0732 -40.73201 735.1215 -14.7979 -50.43958 734.3026 -47.05741 -14.65149 765.6713 -42.50005 -14.23578 736.3513 -76.10197 -8.527629 835.59 -67.21478 -10.63639 827.0415 -91.12556 -7.761867 826.1144 -58.32822 -14.15678 801.1765 -77.73527 14.02349 836.2275 -66.19124 19.76793 823.5886 -59.71229 14.10559 795.7148 -89.2171 13.4118 825.3589 -50.19738 5.706383 733.2821 -51.10535 6.12661 717.018 -23.57229 -63.31773 714.4219 -40.55647 -46.02897 714.9301 -22.97875 -62.30785 713.396 -66.32677 -55.58397 693.6035 -32.65482 -87.60562 687.4053 -84.73575 -21.42966 698.5958 -77.06783 11.99327 697.964 -43.70578 8.12761 735.6814 -49.17087 8.980203 761.5216 -43.70578 8.12761 735.6814 -36.97688 17.66404 737.0249 -11.68688 23.92026 737.2745 -16.24858 29.77493 737.8132 -40.44538 22.28401 735.2578 -21.00218 30.04574 719.9011 -40.12571 23.06859 719.4802 -11.68688 23.92026 737.2745 -31.92009 23.73559 758.1859 -43.70578 8.12761 735.6814 -49.17087 8.980203 761.5216 -36.97688 17.66404 737.0249 -56.63234 36.07463 698.5461 -28.44244 45.67962 696.0932 -77.71432 36.30762 842.8738 -45.76251 44.28599 832.4995 -66.19124 19.76793 823.5886 -77.73527 14.02349 836.2275 -95.71754 41.58987 834.0765 -89.2171 13.4118 825.3589 -37.91611 31.99036 791.9493 -59.71229 14.10559 795.7148 -106.1562 57.15288 855.786 -92.61002 51.97075 883.4969 -108.6214 44.80431 897.2446 -138.8505 -20.08398 866.3671 -149.9364 -8.236172 871.9552 -110.3536 -5.039129 824.0803 -108.9622 12.61553 821.4425 -108.9622 12.61553 821.4425 -117.2142 35.3271 830.2095 -154.3932 9.565429 875.1051 -128.0732 46.28578 843.4186 -140.0868 -9.430825 853.8225 -127.8414 -13.86057 842.2721 -144.6454 6.86036 857.9258 -161.2795 12.40315 839.1505 -156.2923 -3.03759 834.2383 -140.0868 -9.430825 853.8225 -127.8414 -13.86057 842.2721 -145.7029 -7.585032 823.4338 -122.2082 0.6336051 830.4807 -122.2082 0.6336051 830.4807 -137.5502 4.527671 814.6677 -119.9973 13.56958 829.87 -137.9196 21.45987 813.6694 -119.9973 13.56958 829.87 -119.9973 13.56958 829.87 -125.0367 30.2125 831.518 -125.0367 30.2125 831.518 -119.9973 13.56958 829.87 -137.9196 21.45987 813.6694 -142.6424 34.82734 818.7065 -133.2463 38.63216 840.8491 -150.6122 39.06233 825.9099 -133.2463 38.63216 840.8491 -144.6454 6.86036 857.9258 -47.98307 -130.3774 625.3932 -107.8538 -87.23291 632.1462 -142.5914 -34.60902 638.5296 -133.3488 20.87925 633.5458 -51.6785 95.26863 637.7086 -98.13226 65.54122 635.307 -60.64407 -158.1188 574.4091 -83.25161 -204.1721 449.6124 -73.96391 -186.1625 511.0005 -93.3026 -219.7252 366.7006 -135.6844 -109.4116 576.4778 -163.7097 -128.9773 514.6239 -183.8795 -140.3943 457.4753 -203.149 -150.6288 387.5042 -101.6503 -231.4046 297.3315 -220.9767 -158.3931 319.413 -236.5043 -163.5316 256.9101 -107.7316 -239.0037 246.422 -180.2957 -47.67979 582.6486 -236.3609 -68.04696 467.9667 -214.8082 -59.79618 522.2078 -255.4608 -73.33631 406.558 -289.9751 -83.60594 262.0045 -273.4363 -78.53605 338.2962 -168.1519 25.89566 578.8564 -219.8354 28.89717 463.9052 -201.1299 29.03653 516.5258 -239.7282 31.26805 409.4819 -259.6191 32.97259 341.6682 -277.4921 33.56444 261.8363 -124.4664 86.65441 578.6978 -151.3892 107.194 516.5295 -172.3882 122.1052 456.8609 -189.4743 132.3327 400.3688 -207.2908 143.8194 332.8124 -223.8595 155.5033 259.4473 -68.83638 131.5812 579.4239 -84.33188 163.3797 518.2902 -96.06992 186.3472 456.2131 -106.6674 200.7838 392.981 -115.7014 215.9628 324.411 -122.1871 230.4065 257.0736 -34.0732 -40.73201 735.1215 -41.38815 -49.33855 734.8487 -249.6125 3.331041 717.9434 -254.5025 -6.841151 725.1282 -264.9668 0.4169332 706.2487 -268.8511 -9.3616 713.1019 -281.2043 -15.42218 713.5228 -288.4698 -0.9747671 713.559 -298.2212 -26.27654 699.3873 -274.4821 -18.56564 706.3847 -285.9535 -33.75803 695.2043 -287.334 11.65379 709.8712 -307.5883 -5.115551 697.2963 -306.011 11.41719 693.264 -269.5067 11.46291 691.9264 -279.49 17.79724 683.0024 -275.4321 23.99128 699.5859 -298.6421 23.43499 676.8867 -270.3981 -9.218588 695.749 -278.8091 -4.028163 682.5228 -274.4821 -18.56564 706.3847 -279.3401 -29.62364 684.6472 -282.994 -23.66488 676.7615 -285.9535 -33.75803 695.2043 -319.1652 -34.19864 680.9755 -295.6277 -45.87196 683.4095 -309.4706 -39.88128 683.6111 -299.0392 -25.62171 673.5492 -302.1268 -36.2514 669.8712 -313.3123 -35.63889 675.6042 -313.6386 -45.29657 668.3254 -308.5867 -45.09155 662.7706 -319.3513 -25.17258 666.2007 -297.9894 -8.672976 675.2622 -313.3123 -35.63889 675.6042 -330.2454 -26.07752 675.5216 -326.6842 -37.94701 673.1838 -331.9731 -2.086597 671.5812 -348.6314 -7.965724 650.7991 -296.6556 10.29058 671.2177 -320.4636 2.191739 661.6929 -320.1635 -37.49792 670.2664 -319.3513 -25.17258 666.2007 -320.1635 -37.49792 670.2664 -339.2308 -46.64904 650.4478 -341.3507 -35.85686 647.2515 -350.6759 -53.29644 632.6283 -357.0482 -53.15421 634.2855 -357.5686 -54.42187 627.2972 -346.449 12.37956 635.705 -342.987 12.35934 633.1256 -348.8496 10.55598 631.8948 -324.0948 -55.54808 654.8315 -322.1335 -56.02085 651.5647 -325.4143 -60.44348 651.2135 -318.8635 -58.19901 648.9775 -314.872 -60.19765 651.1709 -320.152 -63.58437 648.4993 -182.0274 -2.885009 805.2119 -168.6976 -4.809129 793.2466 -189.5682 10.99981 811.6552 -188.0486 31.30257 809.0431 -177.4325 41.38104 799.8686 -166.1342 37.57759 790.8333 -160.1264 23.58489 784.9799 -160.4049 7.800359 785.5148 -160.1264 23.58489 784.9799 -200.9785 -7.995686 764.558 -176.7679 -5.605773 786.0745 -189.8477 -3.695748 797.6401 -213.3088 -6.127944 774.925 -197.0056 10.3753 803.5377 -219.3179 8.501765 779.1854 -218.4833 25.97187 777.1134 -195.6573 29.9699 801.0608 -211.2444 36.48914 769.1606 -185.8855 40.15807 792.1915 -200.3751 32.79695 759.9891 -174.6945 36.38243 783.1223 -194.6593 21.49853 756.0452 -168.7597 23.0633 777.7461 -194.6593 21.49853 756.0452 -168.7597 23.0633 777.7461 -168.8083 7.718599 778.1536 -194.0185 7.473326 756.0699 -261.1456 -5.660391 731.843 -265.5871 4.515183 733.7469 -265.132 15.59517 731.3629 -278.9133 3.286802 720.4932 -274.1497 -8.463964 718.8755 -274.1497 -8.463964 718.8755 -278.9133 3.286802 720.4932 -268.8511 -9.3616 713.1019 -278.0735 14.3093 717.1759 -278.0735 14.3093 717.1759 -248.3255 13.74289 716.2729 -259.4104 25.21291 725.2 -253.8924 25.67337 720.1469 -248.3255 13.74289 716.2729 -273.8806 22.58447 710.6047 -269.0914 23.04348 707.4552 -264.8534 11.06923 703.0186 -264.8534 11.06923 703.0186 -273.8806 22.58447 710.6047 -279.4842 23.44514 702.8568 -269.0914 23.04348 707.4552 -275.4321 23.99128 699.5859 -264.8534 11.06923 703.0186 -269.0914 23.04348 707.4552 -264.9668 0.4169332 706.2487 -303.6414 23.29333 683.6845 -298.6421 23.43499 676.8867 -289.0585 -42.39148 676.4552 -295.6277 -45.87196 683.4095 -291.9194 -37.24969 670.5201 -304.117 -52.98454 664.3161 -308.2996 -54.8091 669.4089 -305.1035 -48.56963 661.455 -308.2996 -54.8091 669.4089 -314.4343 -50.50576 671.0272 -313.6386 -45.29657 668.3254 -348.9582 -29.29387 653.6812 -320.1635 -37.49792 670.2664 -327.2933 17.14624 664.5638 -342.0318 13.95101 643.2625 -321.9172 17.69722 661.0701 -338.4309 12.54898 638.8493 -321.9172 17.69722 661.0701 -342.7618 -9.816729 642.5435 -338.4309 12.54898 638.8493 -326.6842 -37.94701 673.1838 -343.8358 -45.77896 654.7905 -360.4247 -10.90748 633.0522 -363.2552 -34.35847 632.1512 -354.4363 -41.59739 628.5688 -356.0296 -13.20075 625.6486 -342.987 12.35934 633.1256 -360.4446 -45.39281 624.5853 -360.2655 -42.25557 632.3226 -360.4446 -45.39281 624.5853 -363.0629 -12.47503 624.4951 -348.8496 10.55598 631.8948 -363.0629 -12.47503 624.4951 -324.5109 -60.27443 656.7599 -319.1314 -63.55254 654.2892 -308.2996 -54.8091 669.4089 -314.4343 -50.50576 671.0272 -304.117 -52.98454 664.3161 -313.6386 -45.29657 668.3254 -325.344 -62.69555 652.5357 -321.9472 -65.07531 650.7214 -320.152 -63.58437 648.4993 -325.4143 -60.44348 651.2135 -322.1335 -56.02085 651.5647 -308.5867 -45.09155 662.7706 -308.5867 -45.09155 662.7706 -305.1035 -48.56963 661.455 -268.8511 -9.3616 713.1019 -347.0292 -34.43877 653.3473 -357.6009 -34.00078 627.6409 -343.2234 -30.5968 647.0087 -364.3855 -33.44763 623.2816 -364.3855 -33.44763 623.2816 -330.2454 -26.07752 675.5216 -344.1899 -35.14782 650.2993 -357.3509 -40.99843 630.4459 -324.7984 -25.62505 670.8612 -324.7984 -25.62505 670.8612 -346.0908 -29.94534 650.3448 -360.428 -34.17963 629.8961 -341.3507 -35.85686 647.2515 -354.4363 -41.59739 628.5688 -319.3513 -25.17258 666.2007 -346.0908 -29.94534 650.3448 -324.7984 -25.62505 670.8612 -360.428 -34.17963 629.8961 -33.34797 51.53719 701.2701 -98.31004 68.74189 732.2731 -73.94418 77.5214 675.9738 -47.54453 -15.80856 1208.25 -39.73339 -16.92751 1194.703 -37.82982 -1.466435 1188.593 -41.59586 1.819454 1194.61 -33.2817 -14.13278 1199.304 -40.64426 -0.8147477 1199.963 -46.76134 7.556699 1218.075 -46.62151 -15.66854 1218.53 -23.99341 -2.896407 1198.583 -54.84126 -13.78347 1213.408 -51.15091 1.156848 1207.111 -53.90825 -14.15789 1203.808 -6.087809 1.159044 1188.803 -9.516204 2.393598 1179.57 -20.24846 5.758657 1196.062 -16.77653 -5.599451 1183.692 -20.24846 5.758657 1196.062 -9.516204 2.393598 1179.57 -43.31898 17.47095 1193.194 -46.54337 20.67644 1205.934 -7.257853 -5.558146 1190.517 -8.953965 -15.09724 1186.88 -18.96773 -17.83298 1190.151 -19.13597 -17.05928 1185.074 -10.23222 -13.28167 1179.33 -8.953965 -15.09724 1186.88 -19.13597 -17.05928 1185.074 -10.23222 -13.28167 1179.33 -39.73339 -16.92751 1194.703 -41.5391 -16.35391 1187.359 -19.6208 -11.09198 1178.542 -40.15719 -4.164257 1184.387 -33.2817 -14.13278 1199.304 -31.93396 -18.19334 1208.591 -19.13597 -17.05928 1185.074 -19.13597 -17.05928 1185.074 -16.77653 -5.599451 1183.692 -47.54453 -15.80856 1208.25 -47.54453 -15.80856 1208.25 -31.97789 12.90089 1179.817 -9.516204 2.393598 1179.57 -43.31898 17.47095 1193.194 -46.54337 20.67644 1205.934 -39.86192 19.05917 1214.371 -31.97789 12.90089 1179.817 -9.516204 2.393598 1179.57 -39.86192 19.05917 1214.371 -44.61591 -3.362049 928.4833 -27.59575 -79.675 1086.112 -27.59965 -77.57673 1077.478 -14.9959 -84.29491 1083.205 -59.28125 -60.70967 1080.202 -61.30945 -57.47552 1086.355 -64.52627 -48.40401 1069.108 -17.43127 -83.91975 1100.273 -30.26348 -79.66652 1098.589 -8.592137 -89.50961 1155.575 -67.37537 -36.84682 1077.735 -68.70137 -29.42151 1088.703 -67.34431 -19.70666 1056.719 -66.18279 -25.98769 1051.113 -68.70137 -29.42151 1088.703 -73.29228 -45.88505 1093.93 -80.54569 -14.27741 1078.977 -67.34431 -19.70666 1056.719 -5.943464 -95.96685 1022.43 -7.746078 -84.5547 1031.311 -11.41921 -85.06085 1022.303 -16.82631 -78.19006 1031.858 -10.32862 -92.54048 1020.063 -29.10596 -77.80647 1026.657 -24.84755 -80.6018 1015.289 -12.76639 -87.19154 1016.884 -9.000987 -90.62895 1015.372 -4.672733 -88.83334 1013.945 -5.373416 -94.90755 1016.552 -62.94723 13.4861 1017.142 -61.99432 3.992944 1016.171 -68.0396 8.875814 1038.242 -68.25234 21.85069 1023.897 -57.61696 21.12595 1023.604 -72.09607 24.0664 1042.185 -72.09607 24.0664 1042.185 -48.01397 37.48474 1019.921 -60.94243 28.80572 1040.331 -6.543664 -100.1417 1178.006 -20.10596 -109.6716 1171.562 -21.70491 -104.9547 1198.132 -7.698483 -89.9724 1191.273 -34.85081 -107.3592 1189.017 -21.98347 -81.72211 1204.699 -9.488891 -64.78105 1191.562 -35.03623 -83.14794 1204.001 -52.03217 -101.5318 1157.024 -49.18554 -81.00794 1190.847 -68.88722 -65.30775 1158.514 -89.11974 -12.39612 1082.434 -85.91453 5.268641 1073.387 -79.45077 -5.148554 1061.102 -66.97546 -6.107561 1041.124 -68.0396 8.875814 1038.242 -80.481 20.4779 1052.762 -85.17094 20.03157 1062.946 -95.42009 32.64905 1069.94 -93.50616 26.59742 1051.492 -80.481 20.4779 1052.762 -85.17094 20.03157 1062.946 -95.71817 22.87939 1083.965 -93.43307 38.94788 1059.494 -93.43307 38.94788 1059.494 -95.54618 -5.250025 1094.045 -87.47424 66.06484 1074.994 -69.81614 20.7107 1013.662 -85.36201 24.94499 1016.973 -97.4201 10.00631 988.8727 -74.03065 5.181751 993.1968 -61.08457 -36.80236 1171.207 -38.65718 -38.37532 1190.788 -17.76897 -36.48983 1188.498 -10.23222 -13.28167 1179.33 -72.08236 3.125223 1154.503 -89.74596 11.2283 1117.776 -86.4054 -32.02576 1136.68 -47.09361 -3.909357 1172.34 -19.6208 -11.09198 1178.542 -36.32945 41.57655 1172.509 -92.71815 73.65326 1043.761 -100.8561 50.57613 1048.084 -121.1879 47.57232 957.8633 -111.5393 56.74242 1015.19 -109.2934 78.06081 1010.436 -103.3781 -19.62097 968.0699 -113.5294 -7.82039 961.2524 -97.37984 -39.48666 932.1318 -76.75784 -49.65807 947.3716 -78.33099 -23.62331 975.057 -50.53118 -42.91395 898.2126 -53.45643 -54.62833 908.824 -60.10693 -63.22422 868.8148 -67.41397 -62.71854 910.8323 -78.4826 -55.89551 904.4722 -74.30993 -44.1468 890.0565 -87.85677 43.11684 915.0916 -99.73907 28.84934 920.3205 -105.6638 49.9453 928.4895 -88.22739 55.41373 919.5376 -112.0773 78.53311 940.9622 -111.9837 93.54745 960.5483 -101.0799 96.76594 1000.955 -92.71815 73.65326 1043.761 -102.8419 110.6195 907.5121 -99.74603 84.78497 933.9397 -96.41225 99.77119 955.116 -103.9414 77.69939 893.8555 -88.22739 55.41373 919.5376 -87.85677 43.11684 915.0916 -77.51375 55.36179 902.6655 -87.09837 60.69471 898.1154 -70.54654 96.99207 1071.07 -72.97945 96.60025 1014.728 -81.48486 114.869 959.5753 -91.67346 131.3948 916.8954 -101.5589 65.19971 873.0214 -51.0563 148.6041 918.536 -102.3159 154.8851 852.162 -53.841 177.1255 857.8454 -118.6896 114.2891 844.2675 -111.7364 73.68586 834.3342 -84.02222 57.76993 870.8577 -98.91714 148.7274 799.8411 -53.27692 169.5878 795.8857 -58.68967 131.1608 758.7859 -87.3054 113.4424 767.3852 -108.346 105.5655 795.9481 -40.86375 73.72546 758.1706 -39.20653 48.10649 789.4705 -78.54693 57.81157 786.5473 -50.83026 101.4022 756.6448 -79.2592 87.64249 765.1083 -24.71278 103.5419 745.868 -19.52038 -68.20297 1049.837 -18.70882 -69.17719 1048.754 -21.82769 -70.61798 1060.089 -22.8603 -69.50808 1058.906 -30.38046 -71.02284 1067.502 -30.92105 -70.04869 1065.055 -12.74465 -73.66769 1047.887 -17.44387 -75.5917 1065.815 -20.79506 -71.72791 1061.273 -17.89726 -70.1514 1047.67 -29.83981 -71.99706 1069.949 -20.33193 -67.22878 1050.92 -19.8558 -63.593 1043.411 -41.4824 -69.2124 1068.922 -40.94611 -68.48024 1066.291 -43.35083 -71.79594 1078.517 -42.01862 -69.94462 1071.553 -49.53477 -64.81256 1064.532 -48.3473 -64.89355 1062.825 -56.02447 -63.03756 1073.734 -50.72218 -64.73163 1066.24 -53.81839 -60.59944 1056.661 -52.61154 -61.14287 1055.922 -61.23756 -53.76497 1062.444 -55.0252 -60.05603 1057.399 -55.54883 -57.87481 1048.805 -54.65242 -58.68256 1048.649 -61.71579 -46.70499 1043.719 -56.44522 -57.06709 1048.962 -56.81417 -56.99474 1042.437 -52.49227 -59.70658 1042.814 -54.14287 -61.79383 1039.007 -51.20398 -60.0264 1041.821 -58.91674 -57.44092 1028.151 -47.20479 -66.84794 1037.555 -45.44976 -64.45669 1040.854 -52.10593 -68.41797 1024.016 -20.59736 -69.973 1040.917 -21.26955 -63.80809 1041.432 -29.63511 -66.8688 1040.108 -29.56645 -70.52039 1037.658 -38.55956 -67.04457 1040.13 -39.222 -69.66195 1037.221 -40.87846 -74.73478 1023.573 -10.44691 -79.54543 1067.75 -6.785936 -76.88753 1047.987 -44.98324 -71.41483 1085.532 -64.53348 -37.12465 1044.115 -47.85376 -70.30267 1093.918 -18.8575 -79.65282 1117.952 -32.24012 -76.42412 1111.679 -49.27049 -66.97145 1103.471 -62.2171 -53.07024 1092.516 -24.99362 -70.49215 1133.181 -48.96619 -62.97458 1113.009 -31.81815 -88.19792 1131.156 -56.16296 -72.45715 1112.442 -48.96619 -62.97458 1113.009 -24.99362 -70.49215 1133.181 -63.10021 -48.17183 1099.255 -63.10021 -48.17183 1099.255 -13.7376 -82.78698 1017.247 -38.25621 -75.80027 1006.097 -50.73431 -65.43249 1008.122 -60.28429 -50.27172 1016.518 -65.56418 -12.41433 1029.122 -64.53526 -25.96609 1017.574 -57.55595 -43.82847 1003.302 -66.97546 -6.107561 1041.124 -12.39644 -83.31347 1012.373 -21.14452 -82.27957 1003.686 -27.03823 -78.96654 997.4871 -9.004357 -85.20722 1011.124 -11.46032 -84.8432 1004.769 -4.347405 -85.47775 1011.241 -4.14254 -86.56208 1005.3 -5.337712 -89.26758 998.6525 -11.29655 -86.88162 996.804 -5.407046 -86.24861 994.4631 -10.54501 -84.9383 994.3845 -16.32868 -83.19727 994.4025 -20.2824 -79.58633 994.0222 -15.31699 -82.16775 993.5885 -27.36285 -75.11693 990.6443 -20.94168 -77.63467 992.2952 -18.00228 -78.12812 992.4592 -36.51593 -69.12202 991.6935 -3.888522 -83.29424 992.549 -9.219291 -81.47639 993.5429 -14.59067 -79.4915 993.0822 -3.891268 -82.85132 992.6757 -4.771163 -84.85011 989.9279 -10.54384 -83.28884 990.6944 -9.230596 -81.05466 993.6407 -14.71889 -81.04202 991.3353 -14.59029 -79.41992 993.1343 -18.64128 -77.7999 989.8849 -22.60446 -74.3413 985.4904 -29.52557 -67.43565 981.651 -8.396664 -83.34771 986.5191 -15.20138 -80.18678 988.7422 -16.61749 -75.4787 982.4889 -18.47606 -72.49571 974.1324 -8.666691 -77.67333 980.7742 -9.388879 -77.67669 970.7648 -47.52146 -60.16998 994.4889 -36.8772 -53.35075 977.9324 -49.56683 -35.84671 986.4025 -9.763806 -73.56521 961.4407 -20.41327 -66.46448 967.5101 -14.63734 -56.79594 960.1905 -28.96756 -40.9907 967.9664 -37.56596 -26.08572 975.8787 -18.63474 -16.23289 964.4307 -10.01929 -22.25725 960.9792 -26.11696 -5.364687 969.4967 -58.84065 -13.3224 1000.24 -50.97986 -2.683631 991.5537 -31.82859 12.27087 976.5099 -59.47862 9.665782 1012.159 -51.30727 20.42035 1010.809 -29.50295 36.67173 988.5627 -11.42014 -13.92796 940.824 -21.57583 -7.134717 944.5413 -28.46602 4.233648 949.0103 -29.34824 17.83528 951.9183 -25.7299 28.72032 955.3183 -48.01397 37.48474 1019.921 -60.94243 28.80572 1040.331 -51.63531 36.56618 1004.923 -48.18355 20.23297 983.644 -29.50295 36.67173 988.5627 -42.85936 -102.2137 1145.042 -65.77752 -76.67384 1119.25 -84.57764 -47.291 1100.056 -74.31649 -74.22395 1131.261 -91.08193 -43.05705 1113.101 -72.09607 24.0664 1042.185 -77.87862 24.12246 1042.034 -78.0743 55.16568 1115.842 -77.87862 24.12246 1042.034 -104.8596 31.17995 1023.949 -113.9848 19.15647 984.6961 -44.61591 -3.362049 928.4833 -37.90345 10.48666 935.3653 -45.0218 5.023311 960.0983 -52.78428 -28.85073 940.7582 -114.724 17.11012 942.1144 -65.24855 47.72296 1148.685 -9.516204 2.393598 1179.57 -109.314 -6.963734 929.2395 -93.14984 -25.55715 911.5681 -94.2975 -6.580027 915.599 -99.14842 13.53811 921.0466 -46.82557 -18.71587 917.655 -99.74603 84.78497 933.9397 -96.41225 99.77119 955.116 -101.0799 96.76594 1000.955 -36.3194 89.82838 1145.256 -60.62779 82.88094 1132.68 -66.84148 90.40128 1109.719 -39.21637 110.9744 1107.873 -40.58646 115.503 1066.615 -41.74117 114.1825 1013.401 -44.85255 128.9669 963.4772 -99.00832 76.22267 790.5568 -88.81331 51.631 831.7433 -45.31348 49.78154 830.9713 -43.24967 59.66084 869.488 -39.63628 60.98356 888.2758 -30.45828 139.4352 752.475 -24.71278 103.5419 745.868 -50.83026 101.4022 756.6448 -79.2592 87.64249 765.1083 -25.7299 28.72032 955.3183 -3.771803 -72.28761 997.7592 -3.888522 -83.29424 992.549 -9.219291 -81.47639 993.5429 -9.098852 -71.45311 998.6927 -14.59067 -79.4915 993.0822 -14.78102 -70.7803 997.5672 -18.00228 -78.12812 992.4592 -18.35584 -70.40672 992.4894 -3.777601 -71.24478 985.4748 -3.891268 -82.85132 992.6757 -9.016237 -70.32736 986.4215 -9.230596 -81.05466 993.6407 -14.51848 -69.7194 987.295 -14.59029 -79.41992 993.1343 -8.734008 -58.27473 991.0297 -14.37953 -59.17307 991.4467 -14.47372 -61.12581 985.4087 -8.793243 -60.3154 983.7404 -3.541681 -58.33282 991.0199 -3.56801 -60.39448 983.7253 -14.40617 -61.42139 997.59 -18.27914 -62.67189 992.2233 -8.718236 -60.50191 998.4406 -3.535521 -60.55268 998.4403 -25.17389 -68.36416 1056.883 -32.95995 -36.52895 1045.843 -21.2922 -66.09792 1050.536 -31.70562 -68.39825 1061.215 -39.98863 -67.36274 1061.653 -45.95492 -64.87398 1059.012 -49.79414 -62.40834 1054.092 -52.17276 -60.52223 1048.361 -84.6841 -26.06875 905.0527 -52.25731 -70.51085 1067.11 -47.47614 -70.14845 1064.791 -48.45127 -68.80499 1062.521 -44.67997 -70.56388 1064.231 -47.15989 -64.97448 1061.117 -40.40989 -67.74803 1063.659 -48.63688 -69.99541 1062.388 -47.2704 -69.31107 1060.705 -44.61431 -70.25466 1061.734 -31.85154 -71.72456 1062.37 -31.46171 -69.07447 1062.607 -41.10751 -71.22499 1064.006 -24.3516 -71.07914 1057.385 -23.89293 -68.39816 1057.722 -19.8558 -63.593 1043.411 -20.8381 -69.0291 1050.633 -21.2922 -66.09792 1050.536 -20.33193 -67.22878 1050.92 -39.98863 -67.36274 1061.653 -31.70562 -68.39825 1061.215 -45.95492 -64.87398 1059.012 -25.17389 -68.36416 1056.883 -58.31103 -67.60526 1062.74 -51.925 -68.62695 1060.668 -53.70035 -65.49831 1057.434 -51.40472 -61.68628 1055.184 -53.93301 -66.87849 1057.321 -52.06263 -65.38303 1054.943 -49.34072 -68.01764 1058.643 -49.79414 -62.40834 1054.092 -61.16605 -63.97483 1057.934 -55.85387 -65.51181 1055.645 -56.87273 -63.11596 1053.679 -53.75602 -59.49028 1048.492 -57.56531 -64.24319 1053.49 -54.71872 -62.49126 1048.611 -54.13391 -64.33708 1051.855 -52.17276 -60.52223 1048.361 -52.49227 -59.70658 1042.814 -54.65191 -49.96909 1049.968 -53.35741 -57.19078 1046.986 -53.34605 -57.78705 1049.975 -53.35694 -55.49277 1044.455 -53.37671 -51.45324 1042.495 -53.23248 -55.49789 1055.498 -53.09176 -51.47387 1057.468 -53.3029 -57.19175 1052.966 -49.21809 -63.32698 1044.421 -49.21247 -64.42874 1049.945 -49.1768 -60.18951 1039.743 -49.07621 -52.7245 1036.081 -48.81374 -52.73672 1063.841 -49.04345 -60.18962 1060.165 -49.15358 -63.32708 1055.474 -42.82172 -67.42797 1042.694 -42.83612 -68.86751 1049.913 -42.76314 -63.32867 1036.58 -42.617 -53.57517 1031.713 -42.6835 -63.32883 1063.269 -42.42797 -53.57649 1068.093 -42.79179 -67.42808 1057.138 -35.19532 -70.42747 1049.884 -35.17132 -68.86934 1042.068 -35.11463 -64.43228 1035.449 -34.97677 -53.87527 1029.984 -35.1041 -64.43246 1064.342 -34.89015 -53.87544 1069.564 -35.18012 -68.86942 1057.705 -27.50518 -68.87115 1049.861 -27.48304 -67.43166 1042.639 -27.43508 -63.33236 1036.522 -27.32103 -53.57894 1031.715 -27.45888 -63.33251 1063.219 -27.32239 -53.57914 1068.044 -27.49716 -67.43172 1057.088 -20.94389 -63.33373 1044.319 -20.95498 -64.43497 1049.846 -20.91065 -60.19625 1039.637 -20.83589 -52.7313 1035.969 -20.93404 -60.19637 1060.072 -20.87076 -52.73147 1063.765 -20.95642 -63.33379 1055.379 -16.5792 -57.19907 1046.857 -16.58742 -57.79535 1049.849 -16.56348 -55.50109 1044.322 -16.53039 -51.46107 1042.337 -16.57703 -55.50113 1055.382 -16.54928 -51.46115 1057.38 -16.58657 -57.19912 1052.842 -15.02212 -49.96233 1049.858 -79.22588 -33.00298 24.40284 -72.64955 -34.33634 30.98251 -76.03881 -17.75352 28.80361 -70.14433 -20.39695 40.89974 -46.88129 -42.01548 24.30782 -42.74601 -26.56638 29.45083 -50.72009 -40.85829 31.29102 -45.06713 -26.34811 39.62043 -80.55502 -68.88105 22.04481 -78.13932 -53.1832 22.38775 -85.41013 -56.35824 20.82787 -65.87784 -60.75507 23.17839 -70.04179 -72.16302 22.53654 -58.77608 -67.60423 21.79236 -59.80251 34.7062 23.28437 -73.07802 15.96669 16.76865 -69.97754 13.42928 34.25507 -58.75264 28.6793 40.34518 -32.94941 -3.056364 34.23156 -28.34176 18.43308 23.19028 -30.82972 13.04454 39.36568 -34.37749 -3.656809 19.82309 -60.77294 -39.18187 34.55366 -56.94958 -24.65272 46.78194 -75.40401 -49.0166 24.60509 -64.71358 -53.33398 25.83135 -78.13932 -53.1832 22.38775 -83.54011 -32.36798 21.53798 -79.22588 -33.00298 24.40284 -76.03881 -17.75352 28.80361 -78.09194 -10.35927 26.03193 -87.85789 -31.61626 13.51697 -90.98524 -59.90022 13.64476 -81.03969 -6.860115 14.03678 -70.14433 -20.39695 40.89974 -71.70861 -16.67499 43.30104 -56.94958 -24.65272 46.78194 -56.61632 -22.1971 50.74177 -45.06713 -26.34811 39.62043 -42.11299 -23.52774 42.56522 -55.75861 -52.5513 24.85857 -55.11217 -56.29173 22.75141 -43.57932 -41.69527 21.21788 -46.88129 -42.01548 24.30782 -55.11217 -56.29173 22.75141 -51.80979 -61.06316 20.46495 -38.35485 -22.61255 27.98666 -42.74601 -26.56638 29.45083 -65.87784 -60.75507 23.17839 -84.64699 -75.42732 15.88441 -73.12975 -80.42844 16.24668 -60.92834 -76.72649 15.5523 -49.47086 -64.1312 13.73084 -86.26068 -78.80018 2.740113 -73.41889 -83.59535 2.740079 -60.10005 -77.16298 2.740065 -92.70605 -62.24849 2.740155 -50.08038 -62.73398 2.740072 -43.58718 -40.52148 12.97439 -45.95943 -36.45452 2.740114 -40.25572 -20.76844 14.40716 -45.7736 -17.63312 2.740151 -88.85277 -30.73194 2.740207 -80.40265 -6.168232 2.740239 -71.95028 17.11142 2.740266 -72.07058 -5.724982 32.9675 -66.5661 10.70285 39.54837 -68.94081 -12.82503 44.50353 -68.94081 -12.82503 44.50353 -66.01533 4.439256 64.15315 -66.5661 10.70285 39.54837 -72.07058 -5.724982 32.9675 -57.17989 23.72642 44.13225 -57.17989 23.72642 44.13225 -58.48826 21.49414 66.60834 -57.53818 33.79684 2.740269 -55.79722 -18.88869 51.88229 -55.79722 -18.88869 51.88229 -53.75733 -13.24452 66.76136 -41.74178 -19.17269 43.43457 -41.74178 -19.17269 43.43457 -37.26016 -8.318316 64.24348 -38.93474 -16.72114 32.10241 -38.35485 -22.61255 27.98666 -40.25572 -20.76844 14.40716 -35.00694 -4.302274 36.52815 -38.93474 -16.72114 32.10241 -45.7736 -17.63312 2.740151 -37.07017 -0.579511 2.740166 -35.00694 -4.302274 36.52815 -38.93474 -16.72114 32.10241 -34.17497 10.61172 42.96304 -34.17497 10.61172 42.96304 -32.91175 7.06098 66.24751 -47.65564 26.24075 44.87954 -45.97346 31.26541 41.99313 -48.33545 24.07557 67.65277 -47.65564 26.24075 44.87954 -45.03069 37.46799 24.47058 -37.33054 32.67952 2.740228 -33.15482 30.85899 24.29145 -36.92802 25.80281 41.67486 -38.64985 20.8894 44.80307 -38.64985 20.8894 44.80307 -38.37533 19.17101 67.61729 -32.91175 7.06098 66.24751 -34.17497 10.61172 42.96304 -31.04146 16.65154 2.740186 -55.0727 -16.36841 108.5849 -71.21922 3.313962 108.4552 -64.99783 23.11326 108.5398 -50.41117 29.89151 109.0607 -35.07631 26.13144 108.6016 -28.00457 11.06514 110.7334 -33.48965 -9.949198 109.4597 -28.00457 11.06514 110.7334 -54.25315 -34.3965 196.0998 -21.14663 -16.0878 197.4646 -85.51646 -1.854784 199.693 -78.95814 33.88997 205.44 -59.20026 45.80581 208.7199 -33.92077 45.81092 209.879 -14.93524 21.36833 205.8954 -14.93524 21.36833 205.8954 -11.79907 -31.66789 353.9626 -58.68786 -52.71232 351.8512 -95.97066 -5.4129 354.4612 -83.22296 35.67517 355.9159 -62.89689 51.27504 357.2264 -31.47996 45.04401 357.5175 -9.891597 18.64442 357.4802 -9.891597 18.64442 357.4802 -73.41889 -83.59535 2.740079 -86.26068 -78.80018 2.740113 -60.10005 -77.16298 2.740065 -31.04146 16.65154 2.740186 -57.53818 33.79684 2.740269 -37.33054 32.67952 2.740228 -37.07017 -0.579511 2.740166 -71.95028 17.11142 2.740266 -45.7736 -17.63312 2.740151 -80.40265 -6.168232 2.740239 -88.85277 -30.73194 2.740207 -45.95943 -36.45452 2.740114 -50.08038 -62.73398 2.740072 -92.70605 -62.24849 2.740155 -33.28675 -90.65929 689.2305 -23.57229 -63.31773 714.4219 -44.64048 -123.1492 645.0669 -57.43176 -156.5853 594.797 -70.41734 -185.9117 541.3634 -79.23712 -204.9071 489.9362 -132.5055 -141.7098 546.3426 -147.8532 -156.7614 497.2731 -59.0293 -64.40599 692.5775 -40.55647 -46.02897 714.9301 -84.4191 -91.01234 647.0638 -109.6396 -117.5306 597.6283 -178.9089 -185.8778 384.6807 -96.69508 -235.2686 369.4232 -88.45296 -222.3801 428.9042 -163.8098 -171.9087 441.2807 -23.89293 -68.39816 1057.722 -31.46171 -69.07447 1062.607 -40.40989 -67.74803 1063.659 -47.15989 -64.97448 1061.117 -51.40472 -61.68628 1055.184 -53.75602 -59.49028 1048.492 -98.31004 68.74189 732.2731 -31.20829 46.34372 713.7095 236.5041 -163.5315 256.9099 107.7314 -239.0039 246.4217 -4.63995e-4 -9.50853 329.7541 289.9749 -83.60578 262.0045 277.492 33.56459 261.8365 223.8593 155.5033 259.4475 122.1869 230.4064 257.0738 -3.12328e-5 253.6082 260.3884 -9.33697e-5 -253.4006 244.0374 -107.7316 -239.0037 246.422 -236.5043 -163.5316 256.9101 -289.9751 -83.60594 262.0045 -277.4921 33.56444 261.8363 -223.8595 155.5033 259.4473 -122.1871 230.4065 257.0736 44.64047 -120.862 645.0668 -4.22597e-6 -133.0292 644.327 6.51266e-5 -98.85959 689.7655 33.28687 -88.37203 689.2306 -8.53578e-5 -167.515 592.7944 57.43158 -154.298 594.7968 70.41711 -183.6245 541.3632 -1.00716e-4 -196.6516 538.8887 -1.3397e-4 -219.0696 484.3324 79.23683 -202.6199 489.9358 132.5053 -141.7098 546.3423 147.8529 -156.7613 497.2727 84.41908 -91.01225 647.0636 59.0294 -64.40588 692.5774 109.6394 -117.5306 597.6282 178.9084 -185.8777 384.6799 96.69466 -235.2687 369.4225 88.45261 -220.093 428.9037 163.8094 -171.9087 441.2802 -1.95726e-4 -252.4643 363.4081 -1.74369e-4 -237.3984 423.1533 -44.64048 -120.862 645.0669 -33.28675 -88.3721 689.2306 -70.41733 -183.6245 541.3634 -57.43176 -154.298 594.797 -79.23712 -202.6199 489.9362 -147.8532 -156.7614 497.2731 -132.5055 -141.7098 546.3426 -84.4191 -91.01234 647.0638 -59.0293 -64.40599 692.5775 -109.6396 -117.5306 597.6283 -178.9089 -185.8778 384.6807 -163.8098 -171.9087 441.2807 -88.45296 -220.0929 428.9042 -96.69508 -235.2686 369.4232</float_array>
          <technique_common>
            <accessor source="#geom-alice_lod0-positions-array" count="2535" stride="3">
              <param name="X" type="float"/>
              <param name="Y" type="float"/>
              <param name="Z" type="float"/>
            </accessor>
          </technique_common>
        </source>
        <source id="geom-alice_lod0-normals">
          <float_array id="geom-alice_lod0-normals-array" count="7605">0.5457193 -0.8307367 -0.1098495 0.5457193 -0.8307368 -0.1098495 0.3372467 -0.9363353 -0.09767801 0.3295107 -0.9390888 -0.09764693 0.8897784 -0.4342523 -0.140426 0.8897784 -0.4342523 -0.140426 0.8897982 -0.4342154 -0.1404141 0.3142904 -0.9477358 0.0549412 0.5185637 -0.8539702 0.04273667 0.5185637 -0.8539703 0.04273668 0.3116547 -0.9486054 0.05494738 0.9074244 -0.4157598 0.06102897 0.9074244 -0.4157598 0.06102897 0.9074244 -0.4157598 0.06102897 -2.91022e-7 -0.996343 -0.08544442 -2.79381e-7 -0.996343 -0.08544442 -4.65759e-8 -0.9981349 0.06104801 -4.65759e-8 -0.9981349 0.06104801 0.2296533 -0.2714606 0.9346489 0.09213291 -0.4526364 0.8869227 1.78828e-6 -0.4208429 0.9071335 1.84775e-6 -0.4979261 0.8672196 0.1801291 -0.4834037 0.8566647 0.07265762 -0.008412988 0.9973215 0.875707 0.03353447 0.481677 0.1034376 -0.9339923 0.3419931 0.1801291 -0.4834037 0.8566648 0.09213291 -0.4526364 0.8869227 0.2458127 0.1786341 0.9527151 -0.3119836 0.86945 0.3830444 0.04863356 -0.060412 0.9969881 0.5538223 0.3748014 0.7435085 0.2716481 0.9538206 0.1281935 0.2296533 -0.2714605 0.9346489 0.6360464 0.4712586 0.6110322 0.1755581 -0.9453421 -0.2747866 0.2973245 -0.4619966 0.8355582 0.7588831 -0.4633382 0.457618 0.8809654 0.05606143 0.4698482 -0.4659811 0.1796048 0.866374 0.6443474 0.7287738 -0.231744 -0.006521305 0.5861502 -0.8101762 0.875707 0.03353447 0.481677 -0.7126748 0.6928359 -0.1098771 -0.4659811 0.1796048 0.866374 -0.8209635 -0.2098187 -0.5310321 -0.1236628 0.8637314 0.4885445 -0.4139347 0.9068413 -0.07935338 -0.4139347 0.9068413 -0.07935338 -0.415382 -0.2317434 -0.8796322 0.1498395 0.9596591 0.2379131 -0.2989396 -0.30543 -0.9040728 -0.553386 0.6143746 -0.5624125 -1.8475e-6 0.5775948 -0.8163237 -0.1267012 0.9376649 -0.3236222 0.1498395 0.9596591 0.2379131 -0.1267012 0.9376649 -0.3236222 -0.2989396 -0.30543 -0.9040728 0.2605663 0.6765582 -0.6887484 0.01871225 0.9065895 0.4215985 -4.88643e-7 0.9126761 0.4086837 1.0495e-6 0.2804695 0.9598629 0.1293065 0.2444581 0.9609995 -0.1989353 0.9425355 -0.2684244 -1.4434e-6 0.9741721 -0.2258065 -0.3121549 0.8392736 0.4451733 -0.006521304 0.5861502 -0.8101762 -1.8475e-6 0.5775947 -0.8163237 -0.1267012 0.9376649 -0.3236222 0.1908152 0.6177416 0.7628794 5.97994e-7 0.5196747 0.8543643 0.4608169 -0.885394 -0.06103535 0.875707 0.03353447 0.481677 -0.7697169 0.3006946 -0.5631328 -0.06112977 0.769471 -0.6357496 0.8886977 0.3249658 -0.3234402 0.4750882 0.3062868 -0.8249119 0.6156791 -0.6701607 -0.4145167 -0.003815533 -0.2403786 -0.9706718 0.3640266 -0.9280007 0.07936849 -0.2560664 -0.8703207 0.4206804 -0.1236628 0.8637314 0.4885445 -0.1673164 -0.7329869 -0.6593449 -0.7126748 0.6928359 -0.1098771 -0.8209635 -0.2098187 -0.5310321 -0.6354935 0.5984255 -0.4878883 0.09140211 0.7709902 0.6302539 0.09096919 0.771327 0.6299043 0.09153773 0.7712866 0.6298713 0.09149036 0.77129 0.6298741 0.07533158 0.7984576 0.5973195 0.07528578 0.7987335 0.5969563 0.07472921 0.7958471 0.6008684 0.07542628 0.7984519 0.5973152 0.07236001 0.8400635 0.5376406 0.07217009 0.8400751 0.537648 0.07179021 0.8400982 0.5376629 0.07155421 0.8373364 0.541985 0.05204133 0.8632738 0.5020458 0.05188113 0.8606164 0.506604 0.05197265 0.8636631 0.5013831 0.05197264 0.863663 0.5013831 -0.09134823 -0.7713001 -0.6298823 -0.09118547 -0.7683185 -0.6335391 -0.09153773 -0.7712866 -0.6298713 -0.09134822 -0.7713 -0.6298823 0.2605663 0.6765581 -0.6887484 -0.2989396 -0.30543 -0.9040728 -0.07538041 -0.7987278 -0.596952 -0.07528578 -0.7987335 -0.5969563 -0.07533158 -0.7984576 -0.5973195 -0.07542628 -0.7984519 -0.5973152 -0.07179021 -0.8400982 -0.5376629 -0.07217009 -0.8400751 -0.537648 -0.07217009 -0.8400751 -0.537648 -0.07202586 -0.8428558 -0.5332978 -0.05197265 -0.8636631 -0.5013831 -0.05282606 -0.8666537 -0.4961056 -0.05171379 -0.8640592 -0.5007269 -0.05197264 -0.863663 -0.5013831 -0.1673164 -0.7329868 -0.6593447 -0.769717 0.3006946 -0.5631329 0.4608169 -0.885394 -0.06103535 0.3640266 -0.9280007 0.07936849 0.2326667 -0.7151641 0.6590952 9.58098e-6 -0.9998324 0.01831055 9.49639e-6 -0.9461333 0.3237776 6.80558e-6 -0.7378542 0.6749602 0.3604652 -0.9180941 0.1648277 0.3645764 -0.6033282 0.7092808 0.6967869 -0.6807557 0.2259643 0.498449 -0.3982728 0.7700177 5.94838e-6 -0.7968306 0.6042028 0.1384307 -0.7492443 0.6476649 0.2813871 -0.8441613 0.4563034 0.6671072 -0.7327493 0.1343374 0.1896851 -0.8783411 0.4387896 0.4420987 -0.8967797 0.01830163 0.6187477 -0.6668428 0.4152976 0.3458076 -0.9202453 -0.1832093 0.8341643 -0.1501153 0.5306932 0.5229617 -0.2563238 0.8129017 0.8441913 -0.5338156 0.048806 0.8561743 -0.1280065 0.5005796 0.4519611 0.3357426 -0.8264431 0.3065953 -0.265462 -0.9140729 0.4879789 -0.4499743 -0.7479303 0.4906211 -0.5296565 -0.6919212 0.6991409 -0.2702434 -0.6619445 0.1976125 -0.8602628 0.4699972 0.1446146 0.7575051 -0.6366103 0.2044533 -0.9745862 0.09154626 0.1976125 -0.8602628 0.4699972 0.6991409 -0.2702434 -0.6619445 0.6838152 0.120449 -0.7196449 0.7081206 -0.583473 -0.3976487 0.2241113 -0.8024323 -0.5530611 -0.05623147 0.908822 -0.4133773 0.6838152 0.1204491 -0.719645 0.5694528 0.4202379 -0.7064869 -0.1622932 0.9867426 0 0.1765378 0.1788206 -0.967914 0.1765378 0.1788206 -0.967914 0.470408 -0.8158071 -0.3364153 0.5694528 0.4202379 -0.7064869 -0.2136133 0.8239369 0.5248784 0.5229617 -0.2563238 0.8129018 -0.180189 0.8429181 0.5069724 0.8162281 -0.4651047 -0.3427088 0.8356431 -0.4685244 0.2866805 0.8482913 -0.0737396 0.5243706 0.2821091 -0.28859 -0.9149483 0.1224449 0.9228997 -0.365053 -0.09070899 0.9821725 -0.1646482 -0.1378286 0.8928234 -0.4288003 0.137372 -0.9898419 0.03663255 -0.1341036 -0.8484336 -0.5120318 0.5565431 -0.7703928 -0.3110542 0.3691001 -0.5545975 -0.7457793 0.5770696 0.4064676 0.7083606 0.9611791 0.269092 -0.06102725 0.3833969 0.8063506 0.4503392 0.6649942 0.7013013 -0.2568253 0.132715 0.9793448 0.1525459 0.8054932 0.5799016 -0.1220444 0.9847167 0.1652645 0.05496093 0.9847167 0.1652645 0.05496093 0.5700391 0.5782096 0.58372 0.8054932 0.5799017 -0.1220444 0.1343801 -0.6187246 0.7740296 0.9740406 0.0145009 0.2259087 0.906042 -0.3578866 0.2258429 -0.5252875 -0.5805609 0.6221111 0.6088325 -0.6199092 0.4950107 0.8820809 0.03716633 0.4696299 5.69818e-6 -0.8919701 0.4520945 -0.4853774 -0.7175972 0.4994628 5.53452e-6 -0.9616389 0.2743185 0.2091562 -0.9419661 0.2625902 0.2929191 -0.9176607 0.2685092 0.8892223 -0.4312538 -0.1526562 0.2468863 -0.6708866 0.6992556 0.7547832 0.1844941 -0.6294953 0.8088333 0.1943944 -0.5549771 0.6453452 0.1508723 -0.7488439 0.6019429 0.1266051 -0.788439 0.9092695 0.1849103 -0.3728769 0.9211801 0.1752452 -0.3474426 0.9103019 -0.4084626 0.06714716 0.1779955 -0.4638961 0.8678237 0.5692688 0.09240139 -0.8169425 0.5590756 0.07189208 -0.825994 0.9607553 -0.09026144 0.2623014 0.1739473 -0.1060232 0.9790308 0.5732266 -0.01031808 -0.8193319 0.5789609 -0.03741972 -0.8144962 0.8946536 0.3781113 0.2379641 0.1930492 0.3363099 0.9217525 0.5858009 -0.1271654 -0.8004164 0.5895106 -0.1170632 -0.799233 0.1960956 0.7088436 0.6775599 0.6736783 0.7144496 -0.1889957 0.5057195 -0.3766159 -0.7761496 0.5580834 -0.2094713 -0.8029102 0.2216375 -0.9750527 -0.01220723 3.76208e-6 -0.9999256 0.01219421 0.3223683 -0.9461223 -0.03052007 0.9512707 0.1960518 -0.2380084 0.950289 0.2080424 -0.2316663 0.2424629 -0.8672783 -0.4347873 0.3521338 -0.7987796 -0.4878044 0.901916 0.4303559 -0.03662603 0.9169315 0.392262 -0.07326294 1.39181e-6 -0.9151912 -0.40302 1.00548e-6 -0.9794482 -0.201696 0.3458076 -0.9202453 -0.1832093 0.6187477 -0.6668428 0.4152976 1.00548e-6 -0.9794482 -0.201696 1.27591e-6 -0.9999814 0.006102099 0.1374919 0.9643525 0.2260977 0.9991477 0.0190677 -0.03660999 0.02518728 0.9948976 -0.09769613 -0.1719964 -0.07284106 -0.9824009 -1.17977e-6 -0.03427862 -0.9994123 -6.9031e-6 0.9852901 -0.1708904 3.05701e-7 -0.3163425 -0.9486451 7.938e-7 -0.3163425 -0.9486451 0.2944442 -0.173539 0.9397803 0.2253287 -0.5227853 0.8221451 0.481141 -0.5402336 0.6903992 0.6191305 -0.1286678 0.7746755 0.2118901 0.3671742 0.9056963 0.3338066 -0.8276574 0.4511724 -0.2055531 0.9785699 -0.01220352 -3.71798e-6 0.9998323 -0.01831754 -1.76409e-6 0.06465105 -0.997908 -1.25188e-6 0.8820139 0.4712234 0.1848923 -0.3286551 0.9261753 0.401952 -0.8825011 -0.2441853 0.1848923 -0.3286551 0.9261753 0.5229617 -0.2563238 0.8129018 0.7761883 -0.5813788 -0.2439885 0.9465958 -0.2302633 -0.2256886 0.8341643 -0.1501153 0.5306932 1.80105e-6 -0.3660758 0.9305851 0.1796659 -0.3492447 -0.9196458 0.839775 -0.1790529 -0.5125603 -0.3470927 -0.3434215 -0.8726903 0.9276233 -0.1974153 -0.3170841 0.0205497 0.2247148 -0.9742079 0.7614466 0.3528469 -0.5437813 0.8872678 0.3288155 -0.3234751 -0.3889339 0.14316 -0.9100746 0.7969021 0.2357088 0.556227 0.8065139 0.3115859 0.5024436 0.443513 -0.8359468 0.323248 1.63212e-6 -0.9481472 0.3178318 0.6404337 -0.6938031 0.3293659 0.2980574 -0.6106356 0.7336798 0.3128396 -0.6829759 0.6600572 0.5019819 -0.503892 0.7029275 0.6347661 -0.1224519 0.76294 0.6268576 0.2958677 0.7207717 1.85911e-6 -0.6671072 0.7449617 6.01887e-7 -0.7507742 0.6605589 0.7734272 0.2357823 0.5884023 0.9113931 0.3223568 -0.2558297 0.7734271 0.2357823 0.5884022 0.5080112 0.5854658 0.6317867 0.5478342 0.5930751 0.5900337 0.2296533 -0.2714606 0.9346489 0.1908152 0.6177416 0.7628794 0.6360464 0.4712586 0.6110322 0.5371562 0.7336162 0.4162579 0.1908152 0.6177416 0.7628794 5.97994e-7 0.5196747 0.8543643 -2.26697e-6 0.9863216 -0.1648321 0.3912542 0.8951132 -0.2137584 0.7734272 0.2357823 0.5884023 0.5080112 0.5854658 0.6317867 0.9113931 0.3223568 -0.2558297 0.4565803 0.5787154 0.6757388 0.2136913 0.7353105 0.6431597 7.94196e-8 0.7622124 0.6473271 -8.01757e-8 0.7959928 0.6053061 -0.06821652 0.6737339 -0.7358187 0.0205497 0.2247148 -0.9742079 0.7614466 0.3528469 -0.5437813 0.2857618 0.8694941 -0.4028898 -0.2555852 0.625915 -0.7368221 -0.3889339 0.14316 -0.9100745 0.8872678 0.3288155 -0.3234751 0.3891723 0.865081 -0.3165116 -5.41335e-6 0.9631226 -0.2690628 -5.42167e-6 0.9712758 -0.2379569 -4.46362e-6 0.9598077 -0.2806589 -0.01982526 0.959619 -0.2806037 -0.0601441 0.9615442 0.2679838 0.03905661 0.7987459 0.6003996 0.6930192 -0.7206865 -0.01831769 0.8907564 -0.4530045 0.03660642 0.2192443 -0.2555927 -0.9415967 0.1550304 0.09173903 -0.983641 0.1550304 0.09173902 -0.9836409 0.2022295 0.4781012 -0.8547061 0.982724 -0.1607625 0.09170053 0.3944881 0.7216991 -0.5687967 0.8093956 -0.563536 -0.1652452 0.595735 -0.5847418 -0.5506151 0.9761959 -0.2161168 0.01830367 0.8093956 -0.563536 -0.1652452 0.5418261 -0.759874 0.3591881 0.7515039 -0.125728 0.6476375 0.595735 -0.5847418 -0.5506151 -0.11146 -0.953231 -0.2809402 0.07115284 -0.3263024 -0.9425838 0.07115282 -0.3263024 -0.9425837 -0.6508722 -0.393347 -0.6493408 -0.03597021 0.052329 -0.9979818 -0.03597021 0.052329 -0.997982 -0.728804 0.2217352 -0.6478258 -0.03597021 0.052329 -0.997982 -0.04128173 0.5250043 -0.8500978 -0.04128173 0.5250043 -0.8500978 -0.728804 0.2217352 -0.6478258 -0.03597021 0.052329 -0.9979818 -0.5027532 0.7518445 -0.4265785 0.4229989 0.7956045 -0.4336884 0.4229989 0.7956045 -0.4336884 0.03357272 0.9926842 0.1159785 0.9761959 -0.2161168 0.01830367 0.3248852 -0.7729895 0.5449193 -9.28646e-8 -0.8431579 0.537666 0.5482524 -0.5970538 0.5856159 0.7557461 -0.1595464 0.6351321 0.7380164 0.3437965 0.5806341 1.44328e-7 0.786504 0.6175852 0.2988025 0.7428031 0.5991334 0.5616467 0.595269 0.5746372 -1.0217e-7 -0.8860404 0.4636081 0.3248186 -0.8173838 0.4757906 0.3526161 -0.8956297 0.271126 0.3415115 -0.8587449 0.382004 -3.52786e-8 -0.9244252 0.3813635 1.9993e-7 -0.9666387 0.256144 0.3445764 -0.9168331 0.2017033 4.36301e-7 -0.9852566 0.1710833 0.5742393 -0.6475464 0.5009322 0.6032814 -0.6874957 0.4042291 0.6298833 -0.7139696 0.3057686 0.6396887 -0.7267107 0.2503793 0.3238391 -0.928947 0.1794038 0.3211917 -0.9322953 0.1663178 0.6608425 -0.7187044 0.2162204 0.6496772 -0.7259304 0.2257094 0.8190726 -0.1967305 0.5389038 0.9064193 -0.2349976 0.3509705 0.8689654 -0.2145688 0.4459367 0.9230296 -0.2414548 0.2995262 0.939986 -0.250256 0.2319446 0.9354498 -0.2437654 0.2559537 0.8014364 0.3437458 0.4894268 0.8890066 0.3116479 0.3354742 0.8532495 0.3310349 0.4029658 0.9087739 0.2938242 0.2963061 0.9396567 0.2597022 0.2227109 0.9292159 0.2743326 0.2475871 0.6354589 0.5972244 0.4894028 0.7229341 0.6039702 0.335539 0.6867508 0.5967102 0.4151028 0.7343914 0.6091937 0.299253 0.7454693 0.612568 0.2627473 0.752153 0.6133174 0.2410551 0.3467048 0.7785652 0.5230985 2.45556e-7 0.8578975 0.5138209 0.3814508 0.8603581 0.3380522 0.3698162 0.8219833 0.4331044 4.1538e-7 0.9482242 0.3176017 2.46998e-7 0.9071545 0.4207978 0.3942789 0.8770226 0.2745462 0.3929735 0.8881965 0.2380733 0.3959746 0.883504 0.2502498 4.48454e-7 0.9649046 0.2626006 4.97994e-7 0.9741333 0.2259745 5.06963e-7 0.9697827 0.2439705 0.8374801 0.54154 0.07322231 0.8376113 0.5421185 0.06719216 -0.5766054 -0.3973458 -0.7138925 -0.8015445 -0.3544705 -0.4815363 -0.2728802 -0.9238766 -0.2683067 -0.5825635 -0.8113188 0.04880113 0.1068787 -0.5646439 0.8183852 0.4142597 -0.4485276 0.7919671 0.6019589 -0.004000983 0.798517 -0.6823378 -0.6528282 0.3289843 -0.3388527 -0.77234 0.53728 0.6614279 0.0167643 0.7498214 0.6052871 0.4534876 0.6541991 0.6369882 0.4010702 0.6583228 -0.8289346 0.2060866 -0.5199959 -0.3760004 0.9082856 -0.1834148 -0.5810729 0.4753712 -0.6605881 -0.1859877 0.8384692 -0.5122284 -0.9165037 -0.258244 -0.3055012 -0.6465554 -0.02530372 -0.7624473 -0.869596 -0.4538014 -0.1945949 -0.6823377 -0.6528282 0.3289843 -0.5848222 0.03902622 -0.8102223 -0.3388527 -0.77234 0.53728 0.4700553 -0.6432737 0.6043568 -0.2129234 -0.8364848 0.5049326 0.5299191 -0.5900679 0.6091024 -0.1706227 0.1424395 -0.9749867 0.4261759 -0.6162688 -0.662259 0.1280665 0.504643 -0.8537766 0.8361732 0.5374313 -0.1094627 0.1618074 0.7449245 -0.6472295 -0.5407472 -0.2115142 -0.8141586 -0.3913052 -0.07594913 -0.9171216 0.4261759 -0.6162688 -0.662259 0.7201517 -0.1190081 0.6835338 0.3161264 -0.7435108 0.5892841 0.8090335 0.2382261 0.5373204 0.7539148 0.2517838 0.6068094 -0.4437143 0.0684697 -0.8935488 -0.5930493 -0.0603979 -0.8028976 -0.5375354 -0.8070666 -0.2443343 -0.5407472 -0.2115142 -0.8141586 -0.6194957 -0.749956 -0.2319294 -0.5375354 -0.8070667 -0.2443343 -0.4300995 0.6481996 -0.6283723 -0.6138119 -0.717259 -0.3298094 0.2656083 -0.7510304 -0.6044879 0.5851276 -0.714267 0.38399 0.5247318 0.8481131 0.07321839 0.513152 0.6486944 -0.5620236 -0.44539 0.5712279 -0.6894393 0.8121426 0.5808651 -0.05495702 0.8519124 0.105344 -0.5129795 0.3511494 0.6328323 -0.690085 -0.1552822 0.2915348 -0.9438724 -0.1129534 -0.5266071 -0.8425714 -0.7361857 -0.4681347 -0.488754 0.3771327 -0.8346245 0.4014638 -0.2682536 -0.9286944 -0.2560602 0.6928501 -0.1944358 0.6943728 0.6099014 0.5340449 0.5855053 0.1281827 0.9869302 0.09766299 -0.4375282 0.7847304 -0.4390527 -0.7004818 0.2504184 -0.6682934 -0.7004818 0.2504184 -0.6682934 -0.6741826 -0.3566819 -0.6467271 -0.2657958 -0.9202605 -0.2871816 0.3714139 -0.8301884 0.415739 0.3375449 -0.8446735 0.4154398 -0.2883757 -0.9258732 -0.2441276 0.6949516 -0.1726855 0.698013 0.6978045 -0.2124334 0.6840622 0.6709285 0.4549734 0.5855376 0.6644913 0.4909044 0.5634396 0.2788944 0.9540322 0.109729 0.2167681 0.9743116 0.06106144 -0.3140985 0.7913452 -0.524514 -0.3449015 0.7901449 -0.5066695 -0.5847791 0.2440387 -0.773614 -0.6162416 0.2572122 -0.7443711 -0.625008 -0.3429922 -0.7012286 -0.6162415 0.2572122 -0.7443711 -0.5847791 0.2440387 -0.773614 -0.5951133 -0.330698 -0.7324473 0.3843094 -0.7874435 0.4819118 0.6962699 -0.1151384 0.7084852 0.6733845 0.4311026 0.6005862 0.2255592 -0.676487 0.7010623 0.6449022 -0.01578348 0.7641021 0.6449022 -0.01578348 0.7641021 0.2255592 -0.676487 0.7010623 -0.5825636 -0.8113189 0.04880114 0.645305 0.4812072 0.5933136 0.645305 0.4812072 0.5933136 -0.5796689 0.1773229 -0.7953242 0.3629791 0.9124044 0.1891151 -0.2469245 0.8337514 -0.4938491 -0.5796689 0.1773229 -0.7953241 0.3669254 0.882723 0.2935403 -0.3263583 0.8904321 -0.3172081 -0.7823188 0.1709412 -0.5989628 -0.7823189 0.1709412 -0.5989628 0.2837654 0.9069815 0.3112266 0.3669254 0.882723 0.2935403 -0.3760005 0.9082856 -0.1834149 -0.3263583 0.8904321 -0.3172081 -0.7823188 0.1709412 -0.5989628 -0.3263583 0.8904321 -0.3172081 -0.8015445 -0.3544705 -0.4815363 0.3875454 0.8698792 0.3051538 -0.1859877 0.8384692 -0.5122284 -0.7689649 -0.5980838 -0.2258072 -0.2129234 -0.8364848 0.5049326 -0.530214 0.03542378 -0.8471235 -0.7255185 -0.6043447 -0.3292269 -0.143306 -0.8899454 0.432967 -0.4978516 0.2489258 -0.8307707 -0.143306 -0.8899455 0.4329671 0.6950178 -0.3501762 0.6279547 0.8361732 0.5374313 -0.1094627 0.5532634 -0.6359854 0.5379798 -0.5375354 -0.8070667 -0.2443343 0.510507 0.8146714 0.2751236 0.494529 0.8469191 0.1953695 -0.2913112 0.7394676 -0.6068982 -0.5883788 0.5641805 -0.5792329 -0.2913112 0.7394676 -0.6068982 -0.5883788 0.5641805 -0.5792329 -0.7491017 -0.1630061 -0.6420871 0.4154701 -0.7003419 0.580436 0.3161264 -0.7435108 0.5892841 0.8927209 0.2716438 0.3595259 0.6773891 -0.6636583 0.3173355 -0.3694351 0.601477 -0.7083384 -0.44539 0.5712278 -0.6894392 -0.5188884 -0.01859986 -0.8546397 0.5213481 0.09908663 -0.8475717 0.5213482 0.09908664 -0.8475718 0.8762348 0.4762809 0.07327398 0.6786453 0.2808582 -0.6786453 0.5131521 0.6486945 -0.5620237 0.6786453 0.2808583 -0.6786453 0.7718649 -0.3306358 0.5430512 0.6950178 -0.3501762 0.6279547 -0.143306 -0.8899454 0.4329671 -0.1860605 -0.9299216 0.317218 -0.7255185 -0.6043447 -0.3292269 0.8361732 0.5374313 -0.1094627 0.2075559 -0.9546045 -0.2136605 0.8277941 -0.5608992 0.01221836 -0.1129534 -0.5266071 -0.8425714 0.3511494 0.6328324 -0.6900851 0.8519124 0.105344 -0.5129795 0.1618074 0.7449245 -0.6472295 -0.4978515 0.2489258 -0.8307706 0.1618074 0.7449245 -0.6472295 -0.5825636 -0.8113189 0.04880114 0.7470649 0.5808811 0.3232199 -0.4361194 -0.7311863 -0.5245633 -0.5152888 -0.7912275 -0.329297 0.5727071 -0.4542817 -0.6823744 0.5727071 -0.4542817 -0.6823744 0.7201518 -0.1190081 0.6835339 0.174312 0.9583338 -0.2262998 0.2411079 0.9171255 -0.3174078 0.6337219 -0.2340277 -0.7373111 0.6337219 -0.2340277 -0.7373111 -0.07935644 -0.9877587 0.1342955 -0.02746236 -0.9993247 0.02441099 -0.4300995 0.6481996 -0.6283723 -0.3694351 0.601477 -0.7083383 -0.5407472 -0.2115142 -0.8141586 0.6337219 -0.2340277 -0.7373111 -0.07935644 -0.9877587 0.1342955 -0.02746236 -0.9993247 0.02441099 3.75021e-6 -0.950274 -0.3114151 3.22656e-6 -0.9697599 -0.2440607 -1.76409e-6 0.06465105 -0.997908 1.80105e-6 -0.3660758 0.9305851 0.1498395 0.9596591 0.2379131 -0.8209635 -0.2098187 -0.5310321 -0.2560664 -0.8703207 0.4206804 0.1121382 -0.9861681 -0.1220552 -0.6189145 0.1878189 0.7626722 -0.3928793 -0.832339 0.3909702 -0.9642125 0.1037034 0.2440079 0.5396593 -0.4936094 -0.6819954 -0.3984878 -0.02393354 -0.9168613 0.2994862 0.2365865 0.9243024 -0.6099806 -0.05501227 0.7905046 0.007617622 -0.6101715 0.7922327 0.8285484 -0.4128444 0.3782421 0.8451357 -0.487373 -0.2195752 0.9681297 0.203148 -0.1464783 -0.04769787 0.7984848 0.6001225 -0.1033344 0.9700945 0.2196333 0.2591173 0.6719696 0.6937687 0.5525009 0.7477748 0.3682061 0.2591173 0.6719696 0.6937687 -0.1033344 0.9700944 0.2196332 -0.05731682 0.9019758 -0.4279656 0.2104049 0.9525499 -0.2199514 -0.01578079 -0.06435899 0.997802 7.55642e-8 0.02904643 0.9995781 -1.80433e-7 -0.9152842 0.402809 -0.0428507 -0.9387071 0.3420421 -0.1744391 -0.9469553 0.2699014 0.1319494 -0.9392591 -0.3168309 -1.60463e-7 -0.850369 0.5261868 -0.1325419 -0.760181 0.6360484 -0.0428507 -0.9387071 0.3420421 -0.1325419 -0.760181 0.6360484 0.1319494 -0.9392591 -0.3168309 0.6189808 -0.4469571 0.6458268 0.5041872 -0.5733035 -0.6458471 -0.3928793 -0.832339 0.3909702 0.6102442 0.02455443 -0.7918327 0.5396593 -0.4936094 -0.6819953 -0.4339339 -0.7310677 0.5265371 0.1319494 -0.9392591 -0.3168309 0.5525009 0.7477748 0.3682061 0.1319494 -0.9392591 -0.3168309 2.33172e-7 0.8269017 0.5623466 0.1121382 -0.9861681 -0.1220552 0.1121382 -0.9861681 -0.1220552 0.2591173 0.6719696 0.6937687 -0.1052193 0.9041628 -0.4140274 -0.05731682 0.9019758 -0.4279656 0.2104049 0.9525499 -0.2199514 -0.4651553 0.7042093 0.5363953 1.98184e-7 0.6071727 0.7945699 -0.1052193 0.9041628 -0.4140274 0.2591173 0.6719696 0.6937687 -0.4651553 0.7042093 0.5363953 -0.554404 -0.5375562 0.63535 0.3805069 -0.916719 -0.1218231 0.2411166 -0.9553028 -0.1710534 0.3539564 -0.87984 -0.3171694 0.7613317 -0.6465217 -0.04882288 0.9463811 -0.3172397 -0.06100765 0.8509292 -0.5230027 0.04886448 0.218925 -0.9719812 0.08558325 0.4069912 -0.9113853 0.06111554 -2.38357e-7 -0.8862041 -0.463295 -0.7064488 -0.5004648 -0.5004648 -2.44445e-7 -0.935259 -0.3539643 0.9839167 -0.1769525 -0.02440724 0.9925961 -0.09689447 -0.07324307 0.9280404 -0.3091559 -0.2077588 0.5246913 -0.523738 -0.6711167 0.5246913 -0.523738 -0.6711167 0.5994304 -0.5295734 -0.6001959 0.01522696 -0.5017283 -0.8648912 0.9280404 -0.3091559 -0.2077588 0.5036641 -0.8287348 0.2439697 0.5326146 -0.7086305 0.4627791 -1.19302e-7 -0.7063436 0.7078692 -2.12455e-7 -0.9727325 0.2319299 0.7785114 -0.5582859 0.2867698 0.3983057 -0.841185 0.3657326 0.8018032 -0.5950585 0.05492848 0.2895505 -0.9543523 0.07329427 0.2291795 -0.9243445 0.3050642 0.9025254 -0.4003599 -0.1586188 0.4555007 -0.6108978 -0.6475517 0.4415772 -0.7357869 -0.5134463 0.2995314 -0.5111392 -0.8056164 0.7996913 0.2409767 -0.549931 0.9141136 -0.1726383 -0.3668683 0.9405326 0.0515576 -0.3357682 0.7061676 0.46027 -0.5380325 0.5578867 0.6799125 -0.4759007 0.6132516 -0.648485 -0.4509875 0.6132516 -0.648485 -0.4509875 0.1513655 -0.1841804 -0.9711674 0.3978723 -0.7716194 -0.4962873 -0.8160359 -0.5759356 0.04882103 -0.28643 -0.9448371 -0.1588732 -0.2067128 -0.6899301 0.6937336 -0.8254263 -0.2062253 0.5254927 0.4306024 -0.8139946 0.3898646 -0.2794943 0.01670889 0.960002 -0.6096731 0.1475461 0.7787997 0.3922927 -0.09454674 0.9149685 0.6330228 -0.7725928 0.04881139 0.7818992 -0.1817839 0.5963123 0.8803099 -0.2279169 0.416063 0.865743 -0.2397002 -0.439355 0.7018601 -0.3246388 -0.6340364 0.8561247 -0.3511449 -0.3791409 0.9445748 -0.1481144 -0.292986 0.9141136 -0.1726383 -0.3668683 0.6624478 -0.6148844 -0.4278786 0.8429673 -0.4159629 -0.3411467 0.9811407 -0.1105403 -0.1585682 0.764563 -0.6060095 0.2195355 0.8429673 -0.4159629 -0.3411467 0.6624478 -0.6148845 -0.4278786 0.9999112 0.005338962 -0.01220334 0.9804302 -0.1827339 0.07324615 0.9804302 -0.1827339 0.07324615 0.990285 -0.09899035 -0.09765523 0.9137155 0.3335786 0.2320547 -0.2901607 -0.8960621 0.3359756 0.3860931 -0.662188 0.6422143 0.2373502 -0.9299394 0.2808516 -0.2073134 -0.6893651 0.694116 0.7320361 0.1003104 0.6738406 0.2830082 0.3087013 0.9080803 -0.2538691 0.3099876 0.9162195 -0.1325419 -0.760181 0.6360484 1.04496e-7 0.1658795 0.9861461 0.7486855 0.1549864 0.6445536 0.9132257 -0.06550242 0.4021544 0.9374261 0.1421992 0.3178234 0.4079419 0.2009924 0.8906096 0.359075 0.2672007 0.8942422 0.6189808 -0.4469571 0.6458268 0.8098407 0.4936752 0.3169273 0.8448154 0.1099782 0.5236333 0.9930665 0.01944946 -0.115934 0.8838782 0.3552247 0.304261 0.9595785 0.06068933 0.2748196 0.5664926 -0.6041826 0.5604013 0.7979462 -0.6007482 -0.04882271 0.9004617 -0.3788331 0.2136689 -0.02672417 -0.8650998 0.5008873 -0.169859 -0.6398275 0.7495123 -0.4853774 -0.7175972 0.4994629 0.01866016 -0.9665203 -0.2559108 -0.8051359 -0.5640154 0.1834197 -0.03969968 -0.9760776 0.2137675 0.7416605 -0.6417041 -0.1953344 0.6671072 -0.7327493 0.1343374 0.6736783 0.7144496 -0.1889957 0.7255719 0.1205472 -0.6775056 0.8946535 0.3781113 0.2379641 0.8098171 -0.1107082 -0.5761423 0.7849314 0.3457983 -0.5141072 0.7680139 0.6298324 -0.1160419 0.5894193 0.755098 0.2870747 0.8098407 0.4936752 0.3169273 0.9596167 0.1830747 0.2135872 0.6684601 0.741716 0.05494193 0.9433255 0.1851458 -0.2754235 0.9206432 -0.3451461 0.1824561 0.8098171 -0.1107082 -0.5761423 0.6736783 0.7144496 -0.1889957 0.9991477 0.0190677 -0.03660999 0.5642025 -0.8241932 -0.0487959 0.699169 0.7022222 0.1343381 0.4514481 0.8631748 0.226106 0.665898 0.6597889 0.3482219 0.4746113 0.811334 0.3412935 0.7151967 -0.6846979 0.1402944 0.7243194 0.6816226 0.103692 0.2436128 0.877006 0.4141417 0.2390597 0.9608141 0.1403094 0.9953493 0.09457725 0.01830527 0.8752785 -0.4780485 -0.07319403 0.2463118 -0.9654201 0.0854084 0.6940865 0.6086605 -0.3844171 0.3751542 0.368653 -0.8505024 0.2189566 0.8941364 -0.3906125 0.6035056 0.1318263 -0.786386 0.91759 0.0266963 -0.3966308 0.2544993 -0.5059461 -0.8241655 0.391756 -0.7983744 -0.4573027 0.0984899 -0.9528325 -0.2870713 0.2960949 -0.05425222 -0.9536166 0.4840849 -0.2641155 -0.8342091 -4.44868e-6 -0.5479894 -0.8364853 0.2058794 -0.03819655 -0.9778317 -1.75533e-6 -0.01067012 -0.9999431 0.906884 -0.4213804 0 0.7287078 -0.6794657 -0.08550579 0.7414007 -0.6692829 -0.04884163 0.9059276 -0.4227281 0.0244175 0.5259638 -0.8473438 -0.07328378 0.543847 -0.8359836 -0.07322484 0.5516247 -0.8308702 0.07324476 0.851131 -0.470749 0.2323177 0.7208881 -0.692083 -0.03662623 0.4121175 -0.8448029 -0.341273 0.593685 -0.795393 -0.1220162 0.1985883 -0.9797788 -0.02441816 0.9313615 -0.3215142 0.170864 0.5459129 -0.8377531 -0.0122077 0.5587552 -0.8289729 -0.02442646 0.6108857 -0.790872 -0.03660738 0.4355162 -0.878673 -0.1956003 0.6335813 -0.772809 0.03661878 0.6473222 -0.761825 0.02442725 0.7191209 -0.6931654 0.04885747 0.667344 -0.732553 -0.1342315 0.7111267 -0.6962399 0.09771789 0.7191812 -0.6879455 0.0975161 0.8061377 -0.5855185 0.08549946 0.8445822 -0.5150542 -0.1462876 0.7825174 -0.6104936 0.1223281 0.7544103 -0.636939 0.1586627 0.8443375 -0.5117196 0.1588622 0.9303585 -0.3648165 -0.03663429 0.8342011 -0.4422638 0.3294103 0.3116604 -0.7911967 0.5261897 0.04373552 -0.5743675 0.8174285 0.6322185 -0.6692059 0.3904655 0.8884841 -0.4587448 0.01221284 0.1459515 -0.4786296 0.8658013 0.4347637 -0.7589428 0.4847539 0.6865214 -0.7261871 0.03661447 0.5623818 -0.5556846 0.6123245 0.5517381 -0.2605377 0.7922785 0.08487093 -0.3425216 0.9356687 0.1798753 -0.6982276 0.6929092 0.06588808 -0.4880315 0.8703356 0.2334083 -0.8024365 0.5491961 0.4078333 -0.9012046 0.1466367 0.3044027 -0.9170417 -0.2576304 0.4097674 -0.9055508 0.1098562 -2.44832e-7 -0.9726502 -0.2322747 -2.24198e-7 -0.9892035 0.1465487 -1.6294e-7 -0.8435986 0.5369742 -4.131e-7 -0.9853012 -0.1708262 0.5158448 -0.8552868 -0.04887353 0.9809441 -0.1799161 -0.07334161 -2.03714e-7 -0.9925225 0.1220627 0.6076286 -0.7908332 0.07328185 0.2299798 -0.919919 0.317582 -1.33672e-7 -0.9354497 0.3534598 0.4593751 -0.839024 0.2915703 0.6803431 -0.6949 0.2329102 0.8925045 -0.4266179 0.1463997 -0.3040316 -0.8983792 -0.3169854 -2.38357e-7 -0.8862041 -0.463295 0.126334 -0.8633459 -0.4885423 -0.4041652 -0.5492991 -0.731383 -0.3040316 -0.8983792 -0.3169854 0.126334 -0.8633459 -0.4885423 -0.1560392 -0.5507267 -0.8199707 0.3892328 -0.6560918 -0.6465611 0.3892328 -0.6560918 -0.6465611 0.6367252 -0.7603713 0.1281268 0.5073753 -0.8406625 -0.189359 0.7600457 -0.5916981 -0.2687455 0.9389253 -0.2985927 -0.1710608 0.9889954 -0.02050868 -0.1465178 0.9761612 -0.06334745 -0.2075965 0.9056916 -0.2121819 -0.3670173 0.9445747 -0.1481144 -0.292986 -2.35532e-7 -0.8514489 -0.5244377 0.4965714 -0.8648968 -0.0732834 0.3503853 -0.9356318 -0.04270202 0.4158959 -0.8566042 -0.3053848 0.3264848 -0.8924934 -0.3112285 0.3164267 -0.9352738 0.1585468 -1.80579e-7 -0.5283508 -0.8490261 0.2870782 -0.848231 -0.4450736 0.1377327 -0.9671343 0.2137313 -2.44602e-7 -0.9541807 -0.2992311 -1.88976e-7 -0.963343 0.2682727 0.1676631 -0.9839541 -0.06102042 -5.35301e-7 -0.9807563 -0.1952361 0.3069301 -0.9182143 -0.2503527 -1.34546e-6 -0.5832585 -0.8122866 0.1755479 -0.6210302 -0.7638747 0.140846 -0.5372066 -0.8316078 0.3547732 -0.7790948 -0.5168629 0.311976 -0.7617174 -0.5678535 0.1283174 -0.4115301 -0.9023179 0.2340668 -0.8576726 -0.4578323 0.4292699 -0.7822929 -0.4513815 -0.1118408 -0.8435776 -0.525232 0.5847557 -0.6526088 -0.4818326 -1.47078e-6 0.02438299 -0.9997028 0.1448368 0.02060919 -0.9892409 0.01040188 0.09390324 -0.995527 -0.249665 0.07485175 -0.9654349 1.22332e-7 -0.9819083 0.1893571 0.1301985 -0.9668624 0.2196028 -0.03595998 -0.2481049 0.9680656 1.12079e-6 -0.1971407 0.9803753 0.347776 -0.9067768 0.238344 -0.01663087 -0.1330469 0.9909703 0.4787498 -0.8415315 0.2502469 0.0339557 -0.1783149 0.9833875 0.430034 -0.8692176 -0.2439909 0.4449144 -0.8115728 -0.378683 0.5967228 -0.6366062 -0.4885227 -6.38584e-7 -0.872167 -0.4892084 0.2920824 -0.8551179 -0.4283238 0.4980631 -0.8039519 -0.3249529 0.454418 -0.8276014 -0.329515 0.5691487 -0.7606505 -0.3122187 -5.99993e-7 -0.9186333 -0.3951111 0.3050757 -0.8886739 -0.3423267 -3.72915e-7 -0.9882655 -0.1527458 0.3603947 -0.9093858 -0.2076851 0.7483567 -0.4506111 -0.486736 0.695254 -0.3005267 -0.6529208 0.7907483 -0.08871064 -0.6056796 -1.07133e-6 -0.6998196 -0.7143196 0.4190516 -0.5821647 -0.696764 0.6587111 -0.4376107 -0.6120429 0.4204662 -0.0856277 -0.9032587 0.5642996 -0.03817995 -0.8246869 0.6465849 0.04379109 -0.7615842 -1.32662e-6 -0.1048634 -0.9944867 0.4508257 -0.439065 -0.7771603 0.7007011 -0.3060818 -0.6444626 0.8519747 -0.1315171 -0.5067962 0.8861451 0.06827518 -0.4583509 0.7628167 0.2137793 -0.6102533 0.9049489 0.1675053 -0.3911641 0.7854113 0.2468953 -0.5676017 0.7540262 0.4397216 -0.4879442 0.6908756 -0.7198527 -0.06710492 2.27044e-6 -0.4696004 -0.8828791 9.58098e-6 -0.9998324 0.01831055 0.3604652 -0.9180942 0.1648277 0.6967869 -0.6807556 0.2259643 0.906042 -0.3578866 0.2258429 0.9740406 0.0145009 0.2259087 0.6088325 -0.6199092 0.4950107 0.3978723 -0.7716195 -0.4962873 0.1513655 -0.1841804 -0.9711674 -0.5061014 -0.8067896 0.3048804 0.6908756 -0.7198527 -0.06710492 -0.6009138 -0.6631827 0.4461966 0.08441525 -0.8999201 -0.4278058 0.4148815 -0.7426608 -0.5256693 0.6341279 -0.5328805 -0.5602858 2.90554e-8 -0.1599508 0.987125 0.8232006 -0.5676193 -0.01220687 0.9480093 -0.3161302 -0.03660856 0.6132516 -0.648485 -0.4509875 0.3377782 -0.8943099 -0.2934544 0.8967593 0.2948459 0.329983 0.3377783 -0.89431 -0.2934544 0.7729695 -0.569055 0.2805254 0.8604521 -0.3782102 0.3414371 -0.554404 -0.5375562 0.63535 -0.8128916 -0.4532995 0.365687 -0.7624321 -0.5489301 0.3425974 0.1343801 -0.6187246 0.7740296 0.9496538 -0.07221486 -0.3048649 0.7234348 0.2939672 0.6246802 0.2591173 0.6719696 0.6937687 1.21576e-7 0.2378906 0.971292 1.98184e-7 0.6071727 0.7945699 0.8848495 -0.1204885 -0.4500265 0.7793955 -0.09541273 -0.6192247 0.9103019 -0.4084626 0.06714716 0.9607553 -0.09026144 0.2623014 -0.5252874 -0.5805608 0.6221111 0.9433255 0.1851458 -0.2754235 0.6684601 0.741716 0.05494193 0.5894193 0.755098 0.2870747 0.3549361 0.6495063 0.67243 2.04406e-7 0.6782165 0.7348622 0.6695787 0.5248152 0.5255791 0.7302315 0.6110725 0.3055362 0.3745722 0.8756531 0.30484 -0.2439866 0.9415821 0.23215 -0.2852554 0.9062404 0.312022 -0.5134068 0.8326132 0.2077713 2.44641e-7 0.9482242 0.3176017 -0.5072443 0.8188656 0.2686306 8.21777e-7 0.9396149 0.3422337 0.2548792 0.8976015 0.3596501 2.63987e-6 0.9100007 0.4146066 4.6603e-6 0.9901315 0.1401417 4.46929e-6 0.930566 -0.3661244 0.7658546 -0.4328412 -0.4755157 0.392881 -0.9192653 -0.02441203 0.01793498 -0.9944371 0.1037939 -0.04041672 -0.9944038 0.09761018 -0.1719964 -0.07284106 -0.9824009 -4.17672e-6 -0.9882923 0.1525731 -5.75438e-6 -0.9374537 -0.3481099 -1.74831e-6 -0.9932595 0.1159121 -1.17977e-6 -0.03427862 -0.9994123 0.1625417 0.5152554 -0.8414821 1.57481e-6 0.5458479 -0.8378843 0.2058794 -0.03819655 -0.9778317 -1.75533e-6 -0.01067012 -0.9999431 0.2960949 -0.05425222 -0.9536166 0.4840849 -0.2641155 -0.8342091 0.6088325 -0.6199092 0.4950107 0.05202971 0.2622449 -0.9635977 0.1448368 0.02060919 -0.989241 -1.47078e-6 0.02438299 -0.9997028 -1.37501e-6 0.2375011 -0.9713873 -0.06861128 0.2260136 -0.971705 0.01040188 0.09390324 -0.995527 -0.4869301 0.1605975 -0.8585497 -0.249665 0.07485176 -0.965435 -0.1118408 -0.8435775 -0.5252319 -0.9824386 0.1861864 0.01220895 -0.1003711 0.3700424 0.923577 9.77598e-7 0.3343002 0.9424666 1.12079e-6 -0.1971407 0.9803753 -0.03595998 -0.2481049 0.9680656 -0.01663087 -0.1330469 0.9909703 -0.1846686 0.3721797 0.9096042 0.0339557 -0.1783149 0.9833875 -0.4677761 0.2849475 0.8366543 -0.08620166 -0.9962777 0 -0.1647438 -0.5055467 0.8469251 -0.5392002 -0.416646 0.7318942 -0.4206216 -0.9072157 -0.006101492 0.007153441 -0.9999558 -0.00610427 -2.15306e-7 -0.9999256 -0.01220352 5.7709e-7 -0.5371227 0.8435041 -0.03114153 -0.5297419 0.847587 -0.4846094 -0.4942615 -0.7217059 -0.9477115 -0.318193 -0.02441769 -0.0665619 -0.5969591 -0.7995057 -1.89523e-7 -0.5732572 -0.8193755 0.03266993 -0.5811809 -0.8131183 0.6538904 -0.3198668 -0.6856475 0.857178 -0.2881399 -0.4268739 0.1292417 -0.9855156 0.1097982 0.327827 -0.38313 -0.8635629 -0.056645 -0.4562013 -0.8880719 -0.3686223 -0.4838645 -0.793721 -0.5489475 -0.5772827 -0.6044844 -0.6472295 -0.693024 -0.3175088 0.8892223 -0.4312537 -0.1526562 0.7264069 -0.1465022 0.6714686 0.7715558 0.6361616 0 0.03155103 -0.4082628 0.912319 0.7518486 -0.3483527 0.5597982 0.2264062 -0.5677278 0.7914704 0.4349321 -0.5860137 0.6836827 0.5930921 -0.6117333 -0.5234732 -0.07192843 -0.7992048 -0.5967395 0.2000101 -0.7156256 -0.6692354 -0.09301873 -0.9683097 0.2317844 -0.2391554 -0.8939676 0.3789811 0.2120262 -0.7834511 0.5841655 0.1675239 -0.9245334 0.3423066 -0.2114717 -0.9770793 0.02440791 0.9313615 -0.3215142 0.170864 0.857178 -0.2881399 -0.4268739 -0.2059714 -0.9071914 -0.3668508 0.1985884 -0.9797788 -0.02441816 -0.056645 -0.4562013 -0.8880719 0.327827 -0.38313 -0.8635629 -0.3686223 -0.4838645 -0.793721 0.6538904 -0.3198668 -0.6856476 0.7765993 -0.08190845 0.6246476 0.7510881 0.6583941 0.04882644 0.4160923 -0.6403177 0.6456473 0.8518072 -0.1846093 0.4902488 0.5690625 -0.5060032 -0.6481733 -0.1984594 -0.754759 -0.6252623 -0.03853799 -0.8264683 -0.5616627 -0.5489475 -0.5772827 -0.6044844 0.7694724 0.05771999 0.6360666 0.5854468 0.8014593 0.1221271 0.2393022 -0.6880894 0.6850311 0.9679193 -0.2122932 0.1344014 0.7124569 -0.4037383 -0.5739343 -0.1508408 -0.8660935 -0.4765806 0.4598365 -0.518271 -0.7210726 -0.6472295 -0.693024 -0.3175088 0.3116604 -0.7911967 0.5261897 0.993087 -0.116744 0.01220852 0.9274044 -0.3738611 0.01220771 0.9270633 -0.3451223 -0.1464386 0.9231984 -0.2487295 -0.292982 0.914115 -0.1752054 -0.365646 0.9071715 -0.1583648 0.3898211 0.9182166 -0.2376471 0.3168628 0.9259726 -0.3426137 0.1587164 0.7129951 -0.7011691 0 0.7131301 -0.6474671 -0.2687599 0.7063739 -0.4611264 -0.5370273 0.6846746 -0.3149503 -0.6572876 0.6846793 -0.3071494 0.6609641 0.7030343 -0.4534723 0.547819 0.7114187 -0.6443182 0.2806025 0.385753 -0.9226021 0 0.3861822 -0.8517377 -0.3541275 0.3853974 -0.6074199 -0.6946294 0.3713103 -0.4137131 -0.8312461 0.3601322 -0.4046728 0.8405622 0.3815516 -0.6067359 0.6973449 0.3854582 -0.8519046 0.3545146 0.001144164 -0.9999994 0 0.002294073 -0.9252763 -0.3792868 0.002675556 -0.6658311 -0.7460977 3.81771e-4 -0.4523981 -0.891816 -0.004216776 -0.4450616 0.8954901 -7.66394e-4 -0.6636974 0.7480008 3.82076e-4 -0.9253886 0.3790196 -0.3786477 -0.9255409 0 -0.3780949 -0.855387 -0.3540585 -0.3770597 -0.6133402 -0.6940028 -0.366578 -0.419437 -0.8304777 -0.3658302 -0.4174363 0.8318145 -0.3773237 -0.6126274 0.6944887 -0.3794016 -0.8548928 0.3538539 -0.4473088 -0.8568491 0.256368 -0.700373 -0.6612406 -0.2687722 -0.6965038 -0.4755308 -0.5373574 -0.6778818 -0.3284739 -0.657709 -0.6783287 -0.3288982 0.6570359 -0.6968965 -0.4752781 0.5370718 -0.4063361 -0.7312528 0.547869 -0.800433 -0.5359106 0.2685275 -0.9173151 -0.3702083 -0.1465567 -0.9136727 -0.2687273 -0.3049388 -0.9059517 -0.1911676 -0.3777655 -0.9056827 -0.1920337 0.3779711 -0.9135783 -0.2688678 0.3050982 -0.7573085 -0.4719597 0.4513734 -0.989269 -0.1461063 0 0.6005518 -0.06600729 0.7968568 0.8318079 -0.1409876 0.5368595 0.5983028 -0.2743493 0.7528389 0.7102278 -0.4487557 0.5423974 -0.6248394 -0.3936717 0.6742391 -0.5126476 -0.5404924 0.6671285 -0.7339631 -0.5451316 0.4051293 -0.5169229 -0.7355183 0.4379538 0.3654985 -0.254857 0.8952423 0.5997686 -0.03281176 0.7995006 0.2876376 -0.1098669 0.9514168 -0.01678148 -0.1773497 0.9840049 -0.3883733 -0.3891363 0.8353078 -0.02977169 -0.3946658 0.9183423 0.5401971 0.8328038 0.1209339 0.849699 0.297757 0.4351466 0.891672 0.4452639 0.08161583 0.5328799 0.6517004 0.5397459 -0.9174433 -0.2970008 0.2647424 -0.9006271 0.03766918 0.4329571 -0.9946614 0.1028039 0.00896435 -0.9460695 -0.2775503 -0.1670881 0.09652542 -0.5337512 0.8401146 0.1239565 -0.7233337 0.6792814 0.06788975 -0.4081012 0.910409 0.4616233 -0.2613322 0.8477083 0.2876376 -0.1098669 0.9514167 0.743066 0.06141356 0.6663944 0.8954555 0.144539 0.421032 0.8318079 -0.1409876 0.5368595 0.6005518 -0.06600729 0.7968567 0.919457 -0.09957604 0.3803729 0.9475638 0.1739489 0.2680759 0.948441 0.2803643 0.1478362 0.7909467 -0.1279473 0.5983585 0.7102278 -0.4487557 0.5423974 0.08887164 -0.5009995 0.8608724 0.1239565 -0.7233337 0.6792814 -0.6827703 -0.5254279 0.5076911 -0.5169229 -0.7355183 0.4379538 -0.375969 -0.5056134 0.7765323 -0.3395531 -0.3128467 0.8870348 -0.8778179 -0.319692 0.3566969 -0.5880865 -0.3657425 0.7213784 -0.3395531 -0.3128467 0.8870348 -0.6248394 -0.3936717 0.6742391 -0.7339631 -0.5451316 0.4051293 -0.9247083 -0.3549674 0.1375237 -0.01678148 -0.1773497 0.9840049 0.6262869 -0.5850938 0.5151992 0.02060371 -0.8615403 0.507271 -0.5218515 -0.7591261 0.3890998 -0.8664705 -0.4700535 0.1681624 0.005339205 -0.9786001 0.2057024 0.6764998 -0.6932788 0.2484201 -0.6005544 -0.7974325 0.0586151 0.9735001 -0.149153 0.1733522 -0.9056967 -0.4093567 -0.1101839 -0.9686731 -0.1807681 -0.1702805 -0.9484595 -0.1209419 -0.2929122 -0.9466629 -0.2133996 -0.2414334 -0.91504 -0.2124541 -0.3428777 0.9749055 0.2095894 0.07504407 0.9482356 0.3175407 -0.004148054 0.8660373 0.4965408 -0.05853859 0.8742295 0.1903318 0.4466504 0.8877848 0.2448273 0.3897406 0.8366835 0.00858039 0.5476196 0.8366835 0.00858039 0.5476196 0.8742295 0.1903318 0.4466504 0.8877848 0.2448273 0.3897406 0.9960544 -0.03303339 0.08236897 0.611062 0.6369998 0.4699304 0.611062 0.6369998 0.4699304 0.6638148 0.7473639 -0.0282312 0.4272572 0.8957142 -0.1230749 0.1560389 -0.6052708 0.7805762 0.289903 -0.9351281 0.203695 0.1560389 -0.6052708 0.7805762 -0.8052051 -0.4481838 0.3882988 -0.7713867 -0.6338571 0.05646154 -0.8052051 -0.4481838 0.3882988 -0.8803624 -0.3135433 0.3558831 -0.9466628 -0.2133996 -0.2414334 -0.9247083 -0.3549674 0.1375237 -0.8803624 -0.3135433 0.3558831 -0.8830246 -0.3382385 0.325365 -0.9247007 -0.3029585 -0.2305314 -0.91504 -0.2124541 -0.3428777 -0.8830246 -0.3382384 0.325365 -0.8803624 -0.3135433 0.3558831 -0.9396952 0.01936238 0.3414646 -0.9951549 0.07995758 -0.05721472 -0.9396952 0.01936238 0.3414645 -0.1148145 0.7771912 0.6187014 -0.06485834 0.8107293 0.5818174 -0.06485834 0.8107293 0.5818174 -0.05379199 0.998013 -0.0328093 -0.1480198 0.980059 0.1325693 -0.5893384 0.7911248 -0.163713 -0.7595732 0.6405441 0.112925 -0.6203465 0.5182907 0.5886806 -0.6988921 0.5218801 0.4890718 -0.698892 0.52188 0.4890718 -0.7126875 0.6991434 -0.05722865 -0.9951549 0.07995758 -0.05721472 -0.9396952 0.01936238 0.3414645 -0.9873434 0.02841688 -0.1560306 0.9707301 -0.1908835 -0.1457621 0.2670463 -0.9537371 -0.1381011 0.7438386 0.649619 -0.1571597 0.104895 0.9812446 -0.1617289 -0.5950126 0.7864846 -0.1655356 -0.9800162 0.1460775 -0.1350168 -0.7503139 -0.6491341 -0.1251159 -0.9800162 0.1460775 -0.1350168 0.1911224 -0.9701082 -0.1495409 -0.8085193 -0.57468 -0.126647 0.9652659 -0.2325771 -0.1190367 0.7965707 0.5947575 -0.1083458 0.2212364 0.9700071 -0.1007007 -0.4834131 0.8710593 -0.08699147 -0.9614096 0.2599744 -0.09002784 -0.9614096 0.2599744 -0.09002784 0.201099 -0.972678 -0.116004 -0.8269916 -0.5552058 -0.08849724 0.9742262 -0.2143756 -0.07018701 0.8131453 0.5804912 -0.04271682 0.2380434 0.9708661 -0.02746655 -0.4866871 0.8734432 -0.01525665 -0.9555902 0.2927806 -0.03356963 -0.9555902 0.2927806 -0.03356963 0 0 -1 0 0 -1 0 0 -1 0 0 -1 0 0 -1 0 0 -1 0 0 -1 0 5.96047e-6 -1 0 0 -1 0 0 -1 0 0 -1 0 0 -1 0 0 -1 0 0 -1 6.56579e-7 -0.9892035 0.1465487 6.56979e-7 -0.9909045 0.1345673 0.3437784 -0.6469319 0.6806582 0.443513 -0.8359468 0.323248 1.63212e-6 -0.9481472 0.3178318 9.72424e-7 -0.7218767 0.6920217 0.3499814 -0.7251799 0.5929816 5.52175e-7 -0.8063565 0.5914298 1.04594e-7 -0.8426009 0.5385385 2.9049e-9 -0.9016181 0.432533 0.3336744 -0.8338043 0.4398088 0.3281833 -0.7696905 0.547606 3.40187e-7 -0.9420863 0.3353706 0.3400552 -0.8737742 0.3476798 0.5050393 -0.7857863 0.3570369 0.4953544 -0.7415027 0.452546 0.4715442 -0.5570021 0.6836628 0.6404337 -0.6938031 0.3293659 0.4899053 -0.6389405 0.5930835 0.4797096 -0.6836626 0.5499855 0.4759544 -0.8313947 0.2867931 0.4897676 -0.8132279 0.3143057 0.3323054 -0.8983706 0.2872341 0.3186535 -0.9117453 0.2591918 5.93708e-7 -0.9673901 0.2532914 6.1295e-7 -0.9755362 0.2198391 0.1675239 -0.9245334 0.3423066 0.2120262 -0.7834511 0.5841655 0.4349321 -0.5860137 0.6836827 0.7518486 -0.3483528 0.5597983 0.8518072 -0.1846093 0.4902488 0.9679193 -0.2122932 0.1344014 -0.2560663 -0.8703206 0.4206804 0.6443474 0.7287738 -0.231744 -1.60463e-7 -0.850369 0.5261868 -0.5457193 -0.8307367 -0.1098495 -0.3295107 -0.9390888 -0.09764693 -0.3372467 -0.9363353 -0.09767801 -0.5457193 -0.8307368 -0.1098495 -0.8897784 -0.4342523 -0.140426 -0.8897982 -0.4342154 -0.1404141 -0.8897784 -0.4342523 -0.140426 -0.3142904 -0.9477358 0.0549412 -0.3116547 -0.9486054 0.05494738 -0.5185637 -0.8539703 0.04273668 -0.5185637 -0.8539702 0.04273667 -0.9074244 -0.4157598 0.06102897 -0.9074244 -0.4157598 0.06102897 -0.9074244 -0.4157598 0.06102897 -0.2296533 -0.2714606 0.9346489 -0.09213291 -0.4526364 0.8869227 -0.180499 -0.4833703 0.8566056 -0.07265785 -0.008030604 0.9973245 -0.8781863 0.03364406 0.4771339 -0.1034376 -0.9339923 0.3419931 -0.09213291 -0.4526364 0.8869227 -0.180499 -0.4833703 0.8566056 -0.2458127 0.1786341 0.9527151 -0.04892897 -0.06116122 0.9969279 0.3132584 0.8711784 0.3780442 -0.5538223 0.3748014 0.7435085 -0.2716481 0.9538206 0.1281935 -0.2296533 -0.2714605 0.9346489 -0.6360464 0.4712586 0.6110322 -0.2973769 -0.4616967 0.8357053 -0.175261 -0.9437424 -0.2804176 -0.7588831 -0.4633382 0.457618 0.4659811 0.1796048 0.866374 -0.8809654 0.05606143 0.4698482 -0.6444149 0.7286845 -0.2318368 -0.8781864 0.03364406 0.4771339 0.006456924 0.5803635 -0.814332 0.7126748 0.6928359 -0.1098771 0.8209635 -0.2098187 -0.5310321 0.4659811 0.1796048 0.866374 0.1236221 0.8638282 0.4883835 0.4134105 0.9065284 -0.08542801 0.4134105 0.9065285 -0.08542801 -0.1502672 0.959574 0.2379866 0.4154186 -0.231382 -0.8797101 0.2989047 -0.3057761 -0.9039673 0.5532561 0.6146123 -0.5622805 -0.1502672 0.959574 0.2379866 0.1267012 0.9376649 -0.3236222 0.1267012 0.9376649 -0.3236222 -0.2592093 0.6745507 -0.6912249 0.2989047 -0.3057761 -0.9039673 -0.01871225 0.9065895 0.4215985 -0.1293065 0.2444581 0.9609995 0.1989353 0.9425355 -0.2684244 0.006456924 0.5803635 -0.8143319 0.3120551 0.8393862 0.445031 0.1267012 0.9376649 -0.3236222 -0.1909071 0.6177303 0.7628654 -0.4614175 -0.8850826 -0.06101388 -0.8781863 0.03364406 0.4771339 0.7670631 0.2996579 -0.5672912 0.06112977 0.769471 -0.6357496 -0.8886977 0.3249658 -0.3234402 -0.4750882 0.3062868 -0.8249119 -0.6156791 -0.6701607 -0.4145167 0.003815533 -0.2403786 -0.9706718 -0.3640266 -0.9280007 0.07936849 0.2560664 -0.8703207 0.4206804 0.1236221 0.8638282 0.4883835 0.1679434 -0.736117 -0.655688 0.8209635 -0.2098187 -0.5310321 0.7126748 0.6928359 -0.1098771 0.6349138 0.5994028 -0.4874431 -0.09129439 0.7716095 0.6295111 -0.09148378 0.771596 0.6295001 -0.09148378 0.771596 0.6295001 -0.09134822 0.7713 0.6298823 -0.07523689 0.7984634 0.5973238 -0.07570098 0.8013598 0.5933733 -0.07575894 0.7987048 0.5969348 -0.07524001 0.799009 0.5965934 -0.07217009 0.8400751 0.537648 -0.0717902 0.8400981 0.5376628 -0.07179021 0.8400982 0.5376629 -0.07207757 0.8405237 0.5369589 -0.0521632 0.8636544 0.5013782 -0.05197264 0.863663 0.5013831 -0.05197265 0.8636631 0.5013831 -0.05197264 0.863663 0.5013831 0.09140211 -0.7709902 -0.6302539 0.09134822 -0.7713 -0.6298823 0.09159172 -0.7709767 -0.6302428 0.09159172 -0.7709766 -0.6302428 0.2989047 -0.3057761 -0.9039673 -0.2592093 0.6745507 -0.6912249 0.07538041 -0.7987278 -0.596952 0.07542628 -0.7984519 -0.5973152 0.07542628 -0.7984519 -0.5973152 0.07542628 -0.7984519 -0.5973152 0.07155421 -0.8373364 -0.541985 0.0717902 -0.8400981 -0.5376628 0.07198015 -0.8400866 -0.5376555 0.07235786 -0.8396189 -0.5383348 0.05197265 -0.8636631 -0.5013831 0.05197264 -0.863663 -0.5013831 0.05197265 -0.8636631 -0.5013831 0.05121036 -0.8636971 -0.5014029 0.1679435 -0.7361171 -0.655688 -0.4614175 -0.8850826 -0.06101388 0.7670632 0.2996579 -0.5672913 -0.3640266 -0.9280007 0.07936849 -0.2328153 -0.7152255 0.6589761 -0.3604652 -0.9180941 0.1648277 -0.6967869 -0.6807557 0.2259643 -0.3645764 -0.6033282 0.7092808 -0.4984472 -0.3982804 0.7700151 -0.1384703 -0.7490769 0.6478502 -0.2829414 -0.8488243 0.4465886 -0.1900523 -0.8782777 0.4387579 -0.6678787 -0.7331401 0.1282327 -0.4422477 -0.8967059 0.0183157 -0.3458076 -0.9202453 -0.1832093 -0.6182762 -0.6671578 0.4154938 -0.5229617 -0.2563238 0.8129017 -0.8366448 -0.1506037 0.5266346 -0.844144 -0.5338867 0.04884739 -0.8560933 -0.1278605 0.5007554 -0.4572023 0.3386826 -0.8223504 -0.4902043 -0.4520264 -0.7452328 -0.3065953 -0.265462 -0.9140729 -0.4907206 -0.5293811 -0.6920615 -0.6987526 -0.2703869 -0.6622959 -0.1427462 0.7516957 -0.6438766 -0.1968468 -0.8604418 0.4699908 -0.2030662 -0.9748703 0.09160879 -0.6987526 -0.2703869 -0.6622959 -0.1968468 -0.8604418 0.4699908 -0.6837522 0.1212002 -0.7195787 -0.7065479 -0.5817956 -0.4028696 -0.2256512 -0.8077548 -0.5446225 -0.6837522 0.1212002 -0.7195787 0.05592673 0.9155129 -0.3983822 -0.5694528 0.4202379 -0.7064869 -0.1763294 0.1795631 -0.9678146 0.162171 0.9867627 0 -0.1763294 0.1795631 -0.9678146 -0.5694528 0.4202379 -0.7064869 -0.4694342 -0.8141183 -0.3418229 0.2136133 0.8239369 0.5248784 0.1801418 0.8433303 0.5063033 -0.5229617 -0.2563238 0.8129018 -0.8162281 -0.4651047 -0.3427088 -0.8370925 -0.469337 0.2810676 -0.8509011 -0.0739041 0.5201014 -0.2817271 -0.2889704 -0.9149459 -0.1226722 0.9249941 -0.3596353 0.1377816 0.8929011 -0.4286537 0.09079851 0.9831418 -0.1587066 -0.1365716 -0.989953 0.03662254 -0.5566248 -0.7703153 -0.3110999 0.1341036 -0.8484336 -0.5120318 -0.3717973 -0.5597997 -0.7405344 -0.5771592 0.406149 0.7084705 -0.3844448 0.8085546 0.4454679 -0.9611791 0.269092 -0.06102725 -0.1328142 0.9793138 0.15266 -0.6635852 0.7005782 -0.2623831 -0.8048791 0.5794595 -0.1280489 -0.9846703 0.1655133 0.05504368 -0.9846703 0.1655133 0.05504368 -0.8048791 0.5794595 -0.1280489 -0.5710348 0.5807684 0.5801958 -0.1333679 -0.6158233 0.7765144 -0.906042 -0.3578866 0.2258429 -0.9740406 0.0145009 0.2259087 0.5232959 -0.5783598 0.6258286 -0.6087124 -0.6199813 0.4950682 -0.8820809 0.03716633 0.4696299 0.4867179 -0.7199608 0.4947344 -0.2098859 -0.9418155 0.2625482 -0.2924263 -0.9177452 0.2687573 -0.8891491 -0.4314091 -0.1526437 -0.246918 -0.6707813 0.6993455 -0.7522126 0.1836798 -0.6328017 -0.6019429 0.1266051 -0.788439 -0.6487383 0.1514869 -0.7457817 -0.8060946 0.1937362 -0.559176 -0.9090081 0.1857771 -0.3730832 -0.9269323 0.1763395 -0.3312115 -0.9103019 -0.4084626 0.06714716 -0.179687 -0.4663032 0.8661835 -0.5687533 0.09244146 -0.8172969 -0.5601257 0.07183058 -0.8252875 -0.9607553 -0.09026144 0.2623014 -0.1739473 -0.1060232 0.9790308 -0.5789609 -0.03741972 -0.8144962 -0.5703657 -0.01026658 -0.8213267 -0.8946536 0.3781113 0.2379641 -0.1937712 0.3364295 0.9215574 -0.5829461 -0.1265457 -0.8025959 -0.5895106 -0.1170632 -0.799233 -0.1960956 0.7088436 0.6775599 -0.6722913 0.7141668 -0.1949112 -0.561342 -0.2104078 -0.8003897 -0.5093372 -0.377784 -0.7732107 -0.2218146 -0.9749173 -0.01829399 -0.3220804 -0.9463974 -0.02442316 -0.9512343 0.1961229 -0.2380947 -0.9528784 0.208693 -0.2201596 -0.3510845 -0.7963995 -0.4924302 -0.2416558 -0.8651543 -0.4394435 -0.9019935 0.4296297 -0.04273404 -0.9169921 0.3921248 -0.07323731 -0.3458076 -0.9202453 -0.1832093 -0.6182761 -0.6671577 0.4154938 -0.9991477 0.0190677 -0.03660999 -0.1365512 0.9631056 0.2319082 -0.02518728 0.9948976 -0.09769613 0.1719964 -0.07284106 -0.9824009 -0.2947509 -0.1744327 0.9395186 -0.6171467 -0.1280352 0.7763614 -0.4802614 -0.5376344 0.6930355 -0.2257351 -0.5255038 0.8202984 -0.2118901 0.3671742 0.9056963 -0.3338066 -0.8276574 0.4511724 0.2053998 0.9786023 -0.01219442 -0.1848692 -0.3289948 0.9260594 -0.4016567 -0.8826531 -0.2441218 -0.7761883 -0.5813788 -0.2439885 -0.5229617 -0.2563238 0.8129018 -0.1848692 -0.3289948 0.9260594 -0.9466561 -0.23009 -0.2256121 -0.8366448 -0.1506037 0.5266346 -0.178929 -0.3492923 -0.9197714 -0.839775 -0.1790529 -0.5125603 0.3477577 -0.3433726 -0.8724447 -0.9293696 -0.1979779 -0.3115717 -0.02055014 0.2246244 -0.9742287 -0.7593392 0.3511373 -0.5478199 -0.8855318 0.3282214 -0.3287922 0.389586 0.1431171 -0.9098024 -0.7969021 0.2357088 0.556227 -0.8064778 0.3117156 0.5024211 -0.4430655 -0.8362027 0.3231996 -0.6402087 -0.6939725 0.3294463 -0.2980224 -0.6101908 0.734064 -0.5025531 -0.5036988 0.7026578 -0.3128396 -0.6829759 0.6600572 -0.6377308 -0.1230238 0.7603713 -0.6259293 0.2961509 0.7214618 -0.773581 0.2357124 0.5882279 -0.9141442 0.3233694 -0.2444848 -0.773581 0.2357124 0.5882279 -0.5080112 0.5854658 0.6317867 -0.1909071 0.6177304 0.7628655 -0.2296533 -0.2714606 0.9346489 -0.5495344 0.595329 0.5861701 -0.6360464 0.4712586 0.6110322 -0.5371562 0.7336162 0.4162579 -0.1909071 0.6177303 0.7628655 -0.3910257 0.8952178 -0.2137378 -0.773581 0.2357124 0.5882279 -0.9141442 0.3233694 -0.2444848 -0.5080112 0.5854658 0.6317867 -0.4571823 0.5785143 0.6755039 -0.2144048 0.73804 0.6397871 0.06866899 0.6706671 -0.7385731 -0.2857618 0.8694941 -0.4028898 -0.7593392 0.3511373 -0.5478199 -0.02055014 0.2246244 -0.9742287 0.2556466 0.6256815 -0.736999 0.389586 0.1431171 -0.9098023 -0.3885265 0.8653371 -0.3166053 -0.8855318 0.3282214 -0.3287922 0.01983252 0.9595888 -0.2807064 0.06021927 0.9631273 0.2622206 -0.04043655 0.7957609 0.6042595 -0.6931145 -0.7205948 -0.01832021 -0.8910708 -0.4523898 0.03655675 -0.2179781 -0.2541643 -0.9422771 -0.1550304 0.09173903 -0.983641 -0.1550304 0.09173902 -0.9836409 -0.2029613 0.4780273 -0.854574 -0.9827611 -0.1606143 0.0915616 -0.3931155 0.7191881 -0.5729125 -0.8099223 -0.5628387 -0.1650408 -0.5952746 -0.5849453 -0.5508968 -0.9760488 -0.2161795 0.02440122 -0.754472 -0.1263204 0.6440615 -0.5419278 -0.7621576 0.3541613 -0.8099223 -0.5628387 -0.1650408 -0.5952746 -0.5849453 -0.5508968 0.1129623 -0.953072 -0.2808793 -0.07115269 -0.3263077 -0.9425818 -0.07115269 -0.3263078 -0.942582 0.6508722 -0.393347 -0.6493408 0.03499185 0.05210742 -0.9980283 0.7288349 0.2215536 -0.6478533 0.03499185 0.05210742 -0.9980283 0.03499185 0.05210742 -0.9980283 0.04226436 0.5277282 -0.8483611 0.04226436 0.5277282 -0.8483611 0.03499185 0.05210742 -0.9980283 0.7288349 0.2215536 -0.6478533 0.5040558 0.7537925 -0.4215739 -0.4255017 0.7945749 -0.4331271 -0.03357272 0.9926842 0.1159785 -0.4255017 0.7945749 -0.4331272 -0.9760488 -0.2161795 0.02440122 -0.3238006 -0.7704089 0.5492024 -0.5487854 -0.5968042 0.5853711 -0.7570511 -0.1591787 0.6336685 -0.7380164 0.3437965 0.5806341 -0.2991504 0.7427182 0.5990649 -0.5625716 0.5978763 0.5710142 -0.3251595 -0.8172826 0.4757316 -0.3531935 -0.8970962 0.2654672 -0.3429811 -0.8605151 0.3766668 -0.3425357 -0.9169887 0.2044534 -0.5739553 -0.6479895 0.5006844 -0.6046927 -0.6838968 0.4082057 -0.6291961 -0.7147179 0.305435 -0.6391973 -0.7261525 0.2532381 -0.326759 -0.9283622 0.1771217 -0.6496772 -0.7259304 0.2257094 -0.6599836 -0.7194278 0.216438 -0.3208964 -0.9329624 0.163116 -0.819637 -0.1961165 0.538269 -0.9048942 -0.2353948 0.3546207 -0.8685192 -0.2152185 0.4464923 -0.9225786 -0.2401754 0.3019348 -0.9398523 -0.2486503 0.2342027 -0.9354498 -0.2437654 0.2559537 -0.8019824 0.3433249 0.4888274 -0.8902303 0.3115425 0.332312 -0.8527795 0.3316365 0.4034656 -0.908165 0.2933251 0.2986583 -0.9276984 0.2742661 0.2532861 -0.9400123 0.2589597 0.2220741 -0.6357491 0.5967321 0.4896263 -0.6856252 0.5942085 0.4205168 -0.7214617 0.6040145 0.3386142 -0.7350935 0.608511 0.2989177 -0.747416 0.6116609 0.2593076 -0.752153 0.6133174 0.2410551 -0.3491466 0.7806247 0.5183837 -0.3702802 0.8214877 0.4336478 -0.3823442 0.8608468 0.3357913 -0.3953361 0.8763156 0.2752824 -0.3943419 0.8849767 0.2476101 -0.3929735 0.8881965 0.2380733 -0.8380121 0.5415024 0.06716309 -0.8373663 0.541713 0.0732457 0.5766054 -0.3973458 -0.7138925 0.2733226 -0.9253746 -0.262634 0.8015445 -0.3544705 -0.4815363 0.5845731 -0.8098773 0.04871443 -0.1068902 -0.5645138 0.8184735 -0.5990168 -0.003987397 0.8007266 -0.4142597 -0.4485276 0.7919671 0.6836967 -0.6541284 0.3235351 0.3389526 -0.772186 0.5374384 -0.6072187 0.4526487 0.652989 -0.6614279 0.0167643 0.7498214 -0.6369882 0.4010702 0.6583228 0.8315686 0.2067414 -0.5155111 0.5810729 0.4753712 -0.6605881 0.3759352 0.9083191 -0.183383 0.1859877 0.8384692 -0.5122284 0.9164811 -0.2583331 -0.3054937 0.6465554 -0.02530372 -0.7624473 0.6836967 -0.6541284 0.3235351 0.868927 -0.4548528 -0.1951275 0.5848222 0.03902622 -0.8102223 0.3389526 -0.772186 0.5374384 -0.4676723 -0.6441955 0.6052229 0.2164856 -0.8385004 0.5000511 -0.5278423 -0.5907716 0.6102224 0.1706227 0.1424395 -0.9749867 -0.1287612 0.5069971 -0.8522761 -0.417515 -0.6133204 -0.6704621 -0.8348759 0.5405286 -0.1039772 -0.1588773 0.7451195 -0.6477307 0.5385923 -0.2118615 -0.8154956 0.3913052 -0.07594913 -0.9171216 -0.417515 -0.6133204 -0.6704621 -0.7216321 -0.1185593 0.6820489 -0.3177339 -0.740106 0.5926958 -0.7483218 0.2498684 0.6144757 -0.8090243 0.238271 0.5373143 0.4437143 0.0684697 -0.8935488 0.5930493 -0.0603979 -0.8028976 0.5375354 -0.8070666 -0.2443343 0.5385923 -0.2118615 -0.8154957 0.5375354 -0.8070667 -0.2443343 0.6194957 -0.749956 -0.2319294 0.434236 0.649825 -0.623832 0.6138119 -0.717259 -0.3298094 -0.5851276 -0.714267 0.38399 -0.2656083 -0.7510304 -0.6044879 -0.5247318 0.8481131 0.07321839 0.4459553 0.5680621 -0.6916858 -0.513152 0.6486944 -0.5620236 -0.8121426 0.5808651 -0.05495702 -0.3511494 0.6328323 -0.690085 -0.8519124 0.105344 -0.5129795 0.1552822 0.2915348 -0.9438724 0.7361857 -0.4681347 -0.488754 0.1129534 -0.5266071 -0.8425714 -0.3780424 -0.8366617 0.3963347 0.267251 -0.9305109 -0.2504524 -0.6979594 -0.196205 0.6887354 -0.6079808 0.5350384 0.5865946 -0.1281344 0.98694 0.09762622 0.4387596 0.7842066 -0.4387596 0.6976162 0.249394 -0.6716654 0.6760032 -0.358504 -0.6438126 0.6976162 0.249394 -0.6716654 0.265314 -0.9186403 -0.2927603 0.2897737 -0.925465 -0.24402 -0.3361905 -0.8451083 0.4156537 -0.367846 -0.8289891 0.4212676 -0.6978187 -0.2123422 0.684076 -0.6927806 -0.1717677 0.7003934 -0.6700887 0.455439 0.5861368 -0.6645537 0.4907591 0.5634925 -0.2774881 0.954437 0.1097755 -0.2182222 0.9739884 0.06104118 0.3140985 0.7913452 -0.524514 0.3437303 0.7878421 -0.5110326 0.5820855 0.2425356 -0.776114 0.6172165 0.2567926 -0.7437078 0.5820855 0.2425356 -0.776114 0.6172165 0.2567926 -0.7437079 0.627686 -0.3444618 -0.6981093 0.5941172 -0.3310409 -0.7331008 -0.3880516 -0.7888026 0.4766617 -0.6962699 -0.1151384 0.7084852 -0.6742079 0.4334875 0.59794 -0.644902 -0.01580736 0.7641019 -0.2255592 -0.676487 0.7010623 -0.2255592 -0.676487 0.7010623 -0.644902 -0.01580736 0.7641019 0.5845731 -0.8098774 0.04871443 -0.6476475 0.482954 0.5893286 -0.6476475 0.482954 0.5893286 0.5806831 0.1771657 -0.794619 -0.3629791 0.9124044 0.1891151 0.2454925 0.8340644 -0.4940345 0.5806832 0.1771657 -0.7946191 -0.3663232 0.8810836 0.2991639 0.3263583 0.8904321 -0.3172081 0.7823188 0.1709412 -0.5989628 0.7823189 0.1709412 -0.5989628 -0.3663232 0.8810836 0.2991639 -0.2810049 0.9077299 0.3115489 0.3263583 0.8904321 -0.3172081 0.3759352 0.908319 -0.183383 0.7823188 0.1709412 -0.5989628 0.3263583 0.8904321 -0.3172081 0.8015445 -0.3544705 -0.4815363 -0.3875454 0.8698792 0.3051538 0.1859877 0.8384692 -0.5122284 0.7678931 -0.5972502 -0.2315868 0.2164856 -0.8385004 0.5000511 0.5307645 0.03566553 -0.8467686 0.7267976 -0.6057919 -0.3236998 0.1403653 -0.8902514 0.4333014 0.4955491 0.249304 -0.8320329 0.1403653 -0.8902514 0.4333014 -0.6950178 -0.3501762 0.6279547 -0.8348758 0.5405285 -0.1039772 -0.5531961 -0.6360991 0.5379145 0.5375354 -0.8070667 -0.2443343 -0.5118949 0.8120237 0.2803234 -0.4951107 0.8479153 0.1894868 0.2913112 0.7394676 -0.6068982 0.5863801 0.5651926 -0.580272 0.2913112 0.7394676 -0.6068982 0.7475089 -0.1619983 -0.6441948 0.5863801 0.5651926 -0.580272 -0.3177339 -0.740106 0.5926958 -0.4169434 -0.7028256 0.576363 -0.8953197 0.2713177 0.3532554 -0.67441 -0.6637293 0.3234727 0.3694351 0.601477 -0.7083384 0.5188884 -0.01859986 -0.8546397 0.4459553 0.5680621 -0.6916858 -0.5213481 0.09908663 -0.8475717 -0.8762348 0.4762809 0.07327398 -0.5213482 0.09908664 -0.8475718 -0.6786453 0.2808582 -0.6786453 -0.5131521 0.6486945 -0.5620237 -0.6786453 0.2808583 -0.6786453 -0.7718649 -0.3306358 0.5430512 0.1860605 -0.9299216 0.317218 0.1403653 -0.8902513 0.4333014 -0.6950178 -0.3501762 0.6279547 0.7267975 -0.6057919 -0.3236998 -0.8348759 0.5405286 -0.1039772 -0.8277941 -0.5608992 0.01221836 -0.2075559 -0.9546045 -0.2136605 0.1129534 -0.5266071 -0.8425714 -0.8519124 0.105344 -0.5129795 -0.3511494 0.6328324 -0.6900851 -0.1588773 0.7451195 -0.6477307 -0.1588773 0.7451194 -0.6477306 0.495549 0.249304 -0.8320329 0.5845731 -0.8098774 0.04871443 -0.7471799 0.5833515 0.3184701 0.4361194 -0.7311863 -0.5245633 0.5174452 -0.7900552 -0.3287299 -0.5727071 -0.4542817 -0.6823744 -0.5727071 -0.4542817 -0.6823744 -0.7216321 -0.1185593 0.6820489 -0.1740044 0.9570244 -0.2320059 -0.2411079 0.9171255 -0.3174078 -0.6319218 -0.2342995 -0.7387684 -0.6319218 -0.2342995 -0.7387684 0.07935644 -0.9877587 0.1342955 0.02746236 -0.9993247 0.02441099 0.4342361 0.6498251 -0.6238321 0.3694351 0.601477 -0.7083383 0.5385922 -0.2118615 -0.8154956 0.07935644 -0.9877587 0.1342955 -0.6319217 -0.2342995 -0.7387683 0.02746236 -0.9993247 0.02441099 -0.1502671 0.9595739 0.2379865 0.2560664 -0.8703207 0.4206804 0.8209635 -0.2098187 -0.5310321 -0.1121382 -0.9861681 -0.1220552 0.3929417 -0.8322803 0.3910324 0.630478 0.191328 0.7522573 0.9642113 0.1037151 0.2440076 -0.5441571 -0.4977234 -0.6753995 0.4026207 -0.0241987 -0.9150469 -0.2994862 0.2365865 0.9243024 -0.007617622 -0.6101715 0.7922327 0.6098613 -0.05501866 0.7905961 -0.8285484 -0.4128444 0.3782421 -0.9681297 0.203148 -0.1464783 -0.8451357 -0.487373 -0.2195752 0.04769787 0.7984848 0.6001225 -0.2591173 0.6719696 0.6937687 0.1035278 0.9700726 0.2196391 -0.5501129 0.7442845 0.3787037 0.1035278 0.9700725 0.2196391 -0.2591173 0.6719696 0.6937687 0.05700528 0.8972632 -0.4378006 -0.2104049 0.9525499 -0.2199514 0.01573327 -0.06435904 0.9978028 0.04265636 -0.9387261 0.3420143 0.1732438 -0.9404663 0.2924203 -0.1319494 -0.9392591 -0.3168309 0.1325516 -0.7601406 0.6360945 0.04265636 -0.9387261 0.3420143 -0.1319494 -0.9392591 -0.3168309 0.1325516 -0.7601407 0.6360946 0.3929417 -0.8322803 0.3910324 -0.5041872 -0.5733035 -0.6458471 -0.6189808 -0.4469571 0.6458268 -0.6104837 0.02450118 -0.7916498 -0.5441571 -0.4977234 -0.6753995 0.4311906 -0.7262557 0.5353759 -0.1319494 -0.9392591 -0.3168309 -0.1319494 -0.9392591 -0.3168309 -0.5501129 0.7442845 0.3787037 -0.1121382 -0.9861681 -0.1220552 -0.1121382 -0.9861681 -0.1220552 0.1054074 0.9041446 -0.4140191 -0.2591173 0.6719696 0.6937687 0.05700528 0.8972632 -0.4378006 -0.2104049 0.9525499 -0.2199514 0.4651553 0.7042093 0.5363953 0.1054074 0.9041446 -0.4140191 -0.2591173 0.6719696 0.6937687 0.4651553 0.7042093 0.5363953 0.5546612 -0.5374593 0.6352074 -0.3810445 -0.9180142 -0.1097957 -0.3537897 -0.8798993 -0.3171907 -0.2411166 -0.9553028 -0.1710534 -0.7617291 -0.6468591 -0.03663627 -0.8501887 -0.522929 0.06102746 -0.9443846 -0.3175874 -0.08529926 -0.218925 -0.9719812 0.08558325 -0.4068673 -0.9114437 0.06106826 0.7064488 -0.5004648 -0.5004648 -0.9839167 -0.1769525 -0.02440724 -0.5246913 -0.523738 -0.6711167 -0.9280404 -0.3091559 -0.2077588 -0.9925961 -0.09689447 -0.07324307 -0.5246913 -0.523738 -0.6711167 -0.01522696 -0.5017283 -0.8648912 -0.5994304 -0.5295734 -0.6001959 -0.9280404 -0.3091559 -0.2077588 -0.5037352 -0.828695 0.243958 -0.5326146 -0.7086305 0.4627791 -0.7785114 -0.5582859 0.2867698 -0.3985611 -0.840962 0.3659671 -0.8018032 -0.5950585 0.05492848 -0.2291795 -0.9243445 0.3050642 -0.2895505 -0.9543523 0.07329427 -0.9025254 -0.4003599 -0.1586188 -0.4555007 -0.6108978 -0.6475517 -0.2995314 -0.5111392 -0.8056164 -0.4415772 -0.7357869 -0.5134463 -0.7996913 0.2409767 -0.549931 -0.9405326 0.0515576 -0.3357682 -0.9141136 -0.1726383 -0.3668683 -0.7061676 0.46027 -0.5380325 -0.5578867 0.6799125 -0.4759007 -0.6132516 -0.648485 -0.4509875 -0.6132516 -0.648485 -0.4509875 -0.3973448 -0.7716995 -0.4965852 -0.1513655 -0.1841804 -0.9711674 0.8160359 -0.5759356 0.04882103 0.28643 -0.9448371 -0.1588732 0.2067128 -0.6899301 0.6937336 0.8254263 -0.2062253 0.5254927 -0.4306024 -0.8139946 0.3898646 0.2794943 0.01670889 0.960002 0.6096731 0.1475461 0.7787997 -0.3922927 -0.09454674 0.9149685 -0.6330228 -0.7725928 0.04881139 -0.7818992 -0.1817839 0.5963123 -0.8803099 -0.2279169 0.416063 -0.7018601 -0.3246388 -0.6340364 -0.865743 -0.2397002 -0.439355 -0.8561247 -0.3511449 -0.3791409 -0.9445748 -0.1481144 -0.292986 -0.9141136 -0.1726383 -0.3668683 -0.6624478 -0.6148844 -0.4278786 -0.8429673 -0.4159629 -0.3411467 -0.9811407 -0.1105403 -0.1585682 -0.764563 -0.6060095 0.2195355 -0.6624478 -0.6148845 -0.4278786 -0.8429673 -0.4159629 -0.3411467 -0.9999112 0.005338962 -0.01220334 -0.9804302 -0.1827339 0.07324615 -0.9804302 -0.1827339 0.07324615 -0.990285 -0.09899035 -0.09765523 -0.9137155 0.3335786 0.2320547 0.2901607 -0.8960621 0.3359756 -0.2373502 -0.9299394 0.2808516 -0.3845783 -0.6595899 0.645787 0.2064245 -0.6864569 0.697256 -0.7320361 0.1003104 0.6738406 -0.2830082 0.3087013 0.9080803 0.2538691 0.3099876 0.9162195 0.1325516 -0.7601407 0.6360946 -0.7486855 0.1549864 0.6445536 -0.9374261 0.1421992 0.3178234 -0.9132257 -0.06550242 0.4021544 -0.4079419 0.2009924 0.8906096 -0.6189808 -0.4469571 0.6458268 -0.359075 0.2672007 0.8942422 -0.8106681 0.4924904 0.3166553 -0.8448154 0.1099782 0.5236333 -0.9923303 0.01908327 -0.122133 -0.9595785 0.06068933 0.2748196 -0.8851731 0.3563585 0.2991275 -0.5660403 -0.6043224 0.5607075 -0.9004617 -0.3788331 0.2136689 -0.7977087 -0.6015258 -0.04274803 0.02671535 -0.8651958 0.500722 0.1698521 -0.6430661 0.7467372 0.4867179 -0.7199608 0.4947345 0.8048279 -0.5644496 0.1834366 -0.01907025 -0.968006 -0.2502017 0.03973602 -0.9773533 0.2078499 -0.7414789 -0.6419286 -0.1952866 -0.6678787 -0.7331401 0.1282327 -0.6722913 0.7141667 -0.1949112 -0.8946535 0.3781113 0.2379641 -0.7225766 0.1200495 -0.6807872 -0.8069575 -0.1103173 -0.5802154 -0.7824587 0.3447089 -0.5185886 -0.7679577 0.6299236 -0.1159182 -0.5887402 0.7557532 0.2867439 -0.8106681 0.4924904 0.3166553 -0.9597505 0.1823373 0.213617 -0.9383024 0.1849209 -0.2922207 -0.6684601 0.741716 0.05494193 -0.9225113 -0.3461323 0.170779 -0.8069575 -0.1103173 -0.5802154 -0.6722913 0.7141667 -0.1949112 -0.9991477 0.0190677 -0.03660999 -0.5645573 -0.8239485 -0.04882658 -0.699169 0.7022222 0.1343381 -0.4505055 0.862069 0.2321248 -0.4740208 0.8116273 0.3414169 -0.665898 0.6597889 0.3482219 -0.7148239 -0.6850714 0.140371 -0.2439708 0.8769246 0.4141033 -0.7247643 0.6820415 0.09765247 -0.2390505 0.9607844 0.1405281 -0.9954976 0.09459133 0.006102667 -0.8754751 -0.4785727 -0.06716811 -0.2457188 -0.9660869 0.07936259 -0.6940865 0.6086605 -0.3844171 -0.2189566 0.8941364 -0.3906125 -0.3751542 0.368653 -0.8505024 -0.6035056 0.1318263 -0.786386 -0.91759 0.0266963 -0.3966308 -0.2544993 -0.5059461 -0.8241655 -0.0984899 -0.9528325 -0.2870713 -0.391756 -0.7983744 -0.4573027 -0.2960949 -0.05425222 -0.9536166 -0.4840849 -0.2641155 -0.8342091 -0.2058794 -0.03819655 -0.9778317 -0.9343547 -0.3563443 0 -0.9337031 -0.3578401 0.01220776 -0.8202837 -0.5698692 -0.04882414 -0.811968 -0.5774164 -0.08543016 -0.6855909 -0.722959 -0.08541288 -0.6747685 -0.7343743 -0.07336101 -0.5512087 -0.83115 0.0732022 -0.4121175 -0.8448029 -0.341273 -0.8061428 -0.5905864 -0.03662552 -0.8924606 -0.4066523 0.1953152 -0.7213703 -0.6817178 -0.1220077 -0.443013 -0.8951838 -0.04884209 -0.9312472 -0.3218561 0.170843 -0.6943192 -0.7187347 -0.03662343 -0.6849529 -0.727667 -0.03661218 -0.4355162 -0.878673 -0.1956003 -0.7302591 -0.6814225 -0.04883656 -0.7540517 -0.6563608 0.02442273 -0.7438075 -0.6682824 0.01220607 -0.667344 -0.732553 -0.1342315 -0.8023291 -0.5948827 0.04881089 -0.8027002 -0.5932505 0.06104184 -0.7962455 -0.6005225 0.07325306 -0.8460875 -0.5158231 -0.1343966 -0.8633127 -0.5009581 0.06109245 -0.8258864 -0.5504637 0.122071 -0.8431719 -0.5236501 0.1218677 -0.9303585 -0.3648165 -0.03663429 -0.8882296 -0.4393476 0.1342451 -0.879192 -0.3853366 0.2802448 -0.4944189 -0.7355339 0.4631844 -0.6323798 -0.6689953 0.3905651 -0.04413162 -0.5740982 0.8175964 -0.8884841 -0.4587448 0.01221284 -0.4350707 -0.7588179 0.4846741 -0.1455785 -0.4786562 0.8658494 -0.6867773 -0.7264578 0.02441875 -0.5623818 -0.5556846 0.6123245 -0.5518158 -0.2608653 0.7921165 -0.08580042 -0.3478084 0.9336315 -0.1783661 -0.6923692 0.6991498 -0.06591272 -0.4874475 0.870661 -0.2335512 -0.8021646 0.5495324 -0.4074608 -0.9003816 0.152607 -0.3044027 -0.9170417 -0.2576304 -0.4097674 -0.9055508 0.1098562 -0.5154986 -0.8547128 -0.06105092 -0.9809729 -0.1797814 -0.07328669 -0.6071468 -0.7912001 0.07331584 -0.2299798 -0.919919 0.317582 -0.4587904 -0.8394727 0.2911992 -0.6783583 -0.6928727 0.2444534 -0.8925821 -0.4264728 0.1463499 0.3040316 -0.8983792 -0.3169854 -0.126334 -0.8633459 -0.4885423 0.4041652 -0.5492991 -0.731383 0.1560392 -0.5507267 -0.8199707 -0.126334 -0.8633459 -0.4885423 0.3040316 -0.8983792 -0.3169854 -0.3892328 -0.6560918 -0.6465611 -0.3892328 -0.6560918 -0.6465611 -0.6367252 -0.7603713 0.1281268 -0.5070634 -0.839514 -0.1952004 -0.7600457 -0.5916981 -0.2687455 -0.9379739 -0.2981689 -0.1769187 -0.9889954 -0.02050868 -0.1465178 -0.9761016 -0.06377502 -0.2077462 -0.9056228 -0.2122553 -0.3671444 -0.9445747 -0.1481144 -0.292986 -0.4965714 -0.8648968 -0.0732834 -0.3503853 -0.9356318 -0.04270202 -0.4162115 -0.8564683 -0.3053362 -0.3265699 -0.8924657 -0.3112188 -0.3167899 -0.9371106 0.1465189 -0.2862534 -0.8459345 -0.4499489 -0.1377327 -0.9671343 0.2137313 -0.1676631 -0.9839541 -0.06102042 -0.3076109 -0.9194859 -0.2447882 -0.1755479 -0.6210302 -0.7638747 -0.1414893 -0.5388617 -0.830427 -0.3545632 -0.7793933 -0.516557 -0.311976 -0.7617174 -0.5678535 -0.1270119 -0.4070411 -0.904536 -0.4283389 -0.7798355 -0.4564891 -0.2339137 -0.8578742 -0.4575329 0.1121015 -0.8433391 -0.5255592 -0.5850065 -0.6524633 -0.4817252 -0.1448368 0.02060919 -0.9892409 -0.01040188 0.09390324 -0.995527 0.2497402 0.07560941 -0.9653565 0.03594301 -0.2473906 0.9682489 -0.1301985 -0.9668624 0.2196028 -0.348101 -0.9066107 0.2385013 0.01644143 -0.1322961 0.991074 -0.4797827 -0.8425825 0.2446701 -0.03427003 -0.1804696 0.9829834 -0.4298787 -0.8692889 -0.2440109 -0.4427187 -0.8079806 -0.3888027 -0.5967228 -0.6366062 -0.4885227 -0.2913145 -0.8528696 -0.4333005 -0.4956784 -0.8010193 -0.3356652 -0.4541313 -0.8278415 -0.3293072 -0.5675948 -0.7595922 -0.3175782 -0.3044336 -0.8868035 -0.3477063 -0.3604777 -0.9093545 -0.2076779 -0.7549672 -0.4545915 -0.4726217 -0.6982238 -0.301645 -0.6492257 -0.7907483 -0.08871064 -0.6056796 -0.4190516 -0.5821647 -0.696764 -0.6588194 -0.4375556 -0.6119658 -0.4204798 -0.08525158 -0.9032879 -0.5672835 -0.03836885 -0.8226283 -0.6500359 0.04397302 -0.7586302 -0.7061085 -0.3085274 -0.6373553 -0.4487645 -0.4369649 -0.7795333 -0.8493931 -0.1310416 -0.5112334 -0.8886958 0.06853793 -0.4533459 -0.7628205 0.2137566 -0.6102564 -0.9027411 0.1671319 -0.3963904 -0.7854113 0.2468953 -0.5676017 -0.7540262 0.4397216 -0.4879442 -0.691689 -0.7201041 -0.05492319 -0.3604652 -0.9180942 0.1648277 -0.6967869 -0.6807556 0.2259643 -0.906042 -0.3578866 0.2258429 -0.9740406 0.0145009 0.2259087 -0.6087124 -0.6199813 0.4950682 -0.3973448 -0.7716996 -0.4965852 -0.1513655 -0.1841804 -0.9711674 0.5061014 -0.8067896 0.3048804 0.6009138 -0.6631827 0.4461966 -0.691689 -0.7201041 -0.05492319 -0.08441525 -0.8999201 -0.4278058 -0.4148815 -0.7426608 -0.5256693 -0.6341279 -0.5328805 -0.5602858 -0.8232006 -0.5676193 -0.01220687 -0.9480093 -0.3161302 -0.03660856 -0.6132516 -0.648485 -0.4509875 -0.3377782 -0.8943099 -0.2934544 -0.8967593 0.2948459 0.329983 -0.3377783 -0.89431 -0.2934544 -0.7729695 -0.569055 0.2805254 -0.8606497 -0.3779623 0.3412133 0.5546612 -0.5374593 0.6352074 -0.1333679 -0.6158233 0.7765144 0.760825 -0.5477729 0.3479801 0.8148355 -0.4540016 0.3604521 -0.94968 -0.07183575 -0.3048732 -0.7234348 0.2939672 0.6246802 -0.2591173 0.6719696 0.6937687 -0.8896613 -0.1211915 -0.4402448 -0.7767417 -0.09499445 -0.6226142 -0.9103019 -0.4084626 0.06714716 -0.9607553 -0.09026144 0.2623014 0.5232959 -0.5783597 0.6258286 -0.9383024 0.1849209 -0.2922207 -0.6684601 0.741716 0.05494193 -0.5887402 0.7557532 0.2867439 -0.3549361 0.6495063 0.67243 -0.6695787 0.5248152 0.5255791 -0.7302315 0.6110725 0.3055362 -0.3745722 0.8756531 0.30484 -0.7138008 0.6649417 0.2198659 -0.6791901 0.6780447 0.2809915 -0.2548792 0.8976015 0.3596501 -0.7658546 -0.4328412 -0.4755157 -0.3921492 -0.9197195 -0.01831046 -0.0175535 -0.9944438 0.1037946 0.04081285 -0.994384 0.09764569 0.1719964 -0.07284106 -0.9824009 -0.1625417 0.5152554 -0.8414821 -0.2058794 -0.03819655 -0.9778317 -0.2960949 -0.05425222 -0.9536166 -0.4840849 -0.2641155 -0.8342091 -0.6087124 -0.6199813 0.4950683 -0.05198218 0.2622456 -0.9636001 -0.1448368 0.02060919 -0.989241 -0.01040188 0.09390324 -0.995527 0.06839377 0.2246678 -0.9720322 0.2497402 0.07560941 -0.9653565 0.4868575 0.160605 -0.8585895 0.1121015 -0.8433391 -0.5255591 0.9824386 0.1861864 0.01220895 0.1003475 0.3700433 0.9235791 0.03594301 -0.2473906 0.9682489 0.1867261 0.3763264 0.9074755 0.01644143 -0.1322961 0.991074 0.4724853 0.2878744 0.8329982 -0.03427003 -0.1804696 0.9829834 0.08629631 -0.9962695 0 0.4205867 -0.9071702 -0.01220751 0.5392678 -0.4166246 0.7318567 0.1648371 -0.5055388 0.8469117 -0.007153441 -0.9999558 -0.00610427 0.03111756 -0.5297423 0.8475877 0.4844447 -0.4945732 -0.7216029 0.9474929 -0.3176742 -0.03661072 0.0665619 -0.5969591 -0.7995057 -0.03266993 -0.5811809 -0.8131183 -0.6539999 -0.3198268 -0.6855618 -0.1292417 -0.9855156 0.1097982 -0.857178 -0.2881399 -0.4268739 -0.3280921 -0.3824573 -0.8637604 0.056645 -0.4562013 -0.8880719 0.3686223 -0.4838645 -0.793721 0.5528404 -0.581757 -0.5965958 0.6472295 -0.693024 -0.3175088 -0.8891491 -0.4314091 -0.1526436 -0.7264069 -0.1465022 0.6714686 -0.03117128 -0.4082676 0.9123299 -0.7715558 0.6361616 0 -0.2264062 -0.5677278 0.7914704 -0.8214726 -0.3120678 0.4772802 -0.5784917 -0.5427166 0.6089386 -0.5930921 -0.6117333 -0.5234732 -0.2000101 -0.7156256 -0.6692354 0.07192843 -0.7992048 -0.5967395 0.09282975 -0.9683268 0.2317885 -0.4159155 -0.7450477 0.5214576 0.2391554 -0.8939676 0.3789811 0.2114717 -0.9770793 0.02440791 -0.3991024 -0.872714 0.2812248 -0.9312472 -0.3218561 0.170843 0.2061544 -0.9071558 -0.3668363 -0.857178 -0.2881399 -0.4268739 -0.443013 -0.8951839 -0.04884209 0.056645 -0.4562013 -0.8880719 -0.3280921 -0.3824573 -0.8637604 0.3686223 -0.4838645 -0.793721 -0.6539999 -0.3198268 -0.6855618 -0.7764473 -0.08193281 0.6248333 -0.416407 -0.6402162 0.6455449 -0.7512542 0.6582054 0.04881246 -0.8848357 -0.1612587 0.4371058 -0.5690625 -0.5060032 -0.6481733 0.03818107 -0.8262383 -0.5620253 0.1983447 -0.7550884 -0.6249008 0.5528404 -0.581757 -0.5965958 -0.7693164 0.05773696 0.6362537 -0.2389417 -0.6881522 0.6850938 -0.5854468 0.8014593 0.1221271 -0.9759429 -0.1807019 0.1219929 -0.7126448 -0.4036286 -0.5737782 -0.4558921 -0.5134466 -0.7270042 0.1503299 -0.8609806 -0.4859149 0.6472295 -0.693024 -0.3175088 -0.4944189 -0.7355339 0.4631845 -0.9781676 -0.07095911 0.1953283 -0.9712597 -0.2170647 0.09766004 -0.9531938 -0.2309618 0.1951361 -0.9231984 -0.2487295 -0.292982 -0.914115 -0.1752054 -0.365646 -0.9182166 -0.2376471 0.3168628 -0.9071715 -0.1583648 0.3898211 -0.9259726 -0.3426137 0.1587164 -0.7131301 -0.6474671 -0.2687599 -0.7129951 -0.7011691 0 -0.7063739 -0.4611264 -0.5370273 -0.6846746 -0.3149503 -0.6572876 -0.6846793 -0.3071494 0.6609641 -0.7030343 -0.4534723 0.547819 -0.7114187 -0.6443182 0.2806025 -0.3861822 -0.8517377 -0.3541275 -0.385753 -0.9226021 0 -0.3853974 -0.6074199 -0.6946294 -0.3713103 -0.4137131 -0.8312461 -0.3815516 -0.6067359 0.6973449 -0.3601322 -0.4046728 0.8405622 -0.3854582 -0.8519046 0.3545146 -0.001144164 -0.9999994 0 -0.002294073 -0.9252763 -0.3792868 -0.002675556 -0.6658311 -0.7460977 -3.81771e-4 -0.4523981 -0.891816 7.66394e-4 -0.6636974 0.7480008 0.004216776 -0.4450616 0.8954901 -3.82076e-4 -0.9253886 0.3790196 0.3786477 -0.9255409 0 0.3777678 -0.8555104 -0.3541096 0.3770597 -0.6133402 -0.6940028 0.366578 -0.419437 -0.8304777 0.3773237 -0.6126274 0.6944887 0.3658302 -0.4174363 0.8318145 0.3794016 -0.8548928 0.3538539 0.1230992 -0.9729609 -0.1954319 0.1143208 -0.9764025 0.1832186 0.6965038 -0.4755308 -0.5373574 0.6778818 -0.3284739 -0.657709 0.6968965 -0.4752781 0.5370718 0.6783287 -0.3288982 0.6570359 0.7006471 -0.6609374 0.2688041 0.626456 -0.7716686 -0.1099113 0.5901412 -0.7862186 0.1832855 0.9136727 -0.2687273 -0.3049388 0.9059517 -0.1911676 -0.3777655 0.9135783 -0.2688678 0.3050982 0.9056827 -0.1920337 0.3779711 0.9172546 -0.370338 0.146608 0.989269 -0.1461063 0 -0.6006431 -0.06601732 0.796787 -0.5982794 -0.273957 0.7530003 -0.8318079 -0.1409876 0.5368595 -0.7102278 -0.4487557 0.5423974 0.6249197 -0.3937224 0.674135 0.7339631 -0.5451316 0.4051293 0.5123664 -0.540598 0.667259 0.5169229 -0.7355183 0.4379538 -0.3660256 -0.2554553 0.8948563 -0.2876376 -0.1098669 0.9514168 -0.59986 -0.03281677 0.7994317 0.01678576 -0.1770135 0.9840654 0.02974853 -0.3958843 0.9178185 0.3883733 -0.3891363 0.8353078 -0.5401971 0.8328038 0.1209339 -0.8916341 0.4453404 0.08161236 -0.849699 0.297757 0.4351466 -0.5328799 0.6517004 0.5397459 0.9174433 -0.2970008 0.2647424 0.9946614 0.1028039 0.00896435 0.9006271 0.03766918 0.4329571 0.9460695 -0.2775503 -0.1670881 -0.09690338 -0.5337316 0.8400837 -0.1239565 -0.7233337 0.6792814 -0.4615027 -0.2616453 0.8476774 -0.06865963 -0.407762 0.9105031 -0.2876376 -0.1098669 0.9514167 -0.743066 0.06141356 0.6663944 -0.6006431 -0.06601732 0.7967871 -0.8318079 -0.1409876 0.5368595 -0.8954555 0.144539 0.421032 -0.9475324 0.1741339 0.268067 -0.919422 -0.09995376 0.3803584 -0.948441 0.2803643 0.1478362 -0.7102278 -0.4487557 0.5423974 -0.7909467 -0.1279473 0.5983585 -0.1239565 -0.7233337 0.6792814 -0.08887164 -0.5009995 0.8608724 0.5169229 -0.7355183 0.4379538 0.6827703 -0.5254279 0.5076911 0.3757696 -0.5054769 0.7767177 0.3394957 -0.3127937 0.8870754 0.8778179 -0.319692 0.3566969 0.6249198 -0.3937224 0.6741351 0.3394957 -0.3127937 0.8870754 0.5876691 -0.365576 0.7218027 0.9247083 -0.3549674 0.1375237 0.7339631 -0.5451316 0.4051293 0.01678576 -0.1770135 0.9840654 -0.6262869 -0.5850938 0.5151992 -0.02060371 -0.8615403 0.507271 0.5218515 -0.7591261 0.3890998 0.8664705 -0.4700535 0.1681624 -0.6764998 -0.6932788 0.2484201 -0.005339205 -0.9786001 0.2057024 0.6005544 -0.7974325 0.0586151 -0.9735001 -0.149153 0.1733522 0.9056967 -0.4093567 -0.1101839 0.9687163 -0.1804658 -0.1703552 0.9484223 -0.1213187 -0.2928769 0.9466629 -0.2133996 -0.2414334 0.91504 -0.2124541 -0.3428777 -0.9749055 0.2095894 0.07504407 -0.9482356 0.3175407 -0.004148054 -0.8660385 0.4965414 -0.05851483 -0.8742295 0.1903318 0.4466504 -0.8877848 0.2448273 0.3897406 -0.8366835 0.00858039 0.5476196 -0.8366835 0.00858039 0.5476196 -0.9960544 -0.03303339 0.08236897 -0.8877848 0.2448273 0.3897406 -0.8742295 0.1903318 0.4466504 -0.611062 0.6369998 0.4699304 -0.611062 0.6369998 0.4699304 -0.6638148 0.7473639 -0.0282312 -0.4272572 0.8957142 -0.1230749 -0.1560389 -0.6052708 0.7805762 -0.1560389 -0.6052708 0.7805762 -0.289903 -0.9351281 0.203695 0.805274 -0.4480314 0.388332 0.805274 -0.4480314 0.388332 0.7713867 -0.6338571 0.05646154 0.8803624 -0.3135433 0.3558831 0.9247083 -0.3549674 0.1375237 0.9466628 -0.2133996 -0.2414334 0.8830246 -0.3382385 0.325365 0.8803624 -0.3135433 0.3558831 0.91504 -0.2124541 -0.3428777 0.9247007 -0.3029585 -0.2305314 0.8830246 -0.3382384 0.325365 0.8803624 -0.3135433 0.3558831 0.9396952 0.01936238 0.3414646 0.9396952 0.01936238 0.3414645 0.9951549 0.07995758 -0.05721472 0.06485834 0.8107293 0.5818174 0.1148145 0.7771912 0.6187014 0.05379199 0.998013 -0.0328093 0.06485834 0.8107293 0.5818174 0.1480198 0.980059 0.1325693 0.5893384 0.7911248 -0.163713 0.7595732 0.6405441 0.112925 0.6203465 0.5182907 0.5886806 0.6988921 0.5218801 0.4890718 0.698892 0.52188 0.4890718 0.7126875 0.6991434 -0.05722865 0.9951549 0.07995758 -0.05721472 0.9396952 0.01936238 0.3414645 0.9873434 0.02841688 -0.1560306 -0.2670463 -0.9537371 -0.1381011 -0.9707301 -0.1908835 -0.1457621 -0.7438386 0.649619 -0.1571597 -0.104895 0.9812446 -0.1617289 0.5950126 0.7864846 -0.1655356 0.9800087 0.1461048 -0.1350421 0.7503139 -0.6491341 -0.1251159 0.9800087 0.1461048 -0.1350421 -0.1911224 -0.9701082 -0.1495409 0.8085193 -0.57468 -0.126647 -0.9652659 -0.2325771 -0.1190367 -0.7965707 0.5947575 -0.1083458 -0.2212364 0.9700071 -0.1007007 0.4834131 0.8710593 -0.08699147 0.9614096 0.2599744 -0.09002784 0.9614096 0.2599744 -0.09002784 0.8269916 -0.5552058 -0.08849724 -0.201099 -0.972678 -0.116004 -0.9742262 -0.2143756 -0.07018701 -0.8131453 0.5804912 -0.04271682 -0.2380434 0.9708661 -0.02746655 0.4866871 0.8734432 -0.01525665 0.9555902 0.2927806 -0.03356963 0.9555902 0.2927806 -0.03356963 0 0 -1 0 0 -1 0 0 -1 0 0 -1 0 0 -1 0 0 -1 0 5.96047e-6 -1 0 0 -1 0 0 -1 0 0 -1 0 0 -1 0 0 -1 0 0 -1 0 0 -1 -0.3409189 -0.6415508 0.6871586 -0.4430655 -0.8362027 0.3231996 -0.3507183 -0.7282676 0.588747 -0.3285955 -0.7724475 0.543461 -0.3345259 -0.8328699 0.4409311 -0.3396026 -0.8741341 0.3472171 -0.4939799 -0.7394453 0.4573888 -0.5050917 -0.7843418 0.3601258 -0.4713438 -0.557528 0.6833723 -0.6402087 -0.6939725 0.3294463 -0.4904858 -0.6387011 0.5928614 -0.4797097 -0.6836627 0.5499856 -0.4759544 -0.8313947 0.2867931 -0.3191524 -0.913173 0.2534895 -0.3329847 -0.8981423 0.2871611 -0.4918599 -0.8141657 0.3085581 -0.3991024 -0.8727142 0.2812249 -0.4159155 -0.7450477 0.5214576 -0.5784917 -0.5427166 0.6089386 -0.8214726 -0.3120678 0.4772802 -0.8848358 -0.1612587 0.4371058 -0.9759429 -0.1807019 0.1219929 0.2560663 -0.8703206 0.4206804 -0.6444148 0.7286845 -0.2318368 -0.1435424 0.2321111 -0.9620396 -0.0641847 0.3132825 -0.9474885 -1.63639e-6 0.02609629 -0.9996594 -0.2084566 0.07893759 -0.9748409 -0.2261242 -0.06799004 -0.9717228 -0.1822488 -0.1670614 -0.9689561 -0.1099739 -0.2367494 -0.9653267 -3.05773e-7 -0.2525458 -0.967585 -3.28892e-7 0.3326605 -0.9430467 0.06330169 0.3142204 -0.9472374 0.1465316 0.2320083 -0.9616135 0.2054963 0.0805116 -0.9753405 0.2232217 -0.06803675 -0.9723904 0.1813138 -0.167601 -0.9690383 0.1095424 -0.2374696 -0.9651988 -0.3366179 0.7320103 -0.5923253 -5.52266e-7 0.8063565 -0.5914298 -9.27123e-7 0.7844156 -0.6202356 -0.3599611 0.7016579 -0.6149018 -1.03563e-7 0.8503955 -0.526144 -0.3192775 0.7794352 -0.53902 -0.3231047 0.8351952 -0.445031 -1.45645e-9 0.901046 -0.4337238 -3.41989e-7 0.9430467 -0.3326605 -0.3318334 0.8777529 -0.3455961 -0.4751704 0.7547722 -0.4522522 -0.4870365 0.7969689 -0.3572619 -0.4636663 0.6547669 -0.5969037 -0.4720243 0.6354761 -0.6110346 -0.4589261 0.6979343 -0.549795 -0.4625394 0.8334869 -0.3022535 -0.3105899 0.9081131 -0.2808282 -0.3244592 0.8993244 -0.2931584 -0.4739918 0.8214841 -0.3170106 -6.27614e-7 0.9665385 -0.2565221 -5.98221e-7 0.961524 -0.2747211 0.3355868 0.7290072 -0.5965987 0.3613095 0.7042863 -0.6110944 0.322634 0.8324566 -0.4504701 0.3185655 0.7767657 -0.5432782 0.330007 0.8764621 -0.3505848 0.4875664 0.797836 -0.3545938 0.4776632 0.7563002 -0.4470438 0.4649872 0.6569473 -0.5934705 0.472321 0.6353614 -0.6109245 0.4589262 0.6979343 -0.5497951 0.4625394 0.8334869 -0.3022535 0.4728088 0.8220773 -0.3172395 0.3239289 0.8984443 -0.2964255 0.3103305 0.9080606 -0.2812847</float_array>
          <technique_common>
            <accessor source="#geom-alice_lod0-normals-array" count="2535" stride="3">
              <param name="X" type="float"/>
              <param name="Y" type="float"/>
              <param name="Z" type="float"/>
            </accessor>
          </technique_common>
        </source>
        <source id="geom-alice_lod0-map1">
          <float_array id="geom-alice_lod0-map1-array" count="7605">0.9886578 0.2999521 0 0.9735278 0.3035822 0 0.9735278 0.2774422 0 0.9886578 0.2756323 0 0.9735278 0.3035822 0 0.9886578 0.2999521 0 0.9735278 0.3312322 0 0.9735278 0.2774422 0 0.9735278 0.3035822 0 0.9886578 0.2999521 0 0.9886578 0.2756323 0 0.9735278 0.3035822 0 0.9735278 0.3312322 0 0.9886578 0.2999521 0 0.9735278 0.2513123 0 0.9886578 0.2513123 0 0.9735278 0.2513123 0 0.9886578 0.2513123 0 0.53286 0.59 0 0.54399 0.5854599 0 0.54451 0.60584 0 0.53355 0.6061 0 0.53101 0.56594 0 0.540445 0.560825 0 0.53028 0.56005 0 0.57351 0.41226 0 0.56761 0.41225 0 0.57577 0.39064 0 0.5393 0.511795 0 0.57611 0.53212 0 0.537615 0.535575 0 0.54432 0.498815 0 0.57585 0.50457 0 0.58676 0.39128 0 0.59552 0.40334 0 0.586915 0.437155 0 0.5591575 0.4397175 0 0.55156 0.47166 0 0.54817 0.485615 0 0.53502 0.47184 0 0.45968 0.57623 0 0.44295 0.57989 0 0.47245 0.55425 0 0.49313 0.60904 0 0.5082245 0.5617563 0 0.50409 0.6113 0 0.49014 0.564995 0 0.475315 0.6009 0 0.634285 0.448495 0 0.6245825 0.4470575 0 0.63454 0.42547 0 0.62764 0.42243 0 0.537935 0.65598 0 0.5478387 0.6596245 0 0.54434 0.67109 0 0.53555 0.68341 0 0.45479 0.58688 0 0.53453 0.68987 0 0.50194 0.67766 0 0.569325 0.58569 0 0.57177 0.60214 0 0.55204 0.60541 0 0.550475 0.587795 0 0.585315 0.58393 0 0.58773 0.59803 0 0.57311 0.56228 0 0.59512 0.564515 0 0.59963 0.59485 0 0.59246 0.58101 0 0.52856 0.59492 0 0.52875 0.60609 0 0.52747 0.53638 0 0.56149 0.4155 0 0.6076649 0.538265 0 0.616395 0.50621 0 0.57886 0.49006 0 0.61866 0.49673 0 0.58086 0.47279 0 0.6232 0.481155 0 0.52883 0.51122 0 0.52795 0.49369 0 0.54189 0.43444 0 0.62105 0.41159 0 0.63767 0.48082 0 0.62967 0.50748 0 0.50929 0.647295 0 0.50194 0.67766 0 0.47122 0.674075 0 0.47942 0.63749 0 0.50929 0.647295 0 0.446925 0.626355 0 0.47942 0.63749 0 0.47122 0.674075 0 0.43496 0.66999 0 0.416535 0.61607 0 0.446925 0.626355 0 0.43496 0.66999 0 0.40411 0.665835 0 0.416535 0.61607 0 0.40411 0.665835 0 0.3713767 0.66092 0 0.38867 0.6082134 0 0.5157163 0.6271768 0 0.50929 0.647295 0 0.47942 0.63749 0 0.4880675 0.6153413 0 0.5157163 0.6271768 0 0.5447601 0.6391106 0 0.4880675 0.6153413 0 0.47942 0.63749 0 0.446925 0.626355 0 0.4558882 0.6007916 0 0.4558882 0.6007916 0 0.446925 0.626355 0 0.416535 0.61607 0 0.4276704 0.5878677 0 0.4014771 0.5764782 0 0.4276704 0.5878677 0 0.416535 0.61607 0 0.38867 0.6082134 0 0.5534131 0.6447579 0 0.428394 0.5683547 0 0.46145 0.53894 0 0.45183 0.52481 0 0.04967499 0.55792 0 0.02863 0.58193 0 0.0274 0.57898 0 0.02434 0.55164 0 0.03965999 0.58235 0 0.06216999 0.56747 0 0.05012 0.5877 0 0.07002999 0.5825 0 0.01953 0.52533 0 0.04659999 0.533395 0 0.094645 0.503605 0 0.08755999 0.51999 0 0.054135 0.49964 0 0.48245 0.199195 0 0.4748505 0.1787847 0 0.4908 0.1935 0 0.4618121 0.1512163 0 0.4737821 0.1722224 0 0.46825 0.17987 0 0.45887 0.16145 0 0.16322 0.62748 0 0.150035 0.66089 0 0.1599 0.60978 0 0.16445 0.60864 0 0.66569 0.9749 0 0.64347 0.97167 0 0.67211 0.964415 0 0.34981 0.50767 0 0.32777 0.50632 0 0.34639 0.49126 0 0.365505 0.4819125 0 0.38074 0.49267 0 0.37391 0.50811 0 0.70472 0.94776 0 0.6873425 0.9696751 0 0.72359 0.96059 0 0.75273 0.94479 0 0.74163 0.96671 0 0.394 0.43725 0 0.41626 0.44299 0 0.38983 0.45644 0 0.76294 0.90959 0 0.78758 0.89377 0 0.77825 0.92388 0 0.41225 0.4683 0 0.45468 0.1841 0 0.44246 0.16102 0 0.154665 0.66373 0 0.215635 0.614755 0 0.24276 0.59345 0 0.24597 0.61184 0 0.34882 0.52176 0 0.37102 0.52168 0 0.35114 0.54263 0 0.36782 0.54335 0 0.28565 0.5541 0 0.30607 0.57192 0 0.2783 0.56846 0 0.29432 0.58828 0 0.26963 0.58144 0 0.30499 0.58923 0 0.31383 0.5791 0 0.86172 0.01385999 0 0.84579 0.05136001 0 0.84374 0.01156998 0 0.0732 0.59285 0 0.06193 0.60792 0 0.05815 0.59696 0 0.07080999 0.55926 0 0.06137999 0.61775 0 0.07678999 0.60475 0 0.01592 0.50351 0 0.06683 0.53087 0 0.01167 0.47242 0 0.04927 0.47 0 0.07738 0.46685 0 0.10283 0.53693 0 0.1187 0.52676 0 0.094645 0.503605 0 0.09727999 0.500555 0 0.12077 0.52234 0 0.1187 0.52676 0 0.07738 0.46685 0 0.08008 0.4651 0 0.11577 0.55364 0 0.13457 0.54139 0 0.13665 0.53878 0 0.13457 0.54139 0 0.12627 0.569 0 0.14741 0.55654 0 0.14974 0.55394 0 0.14741 0.55654 0 0.13308 0.58082 0 0.15462 0.57099 0 0.15887 0.57035 0 0.15462 0.57099 0 0.15824 0.58862 0 0.12589 0.60003 0 0.16271 0.58913 0 0.15824 0.58862 0 0.04188 0.43231 0 0.00784 0.43476 0 0.06500999 0.42886 0 0.06500999 0.42886 0 0.06836 0.42726 0 0.03438 0.39472 0 0.05485 0.3919 0 0.05485 0.3919 0 0.05872 0.39201 0 0.00668 0.39517 0 0.00837999 0.37421 0 0.03083 0.37325 0 0.05228 0.36768 0 0.50416 0.20957 0 0.496155 0.216685 0 0.1599 0.60978 0 0.13697 0.61537 0 0.150035 0.66089 0 0.12744 0.653095 0 0.1083 0.68432 0 0.12772 0.70021 0 0.13064 0.70259 0 0.12772 0.70021 0 0.28867 0.52908 0 0.3063 0.51715 0 0.31292 0.53121 0 0.29888 0.54264 0 0.27475 0.54342 0 0.32889 0.524 0 0.73552 0.92856 0 0.77391 0.96384 0 0.75782 0.98121 0 0.7956 0.93775 0 0.79969 0.90814 0 0.44413 0.43126 0 0.47386 0.42229 0 0.47679 0.43721 0 0.44724 0.44884 0 0.46002 0.47504 0 0.48453 0.46383 0 0.8099 0.91626 0 0.40108 0.51764 0 0.40954 0.50863 0 0.39304 0.53064 0 0.43037 0.49242 0 0.41559 0.53348 0 0.42822 0.52851 0 0.44598 0.51254 0 0.40842 0.54127 0 0.451905 0.13451 0 0.43567 0.13888 0 0.4735 0.20782 0 0.48987 0.22145 0 0.4594 0.19023 0 0.47238 0.2091 0 0.45396 0.23222 0 0.43202 0.20041 0 0.4174 0.17471 0 0.40836 0.14599 0 0.48885 0.22211 0 0.47661 0.24919 0 0.4585466 0.1310347 0 0.47198 0.49369 0 0.49137 0.48355 0 0.4599 0.11812 0 0.45227 0.1176 0 0.45192 0.10118 0 0.46046 0.10226 0 0.43683 0.09680998 0 0.434 0.11749 0 0.19511 0.72601 0 0.17563 0.72781 0 0.17532 0.70919 0 0.20505 0.70764 0 0.22061 0.72958 0 0.2104 0.72582 0 0.22724 0.70865 0 0.40565 0.11896 0 0.40976 0.09284002 0 0.41652 0.06906998 0 0.44071 0.07912999 0 0.24684 0.62638 0 0.25505 0.64516 0 0.24205 0.65139 0 0.21528 0.63608 0 0.263365 0.61937 0 0.26689 0.64486 0 0.23646 0.67697 0 0.209345 0.675205 0 0.17251 0.64054 0 0.17177 0.62364 0 0.17417 0.67668 0 0.26361 0.59524 0 0.25273 0.57697 0 0.26246 0.55922 0 0.33418 0.54758 0 0.32438 0.55172 0 0.38272 0.54817 0 0.39542 0.5573 0 0.28779 0.64066 0 0.28579 0.61966 0 0.31401 0.56156 0 0.28901 0.60212 0 0.34031 0.55888 0 0.36012 0.55264 0 0.88251 0.009689987 0 0.90746 0.008639991 0 0.90303 0.05097997 0 0.87556 0.05048001 0 0.93398 0.01143998 0 0.93156 0.05296999 0 0.37909 0.55803 0 0.96105 0.02205998 0 0.96077 0.05675 0 0.38863 0.56516 0 0.98069 0.02236003 0 0.98686 0.06054002 0 0.29716 0.63576 0 0.29467 0.619535 0 0.79473 0.01713002 0 0.77847 0.05067003 0 0.76846 0.01258999 0 0.80203 0.05122 0 0.29689 0.60365 0 0.81921 0.01675999 0 0.82089 0.05229002 0 0.3254 0.5695 0 0.41844 0.28322 0 0.45112 0.307 0 0.38359 0.24227 0 0.35872 0.20536 0 0.34352 0.1641 0 0.35402 0.04035002 0 0.34463 0.07993001 0 0.34059 0.12111 0 0.4232727 0.3514107 0 0.385107 0.3233437 0 0.30406 0.40411 0 0.3438689 0.367119 0 0.3851492 0.4028556 0 0.34552 0.44807 0 0.2433964 0.4482104 0 0.2857873 0.4977788 0 0.3408279 0.2776437 0 0.2947756 0.312847 0 0.25347 0.34185 0 0.193733 0.3782005 0 0.1975731 0.4806392 0 0.16754 0.50118 0 0.10932 0.42432 0 0.1451911 0.4058807 0 0.3104452 0.2322878 0 0.21586 0.2817 0 0.2598388 0.2592814 0 0.1574933 0.3088078 0 0.06436999 0.35264 0 0.1064115 0.3327136 0 0.2944928 0.1811372 0 0.18988 0.22068 0 0.2379961 0.2019895 0 0.1325688 0.2400982 0 0.03339 0.2709 0 0.07816952 0.2576832 0 0.2870681 0.1292206 0 0.17655 0.14717 0 0.2299171 0.1382983 0 0.1163837 0.1578334 0 0.05877104 0.1672462 0 0.01144 0.17392 0 0.2893213 0.07479167 0 0.2968128 0.02508897 0 0.18081 0.07199001 0 0.2341667 0.07214183 0 0.1853 0.008260012 0 0.2398176 0.01428604 0 0.1155357 0.07506335 0 0.00905 0.08094001 0 0.05620219 0.0781492 0 0.1176481 0.006097794 0 0.00618 0.006420016 0 0.05482149 0.005376816 0 0.05228 0.36768 0 0.05878 0.36174 0 0.93338 0.2779 0 0.92383 0.30934 0 0.91079 0.27441 0 0.90471 0.30592 0 0.7952 0.44109 0 0.77386 0.4654 0 0.78002 0.426 0 0.80481 0.45031 0 0.79078 0.4749 0 0.75236 0.44447 0 0.77105 0.41113 0 0.74168 0.42508 0 0.95393 0.3882 0 0.97517 0.38193 0 0.96468 0.40418 0 0.98081 0.4274 0 0.92511 0.38893 0 0.93551 0.40976 0 0.90086 0.41293 0 0.90681 0.37973 0 0.9106 0.42334 0 0.88606 0.40272 0 0.74497 0.4905 0 0.78029 0.4977 0 0.76068 0.49373 0 0.91227 0.44649 0 0.9025 0.46912 0 0.89651 0.45322 0 0.89226 0.46873 0 0.88728 0.45756 0 0.92193 0.4754 0 0.93538 0.43888 0 0.74962 0.49974 0 0.72566 0.48579 0 0.73263 0.49986 0 0.67935 0.47845 0 0.70872 0.4588 0 0.96167 0.43362 0 0.95984 0.47031 0 0.90512 0.48089 0 0.80946 0.32267 0 0.84846 0.33441 0 0.81295 0.33848 0 0.84772 0.32028 0 0.8753 0.33126 0 0.8859 0.33271 0 0.87854 0.33692 0 0.6551 0.45583 0 0.65008 0.45972 0 0.65178 0.45134 0 0.86698 0.4143 0 0.87144 0.40664 0 0.87156 0.41566 0 0.85773 0.38754 0 0.86495 0.38845 0 0.85699 0.39385 0 0.90386 0.11237 0 0.93404 0.11272 0 0.87738 0.1123 0 0.84593 0.11232 0 0.82008 0.11035 0 0.79785 0.10831 0 0.77293 0.1089 0 0.98644 0.11671 0 0.96192 0.1145 0 0.92678 0.18037 0 0.9006 0.18152 0 0.903045 0.1296575 0 0.932225 0.1296325 0 0.87568 0.18182 0 0.876955 0.12968 0 0.84839 0.18141 0 0.846545 0.1295925 0 0.825 0.18128 0 0.82131 0.1280825 0 0.80207 0.18064 0 0.798905 0.1263925 0 0.78132 0.18187 0 0.7750275 0.1271425 0 0.9605075 0.131885 0 0.984265 0.1344425 0 0.97774 0.18764 0 0.95627 0.18404 0 0.89183 0.27354 0 0.87462 0.27493 0 0.8566 0.27544 0 0.89369 0.30549 0 0.87377 0.30655 0 0.79749 0.41249 0 0.80799 0.4263 0 0.81582 0.43324 0 0.85536 0.30758 0 0.7892 0.39917 0 0.94933 0.27979 0 0.83573 0.2747 0 0.82279 0.2745 0 0.8015 0.27706 0 0.83703 0.30928 0 0.8278 0.30758 0 0.8059 0.31251 0 0.94141 0.31411 0 0.76345 0.39189 0 0.78102 0.38617 0 0.7613 0.38536 0 0.77921 0.37853 0 0.95107 0.3663 0 0.97063 0.36177 0 0.93452 0.36472 0 0.72792 0.41068 0 0.72165 0.40177 0 0.88521 0.43148 0 0.87216 0.42667 0 0.89322 0.43959 0 0.87424 0.44874 0 0.86429 0.44549 0 0.88254 0.45278 0 0.77082 0.51352 0 0.76037 0.50846 0 0.75462 0.50791 0 0.69204 0.50354 0 0.73995 0.50487 0 0.69555 0.43477 0 0.66527 0.45032 0 0.69251 0.42694 0 0.65972 0.44519 0 0.98097 0.46691 0 0.98497 0.50526 0 0.954495 0.51405 0 0.84838 0.34229 0 0.81676 0.34674 0 0.654635 0.491605 0 0.66278 0.52098 0 0.87744 0.31641 0 0.98768 0.5151 0 0.95866 0.543835 0 0.88795 0.31953 0 0.89044 0.3464 0 0.88125 0.34935 0 0.644095 0.497015 0 0.98769 0.52381 0 0.96209 0.553135 0 0.86422 0.40888 0 0.841785 0.422755 0 0.836595 0.413595 0 0.86115 0.4009 0 0.833435 0.404925 0 0.84509 0.430205 0 0.86689 0.39968 0 0.86851 0.405 0 0.86802 0.39629 0 0.85534 0.38188 0 0.86264 0.37942 0 0.85247 0.43734 0 0.83147 0.39805 0 0.82894 0.391645 0 0.91688 0.3604 0 0.85065 0.35667 0 0.93107 0.55133 0 0.92539 0.51833 0 0.93373 0.56182 0 0.65212 0.52471 0 0.81567 0.36242 0 0.85332 0.36109 0 0.88242 0.3527 0 0.81801 0.37111 0 0.91242 0.47797 0 0.91923 0.51847 0 0.92666 0.55293 0 0.85585 0.36554 0 0.88439 0.35613 0 0.82015 0.37969 0 0.72993 0.49417 0 0.69356 0.50914 0 0.66341 0.52513 0 0.41333 0.41362 0 0.4418 0.41207 0 0.39315 0.4144 0 0.4727 0.40856 0 0.46177 0.58656 0 0.40851 0.55705 0 0.4436 0.52383 0 0.35245 0.6787 0 0.322 0.66594 0 0.3421 0.66158 0 0.32114 0.67644 0 0.33996 0.69895 0 0.32547 0.68375 0 0.28038 0.76057 0 0.28708 0.7975 0 0.25402 0.77591 0 0.25126 0.76406 0 0.25067 0.75228 0 0.27052 0.74896 0 0.30705 0.81855 0 0.30016 0.796625 0 0.314905 0.81378 0 0.32486 0.72368 0 0.31809 0.73505 0 0.30992 0.710795 0 0.29339 0.67367 0 0.2927 0.68007 0 0.29789 0.82229 0 0.30274 0.83245 0 0.28449 0.84122 0 0.28266 0.82847 0 0.27504 0.81669 0 0.27248 0.82053 0 0.27047 0.84159 0 0.27321 0.82906 0 0.2449 0.68493 0 0.25058 0.68561 0 0.2446 0.69805 0 0.25698 0.69724 0 0.250995 0.728575 0 0.24391 0.73019 0 0.26676 0.72679 0 0.25829 0.79908 0 0.26226 0.79575 0 0.339 0.72254 0 0.32063 0.63642 0 0.33134 0.63466 0 0.31246 0.82574 0 0.24519 0.74725 0 0.24959 0.77098 0 0.27925 0.69427 0 0.29045 0.71581 0 0.2984 0.73414 0 0.3002 0.74452 0 0.3003 0.76165 0 0.31833 0.82329 0 0.2986 0.66037 0 0.30441 0.6341 0 0.29916 0.68737 0 0.07388 0.57757 0 0.66343 0.84306 0 0.6363 0.83574 0 0.66559 0.82845 0 0.73951 0.83347 0 0.77024 0.81721 0 0.74779 0.84651 0 0.63759 0.8732 0 0.66661 0.87092 0 0.02511999 0.68138 0 0.03503999 0.70502 0 0.01380999 0.71072 0 0.79188 0.83563 0 0.81743 0.77843 0 0.83389 0.79023 0 0.80319 0.85838 0 0.16866 0.74226 0 0.17713 0.77419 0 0.1488 0.7408 0 0.204605 0.758555 0 0.61136 0.69924 0 0.62574 0.724165 0 0.60309 0.71518 0 0.59911 0.69923 0 0.6353 0.70289 0 0.64853 0.727545 0 0.62241 0.69602 0 0.66601 0.69051 0 0.67363 0.71694 0 0.63326 0.69007 0 0.6242 0.68548 0 0.61269 0.68841 0 0.61948 0.67732 0 0.90322 0.68322 0 0.91287 0.7428 0 0.87646 0.6928 0 0.93277 0.70016 0 0.94259 0.67687 0 0.95666 0.72163 0 0.83763 0.91141 0 0.82254 0.90825 0 0.81938 0.88585 0 0.02709 0.72744 0 0.04253 0.72299 0 0.03709 0.7425 0 0.02088 0.74642 0 0.04755999 0.73899 0 0.02998 0.76157 0 0.01568 0.76995 0 0.04002 0.76329 0 0.07102 0.73349 0 0.05468 0.76211 0 0.0833 0.76328 0 0.19195 0.79517 0 0.17247 0.78124 0 0.20096 0.77657 0 0.22523 0.769855 0 0.237255 0.792 0 0.22794 0.81073 0 0.20968 0.81227 0 0.20122 0.82791 0 0.83134 0.93824 0 0.81289 0.93722 0 0.82748 0.92779 0 0.18237 0.81946 0 0.21527 0.83124 0 0.82278 0.95154 0 0.16388 0.79291 0 0.19766 0.86539 0 0.84351 0.89302 0 0.88973 0.89104 0 0.85666 0.90807 0 0.87245 0.87533 0 0.07334999 0.79388 0 0.04448 0.79931 0 0.02686999 0.80052 0 0.02384 0.82796 0 0.003515 0.796895 0 0.10287 0.82446 0 0.11583 0.78252 0 0.14535 0.81713 0 0.06701 0.83005 0 0.07669 0.8745 0 0.03491 0.83384 0 0.84573 0.98299 0 0.84051 0.95724 0 0.93178 0.9313 0 0.88432 0.97301 0 0.87454 0.95254 0 0.91767 0.87063 0 0.9472 0.85011 0 0.92605 0.88251 0 0.92191 0.83307 0 0.89854 0.85486 0 0.94763 0.7765 0 0.98553 0.77548 0 0.9456 0.78858 0 0.95614 0.80289 0 0.96892 0.80984 0 0.97999 0.81345 0 0.99259 0.917 0 0.96822 0.92985 0 0.97127 0.90172 0 0.98812 0.93595 0 0.9547 0.95821 0 0.93737 0.9768 0 0.89983 0.99468 0 0.23265 0.86768 0 0.37436 0.85614 0 0.32155 0.87014 0 0.34085 0.83911 0 0.38158 0.82311 0 0.34961 0.80123 0 0.34176 0.78581 0 0.36932 0.77541 0 0.37322 0.79838 0 0.20439 0.90212 0 0.26709 0.90725 0 0.37097 0.88476 0 0.32549 0.89872 0 0.40208 0.80824 0 0.438415 0.884825 0 0.37965 0.93882 0 0.442735 0.93603 0 0.43746 0.8468 0 0.44167 0.81605 0 0.40217 0.78828 0 0.482565 0.870745 0 0.53446 0.87847 0 0.49798 0.91846 0 0.51722 0.84836 0 0.48517 0.83403 0 0.53673 0.75658 0 0.4916 0.78492 0 0.49003 0.74363 0 0.55231 0.77427 0 0.52826 0.79809 0 0.54992 0.71451 0 0.57516 0.74929 0 0.58646 0.7249 0 0.6593466 0.7697567 0 0.6630567 0.78768 0 0.6603033 0.79046 0 0.6572334 0.7676633 0 0.6792 0.8017033 0 0.67751 0.8060567 0 0.64237 0.76554 0 0.65512 0.76557 0 0.65755 0.79324 0 0.64706 0.80284 0 0.67582 0.81041 0 0.66146 0.77185 0 0.66973 0.76155 0 0.7017 0.80609 0 0.70162 0.81118 0 0.70154 0.81627 0 0.70119 0.83255 0 0.7222866 0.8010767 0 0.7237633 0.8044133 0 0.72524 0.80775 0 0.7334 0.82178 0 0.7375433 0.78778 0 0.7397367 0.78926 0 0.74193 0.79074 0 0.75795 0.80263 0 0.7465867 0.76991 0 0.7489033 0.77049 0 0.75122 0.77107 0 0.77249 0.76309 0 0.75048 0.75584 0 0.73896 0.75765 0 0.735 0.75519 0 0.73792 0.74644 0 0.75125 0.72893 0 0.717 0.75168 0 0.71836 0.74232 0 0.72438 0.71705 0 0.66194 0.75121 0 0.66921 0.76015 0 0.68127 0.75063 0 0.6792 0.74195 0 0.6997 0.74871 0 0.69972 0.74021 0 0.69891 0.71095 0 0.63046 0.8059 0 0.62758 0.7651 0 0.60822 0.80473 0 0.61154 0.76472 0 0.60885 0.73396 0 0.6053 0.83252 0 0.70324 0.84626 0 0.79302 0.765 0 0.60365 0.8743 0 0.70604 0.86537 0 0.64298 0.91314 0 0.60665 0.91976 0 0.67223 0.90123 0 0.71157 0.88414 0 0.75505 0.86216 0 0.66287 0.94135 0 0.61501 0.98849 0 0.71738 0.90432 0 0.07263 0.70419 0 0.07339 0.6871 0 0.11731 0.70478 0 0.11229 0.71569 0 0.76444 0.87783 0 0.14606 0.72482 0 0.64199 0.6905 0 0.69627 0.67845 0 0.7303 0.68986 0 0.76646 0.70767 0 0.84615 0.72847 0 0.81655 0.70863 0 0.77627 0.68182 0 0.86389 0.75139 0 0.60173 0.68476 0 0.64222 0.67836 0 0.66107 0.66507 0 0.67753 0.65356 0 0.63329 0.67361 0 0.6405 0.6618 0 0.60727 0.67241 0 0.62362 0.67081 0 0.6255 0.65828 0 0.61499 0.66275 0 0.61775 0.65348 0 0.63045 0.64593 0 0.62051 0.63941 0 0.64331 0.64567 0 0.62315 0.63038 0 0.63276 0.63617 0 0.64306 0.63851 0 0.65611 0.64379 0 0.66817 0.64173 0 0.65567 0.6395 0 0.67316 0.63522 0 0.68753 0.63909 0 0.66533 0.63449 0 0.70908 0.64799 0 0.62895 0.62112 0 0.63435 0.62629 0 0.64554 0.63029 0 0.65737 0.63363 0 0.63258 0.60717 0 0.64018 0.61214 0 0.63601 0.61857 0 0.62855 0.61672 0 0.64974 0.61942 0 0.64513 0.62697 0 0.65861 0.62585 0 0.65696 0.6318 0 0.67103 0.62871 0 0.68331 0.62482 0 0.70795 0.62294 0 0.63734 0.5993 0 0.6503 0.60934 0 0.66274 0.6211 0 0.67442 0.61275 0 0.6912 0.60218 0 0.64723 0.58743 0 0.66115 0.59861 0 0.65926 0.5716 0 0.67515 0.58538 0 0.73789 0.66095 0 0.74298 0.62385 0 0.78595 0.64687 0 0.67429 0.55523 0 0.69053 0.57375 0 0.7152 0.59401 0 0.72633 0.56668 0 0.7664 0.58825 0 0.80106 0.60487 0 0.7031 0.53967 0 0.79426 0.53485 0 0.81351 0.54781 0 0.84156 0.56371 0 0.83556 0.67206 0 0.84996 0.62997 0 0.87816 0.57813 0 0.88691 0.66636 0 0.91837 0.64558 0 0.9249815 0.5940937 0 0.77783 0.51745 0 0.80507 0.4788 0 0.82492 0.48917 0 0.84338 0.49721 0 0.86342 0.50247 0 0.88378 0.50474 0 0.8968199 0.50623 0 0.96738 0.64912 0 0.97388 0.69086 0 0.83068 0.87543 0 0.81938 0.84987 0 0.848025 0.851505 0 0.07081999 0.72207 0 0.10649 0.72967 0 0.14094 0.75319 0 0.00102 0.74992 0 0.10372 0.74132 0 0.13471 0.76472 0 0.25258 0.81051 0 0.24896 0.81527 0 0.15189 0.85842 0 0.84232 0.91676 0 0.86327 0.93013 0 0.89978 0.90748 0 0.88942 0.79842 0 0.9057 0.81045 0 0.863905 0.826305 0 0.86463 0.80513 0 0.94913 0.89958 0 0.11622 0.86443 0 0.02968999 0.85008 0 0.04247999 0.89201 0 0.0204 0.85209 0 0.95631 0.87585 0 0.97019 0.84495 0 0.97659 0.86769 0 0.97413 0.87883 0 0.90813 0.78723 0 0.96867 0.96672 0 0.94627 0.99235 0 0.28024 0.87649 0 0.11848 0.91755 0 0.09314999 0.94558 0 0.13839 0.89715 0 0.16466 0.89776 0 0.16078 0.93561 0 0.20613 0.94499 0 0.2692 0.95012 0 0.19945 0.98954 0 0.14713 0.97516 0 0.26729 0.99572 0 0.32842 0.99507 0 0.32775 0.94551 0 0.3862 0.99434 0 0.4526 0.98947 0 0.51614 0.97141 0 0.49086 0.81108 0 0.44256 0.78889 0 0.44424 0.74628 0 0.4038 0.744765 0 0.379705 0.742475 0 0.44761 0.6998 0 0.50628 0.7054 0 0.40567 0.69892 0 0.38496 0.70017 0 0.54871 0.91571 0 0.56597 0.94422 0 0.57204 0.89948 0 0.58961 0.92094 0 0.55282 0.8681 0 0.53082 0.8345 0 0.84087 0.80093 0 0.06421999 0.98297 0 0.09187 0.96821 0 0.09285999 0.97676 0 0.06477999 0.99052 0 0.05985 0.97375 0 0.08298999 0.95837 0 0.05522999 0.96391 0 0.07146 0.94742 0 0.06171 0.94085 0 0.04921 0.95283 0 0.01899 0.9369 0 0.01156 0.93585 0 0.02751999 0.90863 0 0.03606 0.9105 0 0.04715 0.91904 0 0.0286 0.94113 0 0.0566 0.93136 0 0.03824 0.94645 0 0.02391 0.97585 0 0.01579 0.96245 0 0.02418999 0.96066 0 0.03077 0.96962 0 0.01836 0.98145 0 0.01401 0.98572 0 0.00377999 0.96561 0 0.00939999 0.96444 0 0.03981 0.97597 0 0.03771999 0.96416 0 0.03734 0.98407 0 0.03387999 0.99642 0 0.03523999 0.99072 0 0.66682 0.78388 0 0.66363 0.77129 0 0.70104 0.76971 0 0.68213 0.79416 0 0.70185 0.79644 0 0.71875 0.79307 0 0.73123 0.78352 0 0.73926 0.76808 0 0.98082 0.84858 0 0.70926 0.76921 0 0.7079 0.77153 0 0.70735 0.76972 0 0.70745 0.77616 0 0.70612 0.76921 0 0.70446 0.77291 0 0.70795 0.76999 0 0.70618 0.76953 0 0.70744 0.77078 0 0.70081 0.76743 0 0.70454 0.76836 0 0.70056 0.77072 0 0.69727 0.77102 0 0.69757 0.76772 0 0.69562 0.7767 0 0.69628 0.77379 0 0.69601 0.77008 0 0.69582 0.77212 0 0.70417 0.77301 0 0.70047 0.7714 0 0.70708 0.77607 0 0.69781 0.77062 0 0.71189 0.77282 0 0.71011 0.77492 0 0.70955 0.77192 0 0.70949 0.78086 0 0.71015 0.7735 0 0.70846 0.77243 0 0.70975 0.77605 0 0.70894 0.77971 0 0.71306 0.77737 0 0.71157 0.77834 0 0.71113 0.77612 0 0.71046 0.78441 0 0.71179 0.77695 0 0.71055 0.77652 0 0.71022 0.77948 0 0.70968 0.78309 0 0.7094 0.7841 0 0.59868 0.06204998 0 0.58342 0.06204998 0 0.58407 0.05552 0 0.586 0.04957002 0 0.59161 0.04281998 0 0.59161 0.08127999 0 0.586 0.07453001 0 0.58407 0.06858003 0 0.56845 0.06204998 0 0.5692 0.05122 0 0.57159 0.04082 0 0.57925 0.02686 0 0.57925 0.09723997 0 0.57158 0.08327997 0 0.5692 0.07288003 0 0.55426 0.06434 0 0.55473 0.05106002 0 0.55624 0.03560001 0 0.56151 0.01569003 0 0.56151 0.10842 0 0.55624 0.08850998 0 0.55473 0.07761002 0 0.54056 0.06434 0 0.54056 0.05026001 0 0.54056 0.03385001 0 0.54056 0.01165998 0 0.54056 0.11244 0 0.54056 0.09025002 0 0.54056 0.07841003 0 0.52686 0.06434 0 0.52639 0.05106002 0 0.52488 0.03560001 0 0.51961 0.01568002 0 0.51961 0.10841 0 0.52488 0.08850002 0 0.52639 0.07761002 0 0.51267 0.06204998 0 0.51192 0.05122 0 0.50953 0.04082 0 0.50187 0.02686 0 0.50187 0.09723997 0 0.50953 0.08327997 0 0.51191 0.07288003 0 0.4977 0.06204998 0 0.49705 0.05552 0 0.49512 0.04957002 0 0.48951 0.04281002 0 0.48951 0.08127999 0 0.49512 0.07453001 0 0.49705 0.06858003 0 0.48243 0.06204998 0 0.52824 0.17652 0 0.51518 0.19023 0 0.51945 0.17087 0 0.50266 0.18188 0 0.50336 0.13483 0 0.50343 0.14326 0 0.48482 0.14001 0 0.48387 0.15182 0 0.5060757 0.3388327 0 0.5196213 0.336264 0 0.5194537 0.3432507 0 0.5037751 0.3563811 0 0.4940997 0.3587127 0 0.49893 0.34756 0 0.622 0.36112 0 0.59462 0.36855 0 0.59964 0.34894 0 0.61426 0.37957 0 0.670866 0.404161 0 0.65201 0.39884 0 0.66009 0.38106 0 0.6824546 0.3923953 0 0.50972 0.15627 0 0.4898 0.16763 0 0.52863 0.14476 0 0.53587 0.15788 0 0.54134 0.15617 0 0.546616 0.3388734 0 0.5703047 0.3517181 0 0.5620263 0.3547797 0 0.54408 0.3440247 0 0.5181417 0.326367 0 0.5485217 0.3307623 0 0.57462 0.341 0 0.55755 0.37258 0 0.55242 0.37016 0 0.54527 0.38879 0 0.54101 0.3854 0 0.53019 0.40105 0 0.52639 0.39658 0 0.52036 0.1365 0 0.5225 0.13314 0 0.4990553 0.3921816 0 0.4933183 0.36945 0 0.4988523 0.3702027 0 0.5024024 0.390069 0 0.513541 0.4035647 0 0.5138497 0.410216 0 0.53561 0.13992 0 0.5001 0.33097 0 0.49173 0.33744 0 0.48649 0.351235 0 0.48573 0.36915 0 0.48007 0.32831 0 0.49242 0.31839 0 0.472835 0.349765 0 0.51477 0.31487 0 0.47397 0.37222 0 0.49227 0.39507 0 0.48212 0.40222 0 0.5011 0.41544 0 0.48809 0.42247 0 0.55099 0.32143 0 0.57843 0.32893 0 0.60509 0.33426 0 0.57326 0.3651 0 0.59198 0.37573 0 0.56162 0.37653 0 0.68104 0.01621997 0 0.68894 0.007290006 0 0.70153 0.01700002 0 0.691515 0.03854251 0 0.61114 0.3857 0 0.71356 0.02262998 0 0.70958 0.04297 0 0.63085 0.34057 0 0.54828 0.39157 0 0.67011 0.03669 0 0.67246 0.02236998 0 0.53323 0.40535 0 0.6527525 0.02990502 0 0.66541 0.01257998 0 0.52242 0.41381 0 0.70079 0.40301 0 0.6903877 0.410928 0 0.682927 0.412492 0 0.6682127 0.4083641 0 0.6929 0.3774 0 0.70971 0.39117 0 0.65154 0.003750026 0 0.66427 0.001810014 0 0.64999 0.40445 0 0.63794 0.02888501 0 0.63714 0.007430017 0 0.62738 0.38608 0 0.62386 0.39129 0 0.72112 0.02332002 0 0.71937 0.04426998 0 0.63583 0.36755 0 0.654285 0.35044 0 0.64784 0.37378 0 0.63772 0.39169 0 0.6367 0.39807 0 0.72957 0.02368999 0 0.729735 0.04433501 0 0.741665 0.04277998 0 0.73937 0.02217001 0 0.67455 0.36351 0 0.68428 0.07902998 0 0.66209 0.07485002 0 0.70287 0.08111 0 0.71583 0.08209997 0 0.72824 0.08179998 0 0.74201 0.08082002 0 0.64317 0.06954002 0 0.62709 0.06405997 0 0.63402 0.15245 0 0.605235 0.1427 0 0.669345 0.16302 0 0.69886 0.17051 0 0.71701 0.17318 0 0.73518 0.17316 0 0.75759 0.16848 0 0.57748 0.13486 0 0.61301 0.23161 0 0.57418 0.21796 0 0.66002 0.24245 0 0.69093 0.24595 0 0.71209 0.24718 0 0.73497 0.24681 0 0.7595 0.2468 0 0.54051 0.2019 0 0.47155 0.02872998 0 0.462405 0.03938001 0 0.47002 0.01889998 0 0.38015 0.04122001 0 0.370495 0.03033501 0 0.37327 0.01463997 0 0.39006 0.007170022 0 0.39575 0.03926998 0 0.41067 0.006049991 0 0.41146 0.03644001 0 0.4323 0.005240023 0 0.42652 0.04084003 0 0.45837 0.009760022 0 0.44848 0.04389 0 0.2419884 0.5335336 0 0.21524 0.55483 0 0.7194 0.28918 0 0.7402 0.29106 0 0.73892 0.30583 0 0.71819 0.30914 0 0.6980302 0.2886249 0 0.6964105 0.312812 0 0.6485198 0.3171387 0 0.61388 0.31792 0 0.61705 0.28154 0 0.6513332 0.2853519 0 0.5769608 0.3128231 0 0.583878 0.2734423 0 0.5952539 0.2350638 0 0.62567 0.24584 0 0.72708 0.2702 0 0.7461 0.27594 0 0.7052115 0.2654312 0 0.6606139 0.2548178 0 0.51791 0.20256 0 0.5453956 0.2148641 0 0.5350328 0.2582539 0 0.50265 0.24607 0 0.5252432 0.3016104 0 0.48971 0.29084 0 0.66581 0.7849 0 0.68089 0.79735 0 0.70178 0.801 0 0.72081 0.79774 0 0.73535 0.7863 0 0.74427 0.76933 0 0.51533 0.56427 0 0.547 0.68449 0 0.01255 0.83234 0 0.9886578 0.2999521 0 0.9886578 0.2756323 0 0.9735278 0.2774422 0 0.9735278 0.3035822 0 0.9735278 0.3035822 0 0.9735278 0.3312322 0 0.9886578 0.2999521 0 0.9735278 0.2774422 0 0.9886578 0.2756323 0 0.9886578 0.2999521 0 0.9735278 0.3035822 0 0.9735278 0.3035822 0 0.9886578 0.2999521 0 0.9735278 0.3312322 0 0.53286 0.59 0 0.54399 0.5854599 0 0.53101 0.56594 0 0.540445 0.560825 0 0.53028 0.56005 0 0.57351 0.41226 0 0.57577 0.39064 0 0.56761 0.41225 0 0.5393 0.511795 0 0.537615 0.535575 0 0.57611 0.53212 0 0.54432 0.498815 0 0.57585 0.50457 0 0.58676 0.39128 0 0.59552 0.40334 0 0.5591575 0.4397175 0 0.586915 0.437155 0 0.55156 0.47166 0 0.53502 0.47184 0 0.54817 0.485615 0 0.45968 0.57623 0 0.47245 0.55425 0 0.44295 0.57989 0 0.49313 0.60904 0 0.50409 0.6113 0 0.5082245 0.5617563 0 0.49014 0.564995 0 0.475315 0.6009 0 0.634285 0.448495 0 0.63454 0.42547 0 0.6245825 0.4470575 0 0.62764 0.42243 0 0.537935 0.65598 0 0.53555 0.68341 0 0.54434 0.67109 0 0.45479 0.58688 0 0.50194 0.67766 0 0.53453 0.68987 0 0.569325 0.58569 0 0.550475 0.587795 0 0.585315 0.58393 0 0.59512 0.564515 0 0.57311 0.56228 0 0.59246 0.58101 0 0.52856 0.59492 0 0.52747 0.53638 0 0.56149 0.4155 0 0.6076649 0.538265 0 0.616395 0.50621 0 0.57886 0.49006 0 0.61866 0.49673 0 0.58086 0.47279 0 0.6232 0.481155 0 0.52883 0.51122 0 0.52795 0.49369 0 0.54189 0.43444 0 0.62105 0.41159 0 0.62967 0.50748 0 0.63767 0.48082 0 0.50929 0.647295 0 0.50194 0.67766 0 0.50929 0.647295 0 0.47942 0.63749 0 0.47122 0.674075 0 0.446925 0.626355 0 0.43496 0.66999 0 0.47122 0.674075 0 0.47942 0.63749 0 0.416535 0.61607 0 0.40411 0.665835 0 0.43496 0.66999 0 0.446925 0.626355 0 0.416535 0.61607 0 0.38867 0.6082134 0 0.3713767 0.66092 0 0.40411 0.665835 0 0.5157163 0.6271768 0 0.4880675 0.6153413 0 0.47942 0.63749 0 0.50929 0.647295 0 0.5447601 0.6391106 0 0.5157163 0.6271768 0 0.4880675 0.6153413 0 0.4558882 0.6007916 0 0.446925 0.626355 0 0.47942 0.63749 0 0.4558882 0.6007916 0 0.4276704 0.5878677 0 0.416535 0.61607 0 0.446925 0.626355 0 0.4014771 0.5764782 0 0.38867 0.6082134 0 0.416535 0.61607 0 0.4276704 0.5878677 0 0.5534131 0.6447579 0 0.46145 0.53894 0 0.428394 0.5683547 0 0.45183 0.52481 0 0.04967499 0.55792 0 0.03965999 0.58235 0 0.05012 0.5877 0 0.06216999 0.56747 0 0.07002999 0.5825 0 0.04659999 0.533395 0 0.094645 0.503605 0 0.054135 0.49964 0 0.08755999 0.51999 0 0.48245 0.199195 0 0.4908 0.1935 0 0.4748505 0.1787847 0 0.4737821 0.1722224 0 0.4618121 0.1512163 0 0.46825 0.17987 0 0.45887 0.16145 0 0.16322 0.62748 0 0.1599 0.60978 0 0.150035 0.66089 0 0.16445 0.60864 0 0.66569 0.9749 0 0.67211 0.964415 0 0.64347 0.97167 0 0.34981 0.50767 0 0.34639 0.49126 0 0.32777 0.50632 0 0.365505 0.4819125 0 0.38074 0.49267 0 0.37391 0.50811 0 0.6873425 0.9696751 0 0.70472 0.94776 0 0.72359 0.96059 0 0.74163 0.96671 0 0.75273 0.94479 0 0.394 0.43725 0 0.38983 0.45644 0 0.41626 0.44299 0 0.76294 0.90959 0 0.77825 0.92388 0 0.78758 0.89377 0 0.41225 0.4683 0 0.45468 0.1841 0 0.44246 0.16102 0 0.154665 0.66373 0 0.215635 0.614755 0 0.24597 0.61184 0 0.24276 0.59345 0 0.34882 0.52176 0 0.35114 0.54263 0 0.37102 0.52168 0 0.36782 0.54335 0 0.28565 0.5541 0 0.2783 0.56846 0 0.30607 0.57192 0 0.26963 0.58144 0 0.29432 0.58828 0 0.30499 0.58923 0 0.31383 0.5791 0 0.86172 0.01385999 0 0.84374 0.01156998 0 0.84579 0.05136001 0 0.0732 0.59285 0 0.05815 0.59696 0 0.06193 0.60792 0 0.07080999 0.55926 0 0.06137999 0.61775 0 0.07678999 0.60475 0 0.06683 0.53087 0 0.04927 0.47 0 0.07738 0.46685 0 0.10283 0.53693 0 0.1187 0.52676 0 0.094645 0.503605 0 0.1187 0.52676 0 0.12077 0.52234 0 0.09727999 0.500555 0 0.07738 0.46685 0 0.08008 0.4651 0 0.11577 0.55364 0 0.13457 0.54139 0 0.13665 0.53878 0 0.13457 0.54139 0 0.12627 0.569 0 0.14741 0.55654 0 0.14741 0.55654 0 0.14974 0.55394 0 0.13308 0.58082 0 0.15462 0.57099 0 0.15887 0.57035 0 0.15462 0.57099 0 0.15824 0.58862 0 0.12589 0.60003 0 0.15824 0.58862 0 0.16271 0.58913 0 0.04188 0.43231 0 0.06500999 0.42886 0 0.06500999 0.42886 0 0.06836 0.42726 0 0.05485 0.3919 0 0.03438 0.39472 0 0.05485 0.3919 0 0.05872 0.39201 0 0.03083 0.37325 0 0.05228 0.36768 0 0.13697 0.61537 0 0.1599 0.60978 0 0.150035 0.66089 0 0.12744 0.653095 0 0.28867 0.52908 0 0.29888 0.54264 0 0.31292 0.53121 0 0.3063 0.51715 0 0.27475 0.54342 0 0.32889 0.524 0 0.73552 0.92856 0 0.79969 0.90814 0 0.44413 0.43126 0 0.44724 0.44884 0 0.47679 0.43721 0 0.47386 0.42229 0 0.46002 0.47504 0 0.48453 0.46383 0 0.40108 0.51764 0 0.40954 0.50863 0 0.39304 0.53064 0 0.43037 0.49242 0 0.41559 0.53348 0 0.42822 0.52851 0 0.44598 0.51254 0 0.40842 0.54127 0 0.451905 0.13451 0 0.43567 0.13888 0 0.4735 0.20782 0 0.4594 0.19023 0 0.47238 0.2091 0 0.43202 0.20041 0 0.45396 0.23222 0 0.4174 0.17471 0 0.40836 0.14599 0 0.4585466 0.1310347 0 0.47198 0.49369 0 0.49137 0.48355 0 0.4599 0.11812 0 0.46046 0.10226 0 0.45192 0.10118 0 0.45227 0.1176 0 0.43683 0.09680998 0 0.434 0.11749 0 0.19511 0.72601 0 0.20505 0.70764 0 0.22061 0.72958 0 0.22724 0.70865 0 0.2104 0.72582 0 0.40565 0.11896 0 0.40976 0.09284002 0 0.24684 0.62638 0 0.21528 0.63608 0 0.24205 0.65139 0 0.25505 0.64516 0 0.263365 0.61937 0 0.26689 0.64486 0 0.209345 0.675205 0 0.23646 0.67697 0 0.26361 0.59524 0 0.25273 0.57697 0 0.26246 0.55922 0 0.33418 0.54758 0 0.32438 0.55172 0 0.38272 0.54817 0 0.39542 0.5573 0 0.28779 0.64066 0 0.28579 0.61966 0 0.31401 0.56156 0 0.28901 0.60212 0 0.34031 0.55888 0 0.36012 0.55264 0 0.88251 0.009689987 0 0.87556 0.05048001 0 0.90303 0.05097997 0 0.90746 0.008639991 0 0.93398 0.01143998 0 0.93156 0.05296999 0 0.37909 0.55803 0 0.96105 0.02205998 0 0.96077 0.05675 0 0.38863 0.56516 0 0.98686 0.06054002 0 0.98069 0.02236003 0 0.29716 0.63576 0 0.29467 0.619535 0 0.79473 0.01713002 0 0.76846 0.01258999 0 0.77847 0.05067003 0 0.80203 0.05122 0 0.29689 0.60365 0 0.82089 0.05229002 0 0.81921 0.01675999 0 0.3254 0.5695 0 0.41844 0.28322 0 0.38359 0.24227 0 0.35872 0.20536 0 0.34352 0.1641 0 0.34463 0.07993001 0 0.34059 0.12111 0 0.385107 0.3233437 0 0.30406 0.40411 0 0.3438689 0.367119 0 0.2433964 0.4482104 0 0.3408279 0.2776437 0 0.2947756 0.312847 0 0.25347 0.34185 0 0.193733 0.3782005 0 0.1975731 0.4806392 0 0.1451911 0.4058807 0 0.10932 0.42432 0 0.16754 0.50118 0 0.3104452 0.2322878 0 0.21586 0.2817 0 0.2598388 0.2592814 0 0.1574933 0.3088078 0 0.06436999 0.35264 0 0.1064115 0.3327136 0 0.2944928 0.1811372 0 0.18988 0.22068 0 0.2379961 0.2019895 0 0.1325688 0.2400982 0 0.07816952 0.2576832 0 0.03339 0.2709 0 0.2870681 0.1292206 0 0.2299171 0.1382983 0 0.17655 0.14717 0 0.1163837 0.1578334 0 0.05877104 0.1672462 0 0.01144 0.17392 0 0.2893213 0.07479167 0 0.2341667 0.07214183 0 0.18081 0.07199001 0 0.1155357 0.07506335 0 0.05620219 0.0781492 0 0.00905 0.08094001 0 0.05878 0.36174 0 0.05228 0.36768 0 0.93338 0.2779 0 0.91079 0.27441 0 0.92383 0.30934 0 0.90471 0.30592 0 0.7952 0.44109 0 0.78002 0.426 0 0.77386 0.4654 0 0.80481 0.45031 0 0.79078 0.4749 0 0.77105 0.41113 0 0.75236 0.44447 0 0.74168 0.42508 0 0.95393 0.3882 0 0.96468 0.40418 0 0.97517 0.38193 0 0.98081 0.4274 0 0.92511 0.38893 0 0.93551 0.40976 0 0.90681 0.37973 0 0.90086 0.41293 0 0.9106 0.42334 0 0.88606 0.40272 0 0.74497 0.4905 0 0.78029 0.4977 0 0.76068 0.49373 0 0.91227 0.44649 0 0.89651 0.45322 0 0.9025 0.46912 0 0.89226 0.46873 0 0.88728 0.45756 0 0.92193 0.4754 0 0.93538 0.43888 0 0.74962 0.49974 0 0.72566 0.48579 0 0.73263 0.49986 0 0.70872 0.4588 0 0.67935 0.47845 0 0.96167 0.43362 0 0.95984 0.47031 0 0.90512 0.48089 0 0.80946 0.32267 0 0.81295 0.33848 0 0.84846 0.33441 0 0.84772 0.32028 0 0.8753 0.33126 0 0.87854 0.33692 0 0.8859 0.33271 0 0.6551 0.45583 0 0.65178 0.45134 0 0.65008 0.45972 0 0.86698 0.4143 0 0.87156 0.41566 0 0.87144 0.40664 0 0.85773 0.38754 0 0.85699 0.39385 0 0.86495 0.38845 0 0.90386 0.11237 0 0.93404 0.11272 0 0.87738 0.1123 0 0.84593 0.11232 0 0.82008 0.11035 0 0.79785 0.10831 0 0.77293 0.1089 0 0.96192 0.1145 0 0.98644 0.11671 0 0.92678 0.18037 0 0.932225 0.1296325 0 0.903045 0.1296575 0 0.9006 0.18152 0 0.876955 0.12968 0 0.87568 0.18182 0 0.84839 0.18141 0 0.846545 0.1295925 0 0.825 0.18128 0 0.82131 0.1280825 0 0.80207 0.18064 0 0.798905 0.1263925 0 0.78132 0.18187 0 0.7750275 0.1271425 0 0.97774 0.18764 0 0.984265 0.1344425 0 0.9605075 0.131885 0 0.95627 0.18404 0 0.89183 0.27354 0 0.87462 0.27493 0 0.8566 0.27544 0 0.87377 0.30655 0 0.89369 0.30549 0 0.80799 0.4263 0 0.79749 0.41249 0 0.81582 0.43324 0 0.85536 0.30758 0 0.7892 0.39917 0 0.94933 0.27979 0 0.83573 0.2747 0 0.82279 0.2745 0 0.8015 0.27706 0 0.83703 0.30928 0 0.8278 0.30758 0 0.8059 0.31251 0 0.94141 0.31411 0 0.78102 0.38617 0 0.76345 0.39189 0 0.77921 0.37853 0 0.7613 0.38536 0 0.95107 0.3663 0 0.97063 0.36177 0 0.93452 0.36472 0 0.72792 0.41068 0 0.72165 0.40177 0 0.88521 0.43148 0 0.87216 0.42667 0 0.89322 0.43959 0 0.87424 0.44874 0 0.86429 0.44549 0 0.88254 0.45278 0 0.77082 0.51352 0 0.76037 0.50846 0 0.75462 0.50791 0 0.69204 0.50354 0 0.73995 0.50487 0 0.69555 0.43477 0 0.66527 0.45032 0 0.69251 0.42694 0 0.65972 0.44519 0 0.98097 0.46691 0 0.954495 0.51405 0 0.98497 0.50526 0 0.81676 0.34674 0 0.84838 0.34229 0 0.654635 0.491605 0 0.66278 0.52098 0 0.87744 0.31641 0 0.95866 0.543835 0 0.98768 0.5151 0 0.88795 0.31953 0 0.88125 0.34935 0 0.89044 0.3464 0 0.644095 0.497015 0 0.98769 0.52381 0 0.96209 0.553135 0 0.86422 0.40888 0 0.86115 0.4009 0 0.836595 0.413595 0 0.841785 0.422755 0 0.833435 0.404925 0 0.84509 0.430205 0 0.86851 0.405 0 0.86689 0.39968 0 0.86802 0.39629 0 0.86264 0.37942 0 0.85534 0.38188 0 0.85247 0.43734 0 0.82894 0.391645 0 0.83147 0.39805 0 0.91688 0.3604 0 0.85065 0.35667 0 0.93107 0.55133 0 0.92539 0.51833 0 0.93373 0.56182 0 0.65212 0.52471 0 0.81567 0.36242 0 0.85332 0.36109 0 0.88242 0.3527 0 0.81801 0.37111 0 0.91242 0.47797 0 0.91923 0.51847 0 0.92666 0.55293 0 0.85585 0.36554 0 0.88439 0.35613 0 0.82015 0.37969 0 0.69356 0.50914 0 0.72993 0.49417 0 0.66341 0.52513 0 0.46177 0.58656 0 0.4436 0.52383 0 0.40851 0.55705 0 0.35245 0.6787 0 0.3421 0.66158 0 0.322 0.66594 0 0.32114 0.67644 0 0.33996 0.69895 0 0.32547 0.68375 0 0.28038 0.76057 0 0.25402 0.77591 0 0.28708 0.7975 0 0.25126 0.76406 0 0.27052 0.74896 0 0.25067 0.75228 0 0.30705 0.81855 0 0.314905 0.81378 0 0.30016 0.796625 0 0.32486 0.72368 0 0.30992 0.710795 0 0.31809 0.73505 0 0.29339 0.67367 0 0.2927 0.68007 0 0.29789 0.82229 0 0.28266 0.82847 0 0.27504 0.81669 0 0.27248 0.82053 0 0.27321 0.82906 0 0.2449 0.68493 0 0.2446 0.69805 0 0.25058 0.68561 0 0.24391 0.73019 0 0.250995 0.728575 0 0.25698 0.69724 0 0.26676 0.72679 0 0.25829 0.79908 0 0.26226 0.79575 0 0.339 0.72254 0 0.33134 0.63466 0 0.32063 0.63642 0 0.24519 0.74725 0 0.24959 0.77098 0 0.29045 0.71581 0 0.27925 0.69427 0 0.2984 0.73414 0 0.3002 0.74452 0 0.3003 0.76165 0 0.2986 0.66037 0 0.30441 0.6341 0 0.29916 0.68737 0 0.07388 0.57757 0 0.66343 0.84306 0 0.66559 0.82845 0 0.6363 0.83574 0 0.73951 0.83347 0 0.74779 0.84651 0 0.77024 0.81721 0 0.63759 0.8732 0 0.66661 0.87092 0 0.03503999 0.70502 0 0.79188 0.83563 0 0.80319 0.85838 0 0.83389 0.79023 0 0.81743 0.77843 0 0.16866 0.74226 0 0.1488 0.7408 0 0.17713 0.77419 0 0.204605 0.758555 0 0.61136 0.69924 0 0.62574 0.724165 0 0.6353 0.70289 0 0.64853 0.727545 0 0.62241 0.69602 0 0.67363 0.71694 0 0.66601 0.69051 0 0.63326 0.69007 0 0.6242 0.68548 0 0.61948 0.67732 0 0.61269 0.68841 0 0.90322 0.68322 0 0.87646 0.6928 0 0.91287 0.7428 0 0.93277 0.70016 0 0.94259 0.67687 0 0.95666 0.72163 0 0.83763 0.91141 0 0.81938 0.88585 0 0.82254 0.90825 0 0.02709 0.72744 0 0.04253 0.72299 0 0.03709 0.7425 0 0.02088 0.74642 0 0.04755999 0.73899 0 0.02998 0.76157 0 0.01568 0.76995 0 0.04002 0.76329 0 0.07102 0.73349 0 0.05468 0.76211 0 0.0833 0.76328 0 0.17247 0.78124 0 0.19195 0.79517 0 0.20096 0.77657 0 0.22523 0.769855 0 0.237255 0.792 0 0.22794 0.81073 0 0.20968 0.81227 0 0.20122 0.82791 0 0.83134 0.93824 0 0.82748 0.92779 0 0.81289 0.93722 0 0.18237 0.81946 0 0.21527 0.83124 0 0.82278 0.95154 0 0.16388 0.79291 0 0.19766 0.86539 0 0.84351 0.89302 0 0.85666 0.90807 0 0.88973 0.89104 0 0.87245 0.87533 0 0.07334999 0.79388 0 0.04448 0.79931 0 0.02686999 0.80052 0 0.02384 0.82796 0 0.10287 0.82446 0 0.14535 0.81713 0 0.11583 0.78252 0 0.06701 0.83005 0 0.03491 0.83384 0 0.07669 0.8745 0 0.84573 0.98299 0 0.84051 0.95724 0 0.93178 0.9313 0 0.87454 0.95254 0 0.88432 0.97301 0 0.91767 0.87063 0 0.92605 0.88251 0 0.9472 0.85011 0 0.92191 0.83307 0 0.89854 0.85486 0 0.94763 0.7765 0 0.9456 0.78858 0 0.98553 0.77548 0 0.95614 0.80289 0 0.96892 0.80984 0 0.97999 0.81345 0 0.99259 0.917 0 0.97127 0.90172 0 0.96822 0.92985 0 0.98812 0.93595 0 0.9547 0.95821 0 0.93737 0.9768 0 0.89983 0.99468 0 0.23265 0.86768 0 0.37436 0.85614 0 0.34085 0.83911 0 0.32155 0.87014 0 0.38158 0.82311 0 0.34961 0.80123 0 0.34176 0.78581 0 0.36932 0.77541 0 0.37322 0.79838 0 0.20439 0.90212 0 0.26709 0.90725 0 0.32549 0.89872 0 0.37097 0.88476 0 0.40208 0.80824 0 0.37965 0.93882 0 0.438415 0.884825 0 0.442735 0.93603 0 0.43746 0.8468 0 0.44167 0.81605 0 0.40217 0.78828 0 0.482565 0.870745 0 0.49798 0.91846 0 0.53446 0.87847 0 0.51722 0.84836 0 0.48517 0.83403 0 0.53673 0.75658 0 0.49003 0.74363 0 0.4916 0.78492 0 0.55231 0.77427 0 0.52826 0.79809 0 0.57516 0.74929 0 0.6593466 0.7697567 0 0.6572334 0.7676633 0 0.6603033 0.79046 0 0.6630567 0.78768 0 0.67751 0.8060567 0 0.6792 0.8017033 0 0.64237 0.76554 0 0.64706 0.80284 0 0.65755 0.79324 0 0.65512 0.76557 0 0.67582 0.81041 0 0.66146 0.77185 0 0.66973 0.76155 0 0.70162 0.81118 0 0.7017 0.80609 0 0.70119 0.83255 0 0.70154 0.81627 0 0.7237633 0.8044133 0 0.7222866 0.8010767 0 0.7334 0.82178 0 0.72524 0.80775 0 0.7397367 0.78926 0 0.7375433 0.78778 0 0.75795 0.80263 0 0.74193 0.79074 0 0.7489033 0.77049 0 0.7465867 0.76991 0 0.77249 0.76309 0 0.75122 0.77107 0 0.75048 0.75584 0 0.73896 0.75765 0 0.73792 0.74644 0 0.735 0.75519 0 0.75125 0.72893 0 0.71836 0.74232 0 0.717 0.75168 0 0.72438 0.71705 0 0.66194 0.75121 0 0.66921 0.76015 0 0.68127 0.75063 0 0.6792 0.74195 0 0.6997 0.74871 0 0.69972 0.74021 0 0.69891 0.71095 0 0.63046 0.8059 0 0.62758 0.7651 0 0.70324 0.84626 0 0.79302 0.765 0 0.70604 0.86537 0 0.64298 0.91314 0 0.67223 0.90123 0 0.71157 0.88414 0 0.75505 0.86216 0 0.66287 0.94135 0 0.71738 0.90432 0 0.07263 0.70419 0 0.11229 0.71569 0 0.11731 0.70478 0 0.07339 0.6871 0 0.76444 0.87783 0 0.14606 0.72482 0 0.64199 0.6905 0 0.69627 0.67845 0 0.7303 0.68986 0 0.76646 0.70767 0 0.84615 0.72847 0 0.81655 0.70863 0 0.77627 0.68182 0 0.86389 0.75139 0 0.64222 0.67836 0 0.66107 0.66507 0 0.67753 0.65356 0 0.63329 0.67361 0 0.6405 0.6618 0 0.62362 0.67081 0 0.6255 0.65828 0 0.63045 0.64593 0 0.64331 0.64567 0 0.63276 0.63617 0 0.64306 0.63851 0 0.65611 0.64379 0 0.66817 0.64173 0 0.65567 0.6395 0 0.68753 0.63909 0 0.67316 0.63522 0 0.66533 0.63449 0 0.70908 0.64799 0 0.63435 0.62629 0 0.64554 0.63029 0 0.65737 0.63363 0 0.63601 0.61857 0 0.64018 0.61214 0 0.64974 0.61942 0 0.64513 0.62697 0 0.65861 0.62585 0 0.65696 0.6318 0 0.67103 0.62871 0 0.68331 0.62482 0 0.70795 0.62294 0 0.6503 0.60934 0 0.66274 0.6211 0 0.67442 0.61275 0 0.6912 0.60218 0 0.66115 0.59861 0 0.67515 0.58538 0 0.73789 0.66095 0 0.74298 0.62385 0 0.78595 0.64687 0 0.69053 0.57375 0 0.7152 0.59401 0 0.72633 0.56668 0 0.7664 0.58825 0 0.80106 0.60487 0 0.81351 0.54781 0 0.79426 0.53485 0 0.84156 0.56371 0 0.83556 0.67206 0 0.84996 0.62997 0 0.87816 0.57813 0 0.88691 0.66636 0 0.91837 0.64558 0 0.9249815 0.5940937 0 0.82492 0.48917 0 0.84338 0.49721 0 0.86342 0.50247 0 0.88378 0.50474 0 0.8968199 0.50623 0 0.96738 0.64912 0 0.97388 0.69086 0 0.83068 0.87543 0 0.848025 0.851505 0 0.81938 0.84987 0 0.07081999 0.72207 0 0.10649 0.72967 0 0.14094 0.75319 0 0.10372 0.74132 0 0.13471 0.76472 0 0.25258 0.81051 0 0.24896 0.81527 0 0.15189 0.85842 0 0.84232 0.91676 0 0.86327 0.93013 0 0.89978 0.90748 0 0.88942 0.79842 0 0.86463 0.80513 0 0.863905 0.826305 0 0.9057 0.81045 0 0.94913 0.89958 0 0.11622 0.86443 0 0.02968999 0.85008 0 0.95631 0.87585 0 0.97019 0.84495 0 0.97659 0.86769 0 0.97413 0.87883 0 0.90813 0.78723 0 0.96867 0.96672 0 0.94627 0.99235 0 0.28024 0.87649 0 0.11848 0.91755 0 0.13839 0.89715 0 0.16466 0.89776 0 0.16078 0.93561 0 0.20613 0.94499 0 0.2692 0.95012 0 0.32775 0.94551 0 0.49086 0.81108 0 0.44256 0.78889 0 0.44424 0.74628 0 0.4038 0.744765 0 0.379705 0.742475 0 0.54871 0.91571 0 0.57204 0.89948 0 0.55282 0.8681 0 0.53082 0.8345 0 0.84087 0.80093 0 0.06421999 0.98297 0 0.09187 0.96821 0 0.08298999 0.95837 0 0.05985 0.97375 0 0.07146 0.94742 0 0.05522999 0.96391 0 0.06171 0.94085 0 0.04921 0.95283 0 0.01899 0.9369 0 0.03606 0.9105 0 0.0286 0.94113 0 0.04715 0.91904 0 0.03824 0.94645 0 0.0566 0.93136 0 0.02391 0.97585 0 0.03077 0.96962 0 0.02418999 0.96066 0 0.01579 0.96245 0 0.01836 0.98145 0 0.00939999 0.96444 0 0.03981 0.97597 0 0.03771999 0.96416 0 0.03734 0.98407 0 0.03523999 0.99072 0 0.66682 0.78388 0 0.70104 0.76971 0 0.66363 0.77129 0 0.68213 0.79416 0 0.70185 0.79644 0 0.71875 0.79307 0 0.73123 0.78352 0 0.73926 0.76808 0 0.98082 0.84858 0 0.70926 0.76921 0 0.70735 0.76972 0 0.7079 0.77153 0 0.70612 0.76921 0 0.70745 0.77616 0 0.70446 0.77291 0 0.70795 0.76999 0 0.70744 0.77078 0 0.70618 0.76953 0 0.70081 0.76743 0 0.70056 0.77072 0 0.70454 0.76836 0 0.69757 0.76772 0 0.69727 0.77102 0 0.69562 0.7767 0 0.69601 0.77008 0 0.69628 0.77379 0 0.69582 0.77212 0 0.70417 0.77301 0 0.70047 0.7714 0 0.70708 0.77607 0 0.69781 0.77062 0 0.71189 0.77282 0 0.70955 0.77192 0 0.71011 0.77492 0 0.70949 0.78086 0 0.71015 0.7735 0 0.70975 0.77605 0 0.70846 0.77243 0 0.70894 0.77971 0 0.71306 0.77737 0 0.71113 0.77612 0 0.71157 0.77834 0 0.71046 0.78441 0 0.71179 0.77695 0 0.71022 0.77948 0 0.71055 0.77652 0 0.70968 0.78309 0 0.7094 0.7841 0 0.48243 0.06204998 0 0.49704 0.05552 0 0.49769 0.06204998 0 0.49511 0.04957002 0 0.4895 0.04281998 0 0.49511 0.07453001 0 0.4895 0.08127999 0 0.49704 0.06858003 0 0.51191 0.05122 0 0.51266 0.06204998 0 0.50952 0.04082 0 0.50186 0.02686 0 0.50186 0.09723997 0 0.50953 0.08327997 0 0.51191 0.07288003 0 0.52638 0.05106002 0 0.52685 0.06434 0 0.52487 0.03560001 0 0.5196 0.01569003 0 0.52487 0.08850998 0 0.5196 0.10842 0 0.52638 0.07761002 0 0.54055 0.06434 0 0.54055 0.05026001 0 0.54055 0.03385001 0 0.54055 0.01165998 0 0.54055 0.09025002 0 0.54055 0.11244 0 0.54055 0.07841003 0 0.55425 0.06434 0 0.55472 0.05106002 0 0.55623 0.03560001 0 0.5615 0.01568002 0 0.55623 0.08850002 0 0.5615 0.10841 0 0.55472 0.07761002 0 0.56919 0.05122 0 0.56844 0.06204998 0 0.57158 0.04082 0 0.57924 0.02686 0 0.57158 0.08327997 0 0.57924 0.09723997 0 0.5692 0.07288003 0 0.58406 0.05552 0 0.58341 0.06204998 0 0.58599 0.04957002 0 0.5916 0.04281002 0 0.58599 0.07453001 0 0.5916 0.08127999 0 0.58406 0.06858003 0 0.59868 0.06204998 0 0.52824 0.17652 0 0.51945 0.17087 0 0.51518 0.19023 0 0.50266 0.18188 0 0.50336 0.13483 0 0.48482 0.14001 0 0.50343 0.14326 0 0.48387 0.15182 0 0.5060757 0.3388327 0 0.5194537 0.3432507 0 0.5196213 0.336264 0 0.5037751 0.3563811 0 0.49893 0.34756 0 0.4940997 0.3587127 0 0.622 0.36112 0 0.59964 0.34894 0 0.59462 0.36855 0 0.61426 0.37957 0 0.670866 0.404161 0 0.66009 0.38106 0 0.65201 0.39884 0 0.6824546 0.3923953 0 0.50972 0.15627 0 0.4898 0.16763 0 0.53587 0.15788 0 0.52863 0.14476 0 0.54134 0.15617 0 0.546616 0.3388734 0 0.54408 0.3440247 0 0.5620263 0.3547797 0 0.5703047 0.3517181 0 0.5485217 0.3307623 0 0.5181417 0.326367 0 0.57462 0.341 0 0.55242 0.37016 0 0.55755 0.37258 0 0.54101 0.3854 0 0.54527 0.38879 0 0.52639 0.39658 0 0.53019 0.40105 0 0.52036 0.1365 0 0.5225 0.13314 0 0.4990553 0.3921816 0 0.5024024 0.390069 0 0.4988523 0.3702027 0 0.4933183 0.36945 0 0.5138497 0.410216 0 0.513541 0.4035647 0 0.53561 0.13992 0 0.5001 0.33097 0 0.49173 0.33744 0 0.48649 0.351235 0 0.48573 0.36915 0 0.49242 0.31839 0 0.48007 0.32831 0 0.472835 0.349765 0 0.51477 0.31487 0 0.47397 0.37222 0 0.49227 0.39507 0 0.48212 0.40222 0 0.5011 0.41544 0 0.48809 0.42247 0 0.55099 0.32143 0 0.57843 0.32893 0 0.60509 0.33426 0 0.57326 0.3651 0 0.59198 0.37573 0 0.56162 0.37653 0 0.68104 0.01621997 0 0.691515 0.03854251 0 0.70153 0.01700002 0 0.68894 0.007290006 0 0.61114 0.3857 0 0.71356 0.02262998 0 0.70958 0.04297 0 0.63085 0.34057 0 0.54828 0.39157 0 0.67246 0.02236998 0 0.67011 0.03669 0 0.53323 0.40535 0 0.66541 0.01257998 0 0.6527525 0.02990502 0 0.52242 0.41381 0 0.6903877 0.410928 0 0.70079 0.40301 0 0.6682127 0.4083641 0 0.682927 0.412492 0 0.70971 0.39117 0 0.6929 0.3774 0 0.65154 0.003750026 0 0.66427 0.001810014 0 0.64999 0.40445 0 0.63714 0.007430017 0 0.63794 0.02888501 0 0.62386 0.39129 0 0.62738 0.38608 0 0.71937 0.04426998 0 0.72112 0.02332002 0 0.63583 0.36755 0 0.654285 0.35044 0 0.64784 0.37378 0 0.63772 0.39169 0 0.6367 0.39807 0 0.72957 0.02368999 0 0.729735 0.04433501 0 0.741665 0.04277998 0 0.73937 0.02217001 0 0.67455 0.36351 0 0.66209 0.07485002 0 0.68428 0.07902998 0 0.70287 0.08111 0 0.71583 0.08209997 0 0.72824 0.08179998 0 0.74201 0.08082002 0 0.64317 0.06954002 0 0.62709 0.06405997 0 0.63402 0.15245 0 0.605235 0.1427 0 0.669345 0.16302 0 0.69886 0.17051 0 0.71701 0.17318 0 0.73518 0.17316 0 0.75759 0.16848 0 0.57748 0.13486 0 0.57418 0.21796 0 0.61301 0.23161 0 0.66002 0.24245 0 0.69093 0.24595 0 0.71209 0.24718 0 0.73497 0.24681 0 0.7595 0.2468 0 0.54051 0.2019 0 0.47155 0.02872998 0 0.47002 0.01889998 0 0.462405 0.03938001 0 0.38015 0.04122001 0 0.37327 0.01463997 0 0.370495 0.03033501 0 0.39575 0.03926998 0 0.39006 0.007170022 0 0.41146 0.03644001 0 0.41067 0.006049991 0 0.4323 0.005240023 0 0.42652 0.04084003 0 0.44848 0.04389 0 0.45837 0.009760022 0 0.7194 0.28918 0 0.7402 0.29106 0 0.6980302 0.2886249 0 0.6513332 0.2853519 0 0.61705 0.28154 0 0.583878 0.2734423 0 0.62567 0.24584 0 0.5952539 0.2350638 0 0.72708 0.2702 0 0.7461 0.27594 0 0.7052115 0.2654312 0 0.6606139 0.2548178 0 0.51791 0.20256 0 0.50265 0.24607 0 0.5350328 0.2582539 0 0.5453956 0.2148641 0 0.66581 0.7849 0 0.68089 0.79735 0 0.70178 0.801 0 0.72081 0.79774 0 0.73535 0.7863 0 0.74427 0.76933 0 0.51533 0.56427 0 0.547 0.68449 0 0.3510758 0.5670297 0 0.3486543 0.5652756 0 0.3466285 0.5706094 0 0.3520813 0.5688872 0 0.3518465 0.5716105 0 0.350838 0.5744445 0 0.3489261 0.5761853 0 0.3466285 0.5767247 0 0.3466285 0.564941 0 0.3446026 0.5652756 0 0.3421811 0.5670297 0 0.3411756 0.5688872 0 0.3414104 0.5716105 0 0.3424188 0.5744445 0 0.3443308 0.5761853 0 0.6980302 0.2886249 0 0.6964105 0.312812 0 0.71819 0.30914 0 0.7194 0.28918 0 0.6485198 0.3171387 0 0.6513332 0.2853519 0 0.61705 0.28154 0 0.61388 0.31792 0 0.5769608 0.3128231 0 0.583878 0.2734423 0 0.62567 0.24584 0 0.5952539 0.2350638 0 0.7052115 0.2654312 0 0.72708 0.2702 0 0.6606139 0.2548178 0 0.51791 0.20256 0 0.50265 0.24607 0 0.5350328 0.2582539 0 0.5453956 0.2148641 0 0.48971 0.29084 0 0.5252432 0.3016104 0 0.6980302 0.2886249 0 0.7194 0.28918 0 0.61705 0.28154 0 0.6513332 0.2853519 0 0.583878 0.2734423 0 0.5952539 0.2350638 0 0.62567 0.24584 0 0.7052115 0.2654312 0 0.72708 0.2702 0 0.6606139 0.2548178 0 0.51791 0.20256 0 0.5453956 0.2148641 0 0.5350328 0.2582539 0 0.50265 0.24607 0</float_array>
          <technique_common>
            <accessor source="#geom-alice_lod0-map1-array" count="2535" stride="3">
              <param name="S" type="float"/>
              <param name="T" type="float"/>
              <param name="P" type="float"/>
            </accessor>
          </technique_common>
        </source>
        <vertices id="geom-alice_lod0-vertices">
          <input semantic="POSITION" source="#geom-alice_lod0-positions"/>
        </vertices>
        <triangles material="alice_mat" count="3694">
          <input semantic="VERTEX" source="#geom-alice_lod0-vertices" offset="0"/>
          <input semantic="NORMAL" source="#geom-alice_lod0-normals" offset="1"/>
          <input semantic="TEXCOORD" source="#geom-alice_lod0-map1" offset="2" set="0"/>
          <p>0 0 0 1 1 1 2 2 2 2 2 2 3 3 3 0 0 0 4 4 4 5 5 5 6 6 6 7 7 7 8 8 8 9 9 9 9 9 9 10 10 10 7 7 7 11 11 11 12 12 12 13 13 13 2 2 2 14 14 14 15 15 15 15 15 15 3 3 3 2 2 2 16 16 16 7 7 7 10 10 10 10 10 10 17 17 17 16 16 16 18 18 18 19 19 19 20 20 20 20 20 20 21 21 21 18 18 18 22 22 22 23 23 23 19 19 19 22 22 22 24 24 24 23 23 23 25 25 25 26 26 26 27 27 27 28 28 28 29 29 29 30 30 30 31 31 31 32 32 32 28 28 28 32 32 32 29 29 29 28 28 28 27 27 27 33 33 33 25 25 25 33 33 33 34 34 34 25 25 25 25 25 25 35 35 35 36 36 36 35 35 35 25 25 25 34 34 34 37 37 37 38 38 38 39 39 39 40 40 40 41 41 41 42 42 42 43 43 43 44 44 44 45 45 45 46 46 46 47 47 47 40 40 40 40 40 40 42 42 42 46 46 46 48 48 48 49 49 49 50 50 50 51 51 51 50 50 50 49 49 49 52 52 52 53 53 53 54 54 54 54 54 54 55 55 55 52 52 52 40 40 40 56 56 56 41 41 41 55 55 55 57 57 57 58 58 58 59 59 59 60 60 60 61 61 61 61 61 61 62 62 62 59 59 59 20 20 20 19 19 19 62 62 62 62 62 62 61 61 61 20 20 20 59 59 59 63 63 63 64 64 64 64 64 64 60 60 60 59 59 59 63 63 63 59 59 59 65 65 65 65 65 65 66 66 66 63 63 63 62 62 62 23 23 23 65 65 65 65 65 65 59 59 59 62 62 62 62 62 62 19 19 19 23 23 23 67 67 67 64 64 64 63 63 63 63 63 63 68 68 68 67 67 67 68 68 68 63 63 63 66 66 66 69 69 69 18 18 18 21 21 21 21 21 21 70 70 70 69 69 69 30 30 30 29 29 29 65 65 65 65 65 65 23 23 23 30 30 30 71 71 71 30 30 30 23 23 23 23 23 23 24 24 24 71 71 71 36 36 36 26 26 26 25 25 25 36 36 36 72 72 72 26 26 26 65 65 65 29 29 29 73 73 73 73 73 73 66 66 66 65 65 65 32 32 32 74 74 74 73 73 73 73 73 73 29 29 29 32 32 32 31 31 31 38 38 38 75 75 75 75 75 75 32 32 32 31 31 31 75 75 75 76 76 76 74 74 74 74 74 74 32 32 32 75 75 75 77 77 77 78 78 78 76 76 76 76 76 76 75 75 75 77 77 77 37 37 37 77 77 77 75 75 75 75 75 75 38 38 38 37 37 37 79 79 79 28 28 28 30 30 30 30 30 30 71 71 71 79 79 79 80 80 80 31 31 31 28 28 28 28 28 28 79 79 79 80 80 80 38 38 38 31 31 31 80 80 80 80 80 80 39 39 39 38 38 38 39 39 39 81 81 81 36 36 36 36 36 36 37 37 37 39 39 39 36 36 36 35 35 35 77 77 77 77 77 77 37 37 37 36 36 36 77 77 77 35 35 35 49 49 49 49 49 49 78 78 78 77 77 77 82 82 82 49 49 49 35 35 35 35 35 35 34 34 34 82 82 82 51 51 51 49 49 49 82 82 82 43 43 43 47 47 47 46 46 46 46 46 46 44 44 44 43 43 43 78 78 78 83 83 83 84 84 84 84 84 84 76 76 76 78 78 78 83 83 83 78 78 78 49 49 49 49 49 49 48 48 48 83 83 83 58 58 58 85 85 85 52 52 52 52 52 52 55 55 55 58 58 58 86 86 86 87 87 87 88 88 88 88 88 88 89 89 89 86 86 86 90 90 90 91 91 91 92 92 92 92 92 92 93 93 93 90 90 90 94 94 94 95 95 95 96 96 96 96 96 96 97 97 97 94 94 94 98 98 98 99 99 99 100 100 100 100 100 100 101 101 101 98 98 98 102 102 102 103 103 103 104 104 104 104 104 104 105 105 105 102 102 102 85 85 85 106 106 106 107 107 107 107 107 107 52 52 52 85 85 85 108 108 108 109 109 109 110 110 110 110 110 110 111 111 111 108 108 108 112 112 112 113 113 113 114 114 114 114 114 114 115 115 115 112 112 112 116 116 116 117 117 117 118 118 118 118 118 118 119 119 119 116 116 116 107 107 107 120 120 120 53 53 53 53 53 53 52 52 52 107 107 107 74 74 74 76 76 76 84 84 84 41 41 41 121 121 121 122 122 122 122 122 122 42 42 42 41 41 41 123 123 123 122 122 122 121 121 121 73 73 73 74 74 74 84 84 84 124 124 124 125 125 125 126 126 126 126 126 126 127 127 127 124 124 124 128 128 128 124 124 124 129 129 129 129 129 129 130 130 130 128 128 128 129 129 129 131 131 131 130 130 130 128 128 128 125 125 125 124 124 124 124 124 124 127 127 127 132 132 132 132 132 132 133 133 133 124 124 124 134 134 134 135 135 135 136 136 136 137 137 137 138 138 138 139 139 139 138 138 138 140 140 140 141 141 141 142 142 142 143 143 143 138 138 138 138 138 138 137 137 137 142 142 142 144 144 144 145 145 145 146 146 146 147 147 147 144 144 144 146 146 146 148 148 148 149 149 149 150 150 150 151 151 151 152 152 152 153 153 153 154 154 154 151 151 151 153 153 153 155 155 155 156 156 156 154 154 154 151 151 151 154 154 154 156 156 156 150 150 150 157 157 157 158 158 158 157 157 157 159 159 159 158 158 158 159 159 159 160 160 160 161 161 161 162 162 162 163 163 163 164 164 164 165 165 165 166 166 166 167 167 167 154 154 154 168 168 168 155 155 155 164 164 164 168 168 168 154 154 154 143 143 143 142 142 142 169 169 169 143 143 143 169 169 169 170 170 170 145 145 145 144 144 144 171 171 171 172 172 172 173 173 173 174 174 174 168 168 168 164 164 164 163 163 163 175 175 175 176 176 176 177 177 177 178 178 178 177 177 177 176 176 176 179 179 179 180 180 180 181 181 181 181 181 181 182 182 182 183 183 183 181 181 181 180 180 180 182 182 182 182 182 182 180 180 180 184 184 184 185 185 185 184 184 184 180 180 180 186 186 186 187 187 187 188 188 188 189 189 189 190 190 190 191 191 191 192 192 192 129 129 129 124 124 124 124 124 124 133 133 133 192 192 192 193 193 193 190 190 190 194 194 194 133 133 133 132 132 132 195 195 195 195 195 195 136 136 136 133 133 133 135 135 135 196 196 196 136 136 136 136 136 136 195 195 195 197 197 197 197 197 197 198 198 198 136 136 136 136 136 136 198 198 198 199 199 199 199 199 199 134 134 134 136 136 136 200 200 200 135 135 135 134 134 134 134 134 134 201 201 201 200 200 200 202 202 202 203 203 203 204 204 204 204 204 204 205 205 205 202 202 202 206 206 206 207 207 207 203 203 203 203 203 203 202 202 202 206 206 206 208 208 208 200 200 200 201 201 201 201 201 201 209 209 209 208 208 208 210 210 210 211 211 211 205 205 205 205 205 205 204 204 204 210 210 210 212 212 212 208 208 208 209 209 209 209 209 209 213 213 213 212 212 212 211 211 211 210 210 210 214 214 214 214 214 214 215 215 215 211 211 211 216 216 216 212 212 212 213 213 213 213 213 213 217 217 217 216 216 216 218 218 218 219 219 219 215 215 215 215 215 215 214 214 214 218 218 218 220 220 220 221 221 221 216 216 216 216 216 216 217 217 217 220 220 220 218 218 218 222 222 222 223 223 223 223 223 223 219 219 219 218 218 218 224 224 224 198 198 198 197 197 197 197 197 197 225 225 225 224 224 224 198 198 198 224 224 224 226 226 226 226 226 226 199 199 199 198 198 198 227 227 227 228 228 228 207 207 207 207 207 207 206 206 206 227 227 227 224 224 224 229 229 229 230 230 230 230 230 230 226 226 226 224 224 224 231 231 231 232 232 232 228 228 228 228 228 228 227 227 227 231 231 231 225 225 225 233 233 233 229 229 229 229 229 229 224 224 224 225 225 225 234 234 234 235 235 235 229 229 229 229 229 229 233 233 233 234 234 234 230 230 230 229 229 229 235 235 235 235 235 235 236 236 236 230 230 230 139 139 139 237 237 237 238 238 238 238 238 238 137 137 137 139 139 139 221 221 221 220 220 220 239 239 239 239 239 239 240 240 240 221 221 221 222 222 222 147 147 147 146 146 146 146 146 146 223 223 223 222 222 222 241 241 241 242 242 242 240 240 240 240 240 240 239 239 239 241 241 241 243 243 243 242 242 242 241 241 241 241 241 241 244 244 244 243 243 243 245 245 245 246 246 246 145 145 145 145 145 145 171 171 171 245 245 245 247 247 247 248 248 248 249 249 249 249 249 249 250 250 250 247 247 247 250 250 250 179 179 179 251 251 251 251 251 251 247 247 247 250 250 250 252 252 252 249 249 249 248 248 248 248 248 248 152 152 152 252 252 252 152 152 152 151 151 151 175 175 175 175 175 175 252 252 252 152 152 152 253 253 253 160 160 160 159 159 159 159 159 159 157 157 157 253 253 253 254 254 254 255 255 255 161 161 161 161 161 161 160 160 160 254 254 254 165 165 165 167 167 167 160 160 160 160 160 160 253 253 253 165 165 165 167 167 167 256 256 256 254 254 254 254 254 254 160 160 160 167 167 167 257 257 257 167 167 167 166 166 166 258 258 258 259 259 259 260 260 260 260 260 260 261 261 261 258 258 258 262 262 262 261 261 261 260 260 260 260 260 260 263 263 263 262 262 262 256 256 256 167 167 167 257 257 257 257 257 257 264 264 264 256 256 256 265 265 265 156 156 156 155 155 155 155 155 155 266 266 266 265 265 265 176 176 176 156 156 156 265 265 265 265 265 265 267 267 267 176 176 176 266 266 266 155 155 155 168 168 168 168 168 168 268 268 268 266 266 266 269 269 269 265 265 265 266 266 266 266 266 266 270 270 270 269 269 269 266 266 266 268 268 268 271 271 271 271 271 271 270 270 270 266 266 266 272 272 272 267 267 267 265 265 265 265 265 265 269 269 269 272 272 272 261 261 261 168 168 168 163 163 163 163 163 163 258 258 258 261 261 261 261 261 261 262 262 262 268 268 268 268 268 268 168 168 168 261 261 261 143 143 143 273 273 273 140 140 140 170 170 170 274 274 274 273 273 273 273 273 273 143 143 143 170 170 170 275 275 275 137 137 137 238 238 238 238 238 238 276 276 276 275 275 275 137 137 137 277 277 277 142 142 142 278 278 278 279 279 279 280 280 280 280 280 280 277 277 277 278 278 278 169 169 169 280 280 280 281 281 281 281 281 281 170 170 170 169 169 169 282 282 282 274 274 274 170 170 170 170 170 170 281 281 281 282 282 282 279 279 279 278 278 278 283 283 283 283 283 283 284 284 284 279 279 279 273 273 273 285 285 285 140 140 140 286 286 286 262 262 262 263 263 263 263 263 263 287 287 287 286 286 286 288 288 288 289 289 289 290 290 290 290 290 290 291 291 291 288 288 288 292 292 292 290 290 290 289 289 289 289 289 289 293 293 293 292 292 292 294 294 294 295 295 295 296 296 296 296 296 296 297 297 297 294 294 294 288 288 288 285 285 285 273 273 273 273 273 273 289 289 289 288 288 288 298 298 298 299 299 299 297 297 297 297 297 297 300 300 300 298 298 298 273 273 273 274 274 274 293 293 293 293 293 293 289 289 289 273 273 273 301 301 301 293 293 293 274 274 274 274 274 274 282 282 282 301 301 301 302 302 302 292 292 292 293 293 293 293 293 293 301 301 301 302 302 302 303 303 303 304 304 304 292 292 292 292 292 292 302 302 302 303 303 303 305 305 305 306 306 306 307 307 307 307 307 307 308 308 308 305 305 305 309 309 309 310 310 310 306 306 306 306 306 306 305 305 305 309 309 309 307 307 307 311 311 311 312 312 312 312 312 312 308 308 308 307 307 307 172 172 172 174 174 174 305 305 305 305 305 305 308 308 308 172 172 172 309 309 309 305 305 305 174 174 174 308 308 308 313 313 313 314 314 314 314 314 314 172 172 172 308 308 308 312 312 312 315 315 315 313 313 313 313 313 313 308 308 308 312 312 312 316 316 316 309 309 309 174 174 174 174 174 174 173 173 173 316 316 316 317 317 317 183 183 183 316 316 316 316 316 316 173 173 173 317 317 317 318 318 318 181 181 181 183 183 183 183 183 183 317 317 317 318 318 318 297 297 297 296 296 296 315 315 315 315 315 315 312 312 312 297 297 297 300 300 300 297 297 297 312 312 312 312 312 312 311 311 311 300 300 300 252 252 252 175 175 175 177 177 177 177 177 177 319 319 319 252 252 252 319 319 319 320 320 320 249 249 249 249 249 249 252 252 252 319 319 319 178 178 178 176 176 176 267 267 267 267 267 267 321 321 321 178 178 178 267 267 267 272 272 272 322 322 322 322 322 322 321 321 321 267 267 267 323 323 323 310 310 310 309 309 309 309 309 309 324 324 324 323 323 323 320 320 320 325 325 325 250 250 250 250 250 250 249 249 249 320 320 320 179 179 179 250 250 250 325 325 325 325 325 325 180 180 180 179 179 179 183 183 183 182 182 182 326 326 326 326 326 326 316 316 316 183 183 183 326 326 326 324 324 324 309 309 309 309 309 309 316 316 316 326 326 326 319 319 319 327 327 327 320 320 320 177 177 177 328 328 328 327 327 327 327 327 327 319 319 319 177 177 177 329 329 329 330 330 330 331 331 331 331 331 331 332 332 332 329 329 329 333 333 333 334 334 334 331 331 331 331 331 331 330 330 330 333 333 333 178 178 178 328 328 328 177 177 177 335 335 335 328 328 328 178 178 178 178 178 178 321 321 321 335 335 335 336 336 336 337 337 337 334 334 334 334 334 334 333 333 333 336 336 336 322 322 322 338 338 338 335 335 335 335 335 335 321 321 321 322 322 322 337 337 337 336 336 336 339 339 339 339 339 339 340 340 340 337 337 337 341 341 341 323 323 323 324 324 324 324 324 324 342 342 342 341 341 341 343 343 343 344 344 344 345 345 345 343 343 343 346 346 346 344 344 344 326 326 326 347 347 347 342 342 342 342 342 342 324 324 324 326 326 326 346 346 346 343 343 343 348 348 348 348 348 348 349 349 349 346 346 346 347 347 347 326 326 326 182 182 182 182 182 182 184 184 184 347 347 347 348 348 348 188 188 188 187 187 187 187 187 187 349 349 349 348 348 348 185 185 185 180 180 180 325 325 325 325 325 325 350 350 350 185 185 185 332 332 332 186 186 186 329 329 329 351 351 351 279 279 279 284 284 284 284 284 284 352 352 352 351 351 351 353 353 353 280 280 280 279 279 279 279 279 279 351 351 351 353 353 353 353 353 353 354 354 354 281 281 281 281 281 281 280 280 280 353 353 353 281 281 281 354 354 354 355 355 355 355 355 355 282 282 282 281 281 281 356 356 356 303 303 303 302 302 302 302 302 302 357 357 357 356 356 356 357 357 357 302 302 302 301 301 301 301 301 301 358 358 358 357 357 357 358 358 358 301 301 301 282 282 282 282 282 282 355 355 355 358 358 358 352 352 352 359 359 359 360 360 360 360 360 360 351 351 351 352 352 352 361 361 361 362 362 362 363 363 363 363 363 363 364 364 364 361 361 361 365 365 365 361 361 361 364 364 364 364 364 364 366 366 366 365 365 365 353 353 353 351 351 351 360 360 360 360 360 360 367 367 367 353 353 353 368 368 368 362 362 362 361 361 361 361 361 361 369 369 369 368 368 368 370 370 370 369 369 369 361 361 361 361 361 361 365 365 365 370 370 370 371 371 371 372 372 372 373 373 373 373 373 373 374 374 374 371 371 371 353 353 353 367 367 367 375 375 375 375 375 375 354 354 354 353 353 353 376 376 376 377 377 377 368 368 368 368 368 368 369 369 369 376 376 376 378 378 378 376 376 376 369 369 369 369 369 369 370 370 370 378 378 378 379 379 379 380 380 380 374 374 374 374 374 374 373 373 373 379 379 379 381 381 381 355 355 355 354 354 354 354 354 354 375 375 375 381 381 381 382 382 382 383 383 383 377 377 377 377 377 377 376 376 376 382 382 382 376 376 376 378 378 378 384 384 384 384 384 384 382 382 382 376 376 376 380 380 380 379 379 379 385 385 385 385 385 385 386 386 386 380 380 380 387 387 387 358 358 358 355 355 355 355 355 355 381 381 381 387 387 387 382 382 382 388 388 388 389 389 389 389 389 389 383 383 383 382 382 382 388 388 388 382 382 382 384 384 384 384 384 384 390 390 390 388 388 388 391 391 391 386 386 386 385 385 385 385 385 385 392 392 392 391 391 391 393 393 393 357 357 357 358 358 358 358 358 358 387 387 387 393 393 393 357 357 357 393 393 393 394 394 394 394 394 394 356 356 356 357 357 357 388 388 388 395 395 395 396 396 396 396 396 396 389 389 389 388 388 388 396 396 396 395 395 395 397 397 397 397 397 397 398 398 398 396 396 396 399 399 399 395 395 395 388 388 388 388 388 388 390 390 390 399 399 399 392 392 392 400 400 400 401 401 401 401 401 401 391 391 391 392 392 392 395 395 395 399 399 399 402 402 402 402 402 402 397 397 397 395 395 395 401 401 401 400 400 400 403 403 403 403 403 403 404 404 404 401 401 401 232 232 232 231 231 231 405 405 405 405 405 405 406 406 406 232 232 232 150 150 150 158 158 158 148 148 148 151 151 151 156 156 156 176 176 176 176 176 176 175 175 175 151 151 151 318 318 318 251 251 251 179 179 179 179 179 179 181 181 181 318 318 318 262 262 262 286 286 286 271 271 271 271 271 271 268 268 268 262 262 262 407 407 407 408 408 408 409 409 409 410 410 410 409 409 409 408 408 408 411 411 411 412 412 412 413 413 413 414 414 414 415 415 415 411 411 411 412 412 412 411 411 411 415 415 415 413 413 413 416 416 416 417 417 417 416 416 416 413 413 413 412 412 412 418 418 418 417 417 417 416 416 416 419 419 419 420 420 420 421 421 421 420 420 420 422 422 422 421 421 421 423 423 423 419 419 419 424 424 424 421 421 421 424 424 424 419 419 419 423 423 423 425 425 425 426 426 426 425 425 425 423 423 423 427 427 427 424 424 424 427 427 427 423 423 423 428 428 428 426 426 426 425 425 425 412 412 412 429 429 429 416 416 416 415 415 415 430 430 430 412 412 412 431 431 431 412 412 412 430 430 430 429 429 429 412 412 412 431 431 431 432 432 432 433 433 433 434 434 434 435 435 435 434 434 434 433 433 433 434 434 434 435 435 435 436 436 436 427 427 427 424 424 424 432 432 432 433 433 433 432 432 432 437 437 437 438 438 438 437 437 437 432 432 432 432 432 432 424 424 424 438 438 438 429 429 429 431 431 431 439 439 439 440 440 440 416 416 416 429 429 429 441 441 441 440 440 440 429 429 429 440 440 440 442 442 442 443 443 443 444 444 444 421 421 421 422 422 422 421 421 421 444 444 444 424 424 424 444 444 444 445 445 445 438 438 438 437 437 437 438 438 438 445 445 445 433 433 433 437 437 437 446 446 446 447 447 447 448 448 448 449 449 449 448 448 448 447 447 447 450 450 450 451 451 451 452 452 452 453 453 453 454 454 454 455 455 455 456 456 456 457 457 457 458 458 458 459 459 459 460 460 460 461 461 461 462 462 462 463 463 463 331 331 331 334 334 334 334 334 334 464 464 464 463 463 463 463 463 463 465 465 465 332 332 332 332 332 332 331 331 331 463 463 463 465 465 465 466 466 466 187 187 187 187 187 187 332 332 332 465 465 465 187 187 187 466 466 466 467 467 467 467 467 467 349 349 349 187 187 187 468 468 468 346 346 346 349 349 349 349 349 349 467 467 467 468 468 468 469 469 469 344 344 344 346 346 346 346 346 346 468 468 468 469 469 469 340 340 340 470 470 470 471 471 471 471 471 471 337 337 337 340 340 340 337 337 337 471 471 471 464 464 464 464 464 464 334 334 334 337 337 337 472 472 472 473 473 473 474 474 474 474 474 474 475 475 475 472 472 472 476 476 476 477 477 477 474 474 474 474 474 474 473 473 473 476 476 476 478 478 478 479 479 479 477 477 477 477 477 477 476 476 476 478 478 478 480 480 480 481 481 481 479 479 479 479 479 479 478 478 478 480 480 480 482 482 482 483 483 483 481 481 481 481 481 481 480 480 480 482 482 482 484 484 484 485 485 485 483 483 483 483 483 483 482 482 482 484 484 484 486 486 486 487 487 487 488 488 488 488 488 488 489 489 489 486 486 486 464 464 464 471 471 471 486 486 486 486 486 486 475 475 475 464 464 464 490 490 490 491 491 491 476 476 476 476 476 476 473 473 473 490 490 490 409 409 409 490 490 490 473 473 473 473 473 473 472 472 472 409 409 409 476 476 476 491 491 491 492 492 492 492 492 492 478 478 478 476 476 476 491 491 491 490 490 490 493 493 493 493 493 493 494 494 494 491 491 491 490 490 490 409 409 409 410 410 410 410 410 410 493 493 493 490 490 490 413 413 413 495 495 495 496 496 496 496 496 496 411 411 411 413 413 413 411 411 411 496 496 496 497 497 497 497 497 497 414 414 414 411 411 411 492 492 492 491 491 491 494 494 494 494 494 494 498 498 498 492 492 492 417 417 417 499 499 499 495 495 495 495 495 495 413 413 413 417 417 417 472 472 472 489 489 489 407 407 407 407 407 407 409 409 409 472 472 472 500 500 500 407 407 407 489 489 489 489 489 489 488 488 488 500 500 500 478 478 478 492 492 492 501 501 501 501 501 501 480 480 480 478 478 478 480 480 480 501 501 501 502 502 502 502 502 502 482 482 482 480 480 480 482 482 482 502 502 502 503 503 503 503 503 503 484 484 484 482 482 482 501 501 501 492 492 492 498 498 498 498 498 498 504 504 504 501 501 501 505 505 505 502 502 502 501 501 501 501 501 501 504 504 504 505 505 505 503 503 503 502 502 502 505 505 505 505 505 505 506 506 506 503 503 503 507 507 507 408 408 408 407 407 407 407 407 407 500 500 500 507 507 507 499 499 499 417 417 417 508 508 508 508 508 508 509 509 509 499 499 499 509 509 509 508 508 508 510 510 510 510 510 510 511 511 511 509 509 509 512 512 512 513 513 513 420 420 420 420 420 420 419 419 419 512 512 512 514 514 514 512 512 512 419 419 419 419 419 419 423 423 423 514 514 514 508 508 508 417 417 417 418 418 418 418 418 418 515 515 515 508 508 508 516 516 516 510 510 510 508 508 508 508 508 508 515 515 515 516 516 516 517 517 517 518 518 518 428 428 428 428 428 428 425 425 425 517 517 517 427 427 427 519 519 519 517 517 517 517 517 517 425 425 425 427 427 427 520 520 520 521 521 521 518 518 518 518 518 518 517 517 517 520 520 520 519 519 519 522 522 522 520 520 520 520 520 520 517 517 517 519 519 519 432 432 432 434 434 434 519 519 519 519 519 519 427 427 427 432 432 432 434 434 434 436 436 436 522 522 522 522 522 522 519 519 519 434 434 434 523 523 523 524 524 524 431 431 431 431 431 431 430 430 430 523 523 523 524 524 524 525 525 525 439 439 439 439 439 439 431 431 431 524 524 524 443 443 443 418 418 418 416 416 416 416 416 416 440 440 440 443 443 443 440 440 440 526 526 526 442 442 442 429 429 429 439 439 439 527 527 527 527 527 527 441 441 441 429 429 429 528 528 528 515 515 515 418 418 418 418 418 418 443 443 443 528 528 528 442 442 442 529 529 529 528 528 528 528 528 528 443 443 443 442 442 442 530 530 530 516 516 516 515 515 515 515 515 515 528 528 528 530 530 530 530 530 530 528 528 528 529 529 529 529 529 529 531 531 531 530 530 530 532 532 532 445 445 445 444 444 444 444 444 444 422 422 422 532 532 532 445 445 445 532 532 532 533 533 533 533 533 533 534 534 534 445 445 445 437 437 437 445 445 445 534 534 534 448 448 448 535 535 535 536 536 536 536 536 536 449 449 449 448 448 448 537 537 537 442 442 442 526 526 526 526 526 526 538 538 538 537 537 537 535 535 535 448 448 448 451 451 451 451 451 451 453 453 453 535 535 535 454 454 454 529 529 529 442 442 442 442 442 442 537 537 537 454 454 454 454 454 454 456 456 456 531 531 531 531 531 531 529 529 529 454 454 454 450 450 450 539 539 539 451 451 451 451 451 451 448 448 448 450 450 450 534 534 534 533 533 533 540 540 540 540 540 540 541 541 541 534 534 534 539 539 539 542 542 542 452 452 452 452 452 452 451 451 451 539 539 539 453 453 453 452 452 452 543 543 543 543 543 543 544 544 544 453 453 453 537 537 537 545 545 545 455 455 455 455 455 455 454 454 454 537 537 537 546 546 546 547 547 547 541 541 541 541 541 541 540 540 540 546 546 546 548 548 548 549 549 549 550 550 550 550 550 550 551 551 551 548 548 548 552 552 552 462 462 462 551 551 551 551 551 551 550 550 550 552 552 552 549 549 549 548 548 548 457 457 457 457 457 457 553 553 553 549 549 549 551 551 551 554 554 554 555 555 555 555 555 555 548 548 548 551 551 551 548 548 548 555 555 555 458 458 458 458 458 458 457 457 457 548 548 548 556 556 556 554 554 554 551 551 551 551 551 551 462 462 462 556 556 556 458 458 458 555 555 555 554 554 554 554 554 554 556 556 556 458 458 458 460 460 460 557 557 557 558 558 558 558 558 558 461 461 461 460 460 460 457 457 457 459 459 459 559 559 559 559 559 559 553 553 553 457 457 457 557 557 557 460 460 460 560 560 560 560 560 560 561 561 561 557 557 557 438 438 438 424 424 424 444 444 444 423 423 423 426 426 426 562 562 562 562 562 562 514 514 514 423 423 423 462 462 462 552 552 552 560 560 560 560 560 560 460 460 460 462 462 462 544 544 544 563 563 563 535 535 535 535 535 535 453 453 453 544 544 544 564 564 564 565 565 565 534 534 534 534 534 534 541 541 541 564 564 564 566 566 566 564 564 564 541 541 541 541 541 541 547 547 547 566 566 566 538 538 538 567 567 567 545 545 545 545 545 545 537 537 537 538 538 538 437 437 437 534 534 534 565 565 565 563 563 563 568 568 568 536 536 536 536 536 536 535 535 535 563 563 563 569 569 569 563 563 563 544 544 544 544 544 544 570 570 570 569 569 569 571 571 571 568 568 568 563 563 563 563 563 563 569 569 569 571 571 571 572 572 572 437 437 437 565 565 565 565 565 565 573 573 573 572 572 572 574 574 574 573 573 573 565 565 565 565 565 565 564 564 564 574 574 574 575 575 575 569 569 569 570 570 570 570 570 570 576 576 576 575 575 575 571 571 571 569 569 569 575 575 575 575 575 575 577 577 577 571 571 571 440 440 440 578 578 578 579 579 579 579 579 579 526 526 526 440 440 440 579 579 579 580 580 580 538 538 538 538 538 538 526 526 526 579 579 579 570 570 570 544 544 544 543 543 543 543 543 543 576 576 576 570 570 570 566 566 566 574 574 574 564 564 564 567 567 567 538 538 538 580 580 580 327 327 327 350 350 350 320 320 320 350 350 350 325 325 325 320 320 320 332 332 332 187 187 187 186 186 186 581 581 581 582 582 582 258 258 258 258 258 258 163 163 163 581 581 581 162 162 162 583 583 583 581 581 581 581 581 581 163 163 163 162 162 162 259 259 259 258 258 258 582 582 582 582 582 582 584 584 584 259 259 259 47 47 47 585 585 585 40 40 40 121 121 121 586 586 586 587 587 587 587 587 587 123 123 123 121 121 121 299 299 299 294 294 294 297 297 297 131 131 131 191 191 191 130 130 130 131 131 131 189 189 189 191 191 191 588 588 588 589 589 589 590 590 590 589 589 589 588 588 588 591 591 591 592 592 592 593 593 593 588 588 588 591 591 591 588 588 588 593 593 593 594 594 594 595 595 595 596 596 596 597 597 597 598 598 598 599 599 599 599 599 599 594 594 594 597 597 597 600 600 600 601 601 601 602 602 602 603 603 603 604 604 604 605 605 605 606 606 606 591 591 591 607 607 607 608 608 608 609 609 609 610 610 610 610 610 610 611 611 611 608 608 608 608 608 608 611 611 611 612 612 612 612 612 612 595 595 595 608 608 608 612 612 612 611 611 611 613 613 613 614 614 614 615 615 615 611 611 611 611 611 611 610 610 610 614 614 614 616 616 616 617 617 617 618 618 618 618 618 618 619 619 619 620 620 620 620 620 620 621 621 621 618 618 618 619 619 619 622 622 622 620 620 620 623 623 623 624 624 624 612 612 612 612 612 612 613 613 613 623 623 623 625 625 625 603 603 603 592 592 592 590 590 590 589 589 589 626 626 626 626 626 626 627 627 627 590 590 590 624 624 624 595 595 595 612 612 612 608 608 608 595 595 595 601 601 601 601 601 601 600 600 600 608 608 608 608 608 608 600 600 600 628 628 628 628 628 628 609 609 609 608 608 608 598 598 598 629 629 629 621 621 621 621 621 621 620 620 620 598 598 598 598 598 598 597 597 597 630 630 630 597 597 597 594 594 594 596 596 596 620 620 620 622 622 622 599 599 599 599 599 599 598 598 598 620 620 620 619 619 619 631 631 631 632 632 632 632 632 632 622 622 622 619 619 619 632 632 632 633 633 633 622 622 622 633 633 633 634 634 634 599 599 599 599 599 599 622 622 622 633 633 633 635 635 635 594 594 594 634 634 634 594 594 594 635 635 635 601 601 601 601 601 601 595 595 595 594 594 594 636 636 636 628 628 628 600 600 600 600 600 600 602 602 602 636 636 636 637 637 637 638 638 638 626 626 626 626 626 626 589 589 589 637 637 637 592 592 592 603 603 603 605 605 605 630 630 630 596 596 596 624 624 624 624 624 624 623 623 623 630 630 630 605 605 605 639 639 639 593 593 593 593 593 593 592 592 592 605 605 605 607 607 607 591 591 591 593 593 593 593 593 593 639 639 639 607 607 607 589 589 589 591 591 591 606 606 606 606 606 606 637 637 637 589 589 589 189 189 189 131 131 131 640 640 640 129 129 129 192 192 192 640 640 640 640 640 640 131 131 131 129 129 129 192 192 192 133 133 133 196 196 196 196 196 196 133 133 133 136 136 136 189 189 189 194 194 194 190 190 190 641 641 641 642 642 642 643 643 643 644 644 644 645 645 645 646 646 646 647 647 647 642 642 642 641 641 641 641 641 641 648 648 648 647 647 647 649 649 649 650 650 650 651 651 651 652 652 652 653 653 653 654 654 654 654 654 654 655 655 655 652 652 652 656 656 656 657 657 657 658 658 658 659 659 659 657 657 657 656 656 656 660 660 660 661 661 661 662 662 662 660 660 660 662 662 662 663 663 663 664 664 664 665 665 665 661 661 661 666 666 666 661 661 661 660 660 660 661 661 661 666 666 666 664 664 664 665 665 665 667 667 667 668 668 668 664 664 664 666 666 666 669 669 669 669 669 669 666 666 666 670 670 670 670 670 670 671 671 671 672 672 672 673 673 673 674 674 674 675 675 675 676 676 676 673 673 673 677 677 677 678 678 678 674 674 674 676 676 676 679 679 679 680 680 680 681 681 681 682 682 682 650 650 650 683 683 683 683 683 683 684 684 684 682 682 682 682 682 682 684 684 684 685 685 685 684 684 684 683 683 683 686 686 686 685 685 685 684 684 684 687 687 687 688 688 688 685 685 685 687 687 687 686 686 686 689 689 689 684 684 684 687 687 687 684 684 684 689 689 689 690 690 690 691 691 691 686 686 686 689 689 689 686 686 686 691 691 691 691 691 691 690 690 690 692 692 692 657 657 657 693 693 693 694 694 694 657 657 657 695 695 695 693 693 693 696 696 696 695 695 695 659 659 659 696 696 696 697 697 697 695 695 695 697 697 697 698 698 698 695 695 695 693 693 693 695 695 695 699 699 699 699 699 699 695 695 695 698 698 698 700 700 700 693 693 693 699 699 699 701 701 701 702 702 702 703 703 703 704 704 704 693 693 693 700 700 700 693 693 693 704 704 704 694 694 694 699 699 699 705 705 705 700 700 700 701 701 701 706 706 706 702 702 702 694 694 694 704 704 704 707 707 707 708 708 708 704 704 704 700 700 700 709 709 709 710 710 710 711 711 711 710 710 710 709 709 709 712 712 712 692 692 692 713 713 713 691 691 691 689 689 689 714 714 714 687 687 687 715 715 715 716 716 716 717 717 717 718 718 718 719 719 719 720 720 720 721 721 721 722 722 722 723 723 723 721 721 721 713 713 713 718 718 718 719 719 719 718 718 718 713 713 713 724 724 724 706 706 706 725 725 725 726 726 726 727 727 727 728 728 728 729 729 729 730 730 730 731 731 731 730 730 730 729 729 729 732 732 732 733 733 733 732 732 732 729 729 729 734 734 734 735 735 735 736 736 736 736 736 736 735 735 735 737 737 737 737 737 737 735 735 735 738 738 738 738 738 738 735 735 735 739 739 739 740 740 740 741 741 741 742 742 742 743 743 743 741 741 741 740 740 740 744 744 744 745 745 745 726 726 726 727 727 727 726 726 726 745 745 745 727 727 727 745 745 745 746 746 746 705 705 705 747 747 747 700 700 700 708 708 708 700 700 700 747 747 747 748 748 748 749 749 749 750 750 750 751 751 751 750 750 750 752 752 752 750 750 750 751 751 751 748 748 748 753 753 753 754 754 754 752 752 752 751 751 751 752 752 752 755 755 755 755 755 755 752 752 752 754 754 754 747 747 747 756 756 756 708 708 708 747 747 747 757 757 757 756 756 756 749 749 749 758 758 758 759 759 759 758 758 758 749 749 749 748 748 748 755 755 755 760 760 760 751 751 751 758 758 758 761 761 761 762 762 762 763 763 763 762 762 762 761 761 761 748 748 748 761 761 761 758 758 758 751 751 751 764 764 764 748 748 748 761 761 761 748 748 748 764 764 764 764 764 764 751 751 751 765 765 765 760 760 760 765 765 765 751 751 751 760 760 760 755 755 755 766 766 766 754 754 754 766 766 766 755 755 755 767 767 767 768 768 768 769 769 769 768 768 768 767 767 767 770 770 770 771 771 771 770 770 770 767 767 767 772 772 772 773 773 773 774 774 774 775 775 775 776 776 776 772 772 772 777 777 777 778 778 778 772 772 772 775 775 775 772 772 772 778 778 778 778 778 778 777 777 777 779 779 779 780 780 780 781 781 781 782 782 782 782 782 782 783 783 783 780 780 780 782 782 782 781 781 781 784 784 784 784 784 784 785 785 785 782 782 782 786 786 786 787 787 787 788 788 788 788 788 788 789 789 789 786 786 786 789 789 789 788 788 788 790 790 790 790 790 790 643 643 643 789 789 789 791 791 791 780 780 780 792 792 792 785 785 785 784 784 784 793 793 793 793 793 793 794 794 794 785 785 785 790 790 790 795 795 795 796 796 796 796 796 796 643 643 643 790 790 790 793 793 793 797 797 797 798 798 798 798 798 798 794 794 794 793 793 793 795 795 795 799 799 799 800 800 800 800 800 800 796 796 796 795 795 795 797 797 797 801 801 801 802 802 802 802 802 802 798 798 798 797 797 797 799 799 799 803 803 803 804 804 804 804 804 804 800 800 800 799 799 799 802 802 802 801 801 801 805 805 805 805 805 805 806 806 806 802 802 802 804 804 804 803 803 803 807 807 807 807 807 807 808 808 808 804 804 804 809 809 809 807 807 807 806 806 806 806 806 806 810 810 810 809 809 809 809 809 809 808 808 808 807 807 807 810 810 810 811 811 811 812 812 812 812 812 812 809 809 809 810 810 810 809 809 809 812 812 812 813 813 813 813 813 813 808 808 808 809 809 809 811 811 811 814 814 814 815 815 815 815 815 815 812 812 812 811 811 811 812 812 812 815 815 815 816 816 816 816 816 816 813 813 813 812 812 812 817 817 817 818 818 818 792 792 792 792 792 792 787 787 787 817 817 817 786 786 786 665 665 665 817 817 817 817 817 817 787 787 787 786 786 786 819 819 819 818 818 818 817 817 817 817 817 817 820 820 820 819 819 819 820 820 820 817 817 817 665 665 665 665 665 665 668 668 668 820 820 820 821 821 821 819 819 819 820 820 820 820 820 820 822 822 822 821 821 821 822 822 822 820 820 820 668 668 668 668 668 668 823 823 823 822 822 822 822 822 822 815 815 815 814 814 814 814 814 814 821 821 821 822 822 822 815 815 815 822 822 822 823 823 823 823 823 823 816 816 816 815 815 815 824 824 824 825 825 825 786 786 786 786 786 786 789 789 789 824 824 824 642 642 642 824 824 824 789 789 789 789 789 789 643 643 643 642 642 642 825 825 825 661 661 661 665 665 665 665 665 665 786 786 786 825 825 825 826 826 826 827 827 827 825 825 825 825 825 825 824 824 824 826 826 826 661 661 661 825 825 825 827 827 827 827 827 827 828 828 828 661 661 661 829 829 829 826 826 826 824 824 824 824 824 824 642 642 642 829 829 829 641 641 641 643 643 643 796 796 796 796 796 796 830 830 830 641 641 641 800 800 800 644 644 644 830 830 830 830 830 830 796 796 796 800 800 800 800 800 800 804 804 804 645 645 645 645 645 645 644 644 644 800 800 800 804 804 804 808 808 808 831 831 831 831 831 831 645 645 645 804 804 804 832 832 832 829 829 829 642 642 642 642 642 642 647 647 647 832 832 832 830 830 830 833 833 833 648 648 648 648 648 648 641 641 641 830 830 830 644 644 644 646 646 646 833 833 833 833 833 833 830 830 830 644 644 644 828 828 828 662 662 662 661 661 661 832 832 832 647 647 647 834 834 834 834 834 834 835 835 835 832 832 832 647 647 647 648 648 648 836 836 836 836 836 836 834 834 834 647 647 647 648 648 648 833 833 833 837 837 837 837 837 837 836 836 836 648 648 648 833 833 833 646 646 646 838 838 838 838 838 838 837 837 837 833 833 833 652 652 652 838 838 838 646 646 646 646 646 646 645 645 645 652 652 652 645 645 645 831 831 831 653 653 653 653 653 653 652 652 652 645 645 645 835 835 835 834 834 834 839 839 839 839 839 839 840 840 840 835 835 835 834 834 834 836 836 836 839 839 839 836 836 836 837 837 837 841 841 841 841 841 841 839 839 839 836 836 836 842 842 842 843 843 843 844 844 844 844 844 844 845 845 845 842 842 842 843 843 843 842 842 842 650 650 650 650 650 650 649 649 649 843 843 843 837 837 837 838 838 838 846 846 846 846 846 846 841 841 841 837 837 837 847 847 847 658 658 658 845 845 845 845 845 845 844 844 844 847 847 847 846 846 846 838 838 838 652 652 652 652 652 652 655 655 655 846 846 846 847 847 847 656 656 656 658 658 658 665 665 665 664 664 664 848 848 848 848 848 848 667 667 667 665 665 665 823 823 823 668 668 668 667 667 667 667 667 667 849 849 849 823 823 823 850 850 850 816 816 816 823 823 823 823 823 823 849 849 849 850 850 850 851 851 851 813 813 813 816 816 816 816 816 816 850 850 850 851 851 851 813 813 813 851 851 851 831 831 831 831 831 831 808 808 808 813 813 813 852 852 852 653 653 653 831 831 831 831 831 831 853 853 853 852 852 852 851 851 851 854 854 854 853 853 853 853 853 853 831 831 831 851 851 851 855 855 855 654 654 654 653 653 653 653 653 653 852 852 852 855 855 855 663 663 663 856 856 856 671 671 671 671 671 671 660 660 660 663 663 663 848 848 848 664 664 664 669 669 669 669 669 669 857 857 857 848 848 848 667 667 667 848 848 848 857 857 857 857 857 857 858 858 858 667 667 667 667 667 667 858 858 858 859 859 859 859 859 859 849 849 849 667 667 667 860 860 860 857 857 857 669 669 669 669 669 669 670 670 670 860 860 860 857 857 857 860 860 860 861 861 861 861 861 861 858 858 858 857 857 857 671 671 671 856 856 856 862 862 862 862 862 862 672 672 672 671 671 671 672 672 672 863 863 863 860 860 860 860 860 860 670 670 670 672 672 672 860 860 860 863 863 863 864 864 864 864 864 864 861 861 861 860 860 860 865 865 865 863 863 863 672 672 672 672 672 672 862 862 862 865 865 865 865 865 865 866 866 866 864 864 864 864 864 864 863 863 863 865 865 865 867 867 867 864 864 864 866 866 866 866 866 866 868 868 868 867 867 867 861 861 861 864 864 864 867 867 867 867 867 867 869 869 869 861 861 861 868 868 868 870 870 870 871 871 871 871 871 871 867 867 867 868 868 868 871 871 871 872 872 872 869 869 869 869 869 869 867 867 867 871 871 871 861 861 861 869 869 869 873 873 873 873 873 873 858 858 858 861 861 861 858 858 858 873 873 873 874 874 874 874 874 874 859 859 859 858 858 858 872 872 872 875 875 875 873 873 873 873 873 873 869 869 869 872 872 872 873 873 873 875 875 875 874 874 874 859 859 859 874 874 874 876 876 876 876 876 876 877 877 877 859 859 859 874 874 874 878 878 878 876 876 876 859 859 859 877 877 877 879 879 879 879 879 879 849 849 849 859 859 859 870 870 870 880 880 880 881 881 881 881 881 881 871 871 871 870 870 870 882 882 882 872 872 872 871 871 871 871 871 871 881 881 881 882 882 882 882 882 882 883 883 883 875 875 875 875 875 875 872 872 872 882 882 882 883 883 883 878 878 878 875 875 875 884 884 884 885 885 885 886 886 886 886 886 886 887 887 887 884 884 884 888 888 888 889 889 889 886 886 886 886 886 886 885 885 885 888 888 888 890 890 890 891 891 891 889 889 889 889 889 889 888 888 888 890 890 890 892 892 892 878 878 878 890 890 890 878 878 878 892 892 892 876 876 876 876 876 876 892 892 892 893 893 893 893 893 893 877 877 877 876 876 876 877 877 877 893 893 893 894 894 894 894 894 894 879 879 879 877 877 877 885 885 885 884 884 884 895 895 895 895 895 895 896 896 896 885 885 885 888 888 888 885 885 885 896 896 896 888 888 888 896 896 896 897 897 897 897 897 897 890 890 890 888 888 888 892 892 892 897 897 897 898 898 898 898 898 898 893 893 893 892 892 892 893 893 893 898 898 898 899 899 899 899 899 899 894 894 894 893 893 893 896 896 896 895 895 895 900 900 900 900 900 900 901 901 901 896 896 896 897 897 897 896 896 896 901 901 901 901 901 901 898 898 898 897 897 897 901 901 901 900 900 900 902 902 902 902 902 902 903 903 903 901 901 901 849 849 849 879 879 879 904 904 904 904 904 904 850 850 850 849 849 849 879 879 879 894 894 894 905 905 905 905 905 905 904 904 904 879 879 879 854 854 854 851 851 851 850 850 850 850 850 850 904 904 904 854 854 854 906 906 906 854 854 854 904 904 904 904 904 904 905 905 905 906 906 906 903 903 903 902 902 902 907 907 907 907 907 907 908 908 908 903 903 903 901 901 901 903 903 903 899 899 899 899 899 899 898 898 898 901 901 901 899 899 899 903 903 903 908 908 908 908 908 908 909 909 909 899 899 899 894 894 894 899 899 899 909 909 909 909 909 909 905 905 905 894 894 894 910 910 910 911 911 911 905 905 905 905 905 905 909 909 909 910 910 910 905 905 905 911 911 911 912 912 912 912 912 912 906 906 906 905 905 905 908 908 908 913 913 913 910 910 910 910 910 910 914 914 914 915 915 915 915 915 915 911 911 911 910 910 910 915 915 915 916 916 916 912 912 912 912 912 912 911 911 911 915 915 915 852 852 852 675 675 675 674 674 674 674 674 674 855 855 855 852 852 852 852 852 852 853 853 853 917 917 917 917 917 917 675 675 675 852 852 852 917 917 917 853 853 853 854 854 854 854 854 854 906 906 906 917 917 917 906 906 906 912 912 912 918 918 918 918 918 918 917 917 917 906 906 906 918 918 918 912 912 912 916 916 916 916 916 916 919 919 919 918 918 918 920 920 920 675 675 675 917 917 917 917 917 917 918 918 918 920 920 920 921 921 921 920 920 920 918 918 918 921 921 921 918 918 918 919 919 919 921 921 921 919 919 919 922 922 922 675 675 675 920 920 920 673 673 673 920 920 920 921 921 921 673 673 673 676 676 676 674 674 674 673 673 673 677 677 677 673 673 673 921 921 921 914 914 914 923 923 923 924 924 924 924 924 924 925 925 925 914 914 914 914 914 914 925 925 925 926 926 926 926 926 926 915 915 915 914 914 914 916 916 916 915 915 915 926 926 926 926 926 926 927 927 927 916 916 916 916 916 916 927 927 927 928 928 928 928 928 928 919 919 919 916 916 916 919 919 919 928 928 928 929 929 929 929 929 929 922 922 922 919 919 919 921 921 921 922 922 922 930 930 930 677 677 677 921 921 921 930 930 930 930 930 930 931 931 931 677 677 677 709 709 709 681 681 681 932 932 932 932 932 932 681 681 681 933 933 933 933 933 933 934 934 934 932 932 932 650 650 650 682 682 682 651 651 651 935 935 935 683 683 683 650 650 650 650 650 650 842 842 842 935 935 935 842 842 842 845 845 845 936 936 936 936 936 936 935 935 935 842 842 842 845 845 845 658 658 658 937 937 937 937 937 937 936 936 936 845 845 845 658 658 658 657 657 657 694 694 694 694 694 694 937 937 937 658 658 658 651 651 651 682 682 682 685 685 685 685 685 685 938 938 938 651 651 651 690 690 690 686 686 686 683 683 683 683 683 683 935 935 935 690 690 690 935 935 935 936 936 936 939 939 939 939 939 939 690 690 690 935 935 935 939 939 939 936 936 936 937 937 937 937 937 937 940 940 940 939 939 939 694 694 694 707 707 707 940 940 940 940 940 940 937 937 937 694 694 694 688 688 688 938 938 938 685 685 685 690 690 690 939 939 939 692 692 692 939 939 939 940 940 940 719 719 719 719 719 719 692 692 692 939 939 939 941 941 941 942 942 942 698 698 698 698 698 698 697 697 697 941 941 941 720 720 720 707 707 707 704 704 704 704 704 704 708 708 708 943 943 943 943 943 943 720 720 720 704 704 704 944 944 944 945 945 945 703 703 703 944 944 944 711 711 711 945 945 945 710 710 710 946 946 946 945 945 945 945 945 945 711 711 711 710 710 710 934 934 934 712 712 712 709 709 709 709 709 709 932 932 932 934 934 934 947 947 947 948 948 948 949 949 949 949 949 949 950 950 950 947 947 947 710 710 710 729 729 729 731 731 731 731 731 731 946 946 946 710 710 710 710 710 710 712 712 712 733 733 733 733 733 733 729 729 729 710 710 710 946 946 946 731 731 731 951 951 951 951 951 951 726 726 726 946 946 946 728 728 728 945 945 945 946 946 946 946 946 946 726 726 726 728 728 728 725 725 725 701 701 701 945 945 945 945 945 945 728 728 728 725 725 725 719 719 719 713 713 713 692 692 692 691 691 691 713 713 713 714 714 714 714 714 714 689 689 689 691 691 691 714 714 714 715 715 715 688 688 688 688 688 688 687 687 687 714 714 714 952 952 952 718 718 718 720 720 720 720 720 720 943 943 943 952 952 952 953 953 953 722 722 722 954 954 954 954 954 954 955 955 955 953 953 953 723 723 723 715 715 715 714 714 714 714 714 714 721 721 721 723 723 723 722 722 722 721 721 721 718 718 718 718 718 718 952 952 952 722 722 722 724 724 724 725 725 725 728 728 728 728 728 728 727 727 727 724 724 724 956 956 956 951 951 951 731 731 731 731 731 731 730 730 730 956 956 956 957 957 957 956 956 956 730 730 730 958 958 958 959 959 959 956 956 956 959 959 959 951 951 951 956 956 956 738 738 738 957 957 957 730 730 730 738 738 738 730 730 730 732 732 732 732 732 732 737 737 737 738 738 738 949 949 949 733 733 733 712 712 712 712 712 712 934 934 934 949 949 949 733 733 733 949 949 949 948 948 948 948 948 948 732 732 732 733 733 733 736 736 736 737 737 737 732 732 732 732 732 732 948 948 948 736 736 736 948 948 948 947 947 947 960 960 960 736 736 736 948 948 948 960 960 960 960 960 960 734 734 734 736 736 736 951 951 951 742 742 742 741 741 741 741 741 741 726 726 726 951 951 951 744 744 744 726 726 726 741 741 741 961 961 961 744 744 744 741 741 741 741 741 741 743 743 743 961 961 961 744 744 744 961 961 961 962 962 962 962 962 962 745 745 745 744 744 744 746 746 746 745 745 745 962 962 962 757 757 757 747 747 747 963 963 963 963 963 963 749 749 749 759 759 759 759 759 759 757 757 757 963 963 963 722 722 722 964 964 964 965 965 965 965 965 965 954 954 954 722 722 722 952 952 952 966 966 966 964 964 964 964 964 964 722 722 722 952 952 952 943 943 943 967 967 967 966 966 966 966 966 966 952 952 952 943 943 943 708 708 708 756 756 756 967 967 967 967 967 967 943 943 943 708 708 708 966 966 966 967 967 967 968 968 968 968 968 968 964 964 964 966 966 966 968 968 968 967 967 967 756 756 756 756 756 756 969 969 969 968 968 968 969 969 969 756 756 756 757 757 757 757 757 757 970 970 970 969 969 969 968 968 968 969 969 969 971 971 971 971 971 971 972 972 972 968 968 968 969 969 969 970 970 970 973 973 973 973 973 973 971 971 971 969 969 969 964 964 964 968 968 968 972 972 972 972 972 972 965 965 965 964 964 964 974 974 974 973 973 973 970 970 970 970 970 970 975 975 975 974 974 974 757 757 757 759 759 759 975 975 975 975 975 975 970 970 970 757 757 757 762 762 762 975 975 975 759 759 759 759 759 759 758 758 758 762 762 762 976 976 976 974 974 974 975 975 975 975 975 975 762 762 762 976 976 976 976 976 976 762 762 762 763 763 763 763 763 763 977 977 977 976 976 976 977 977 977 763 763 763 769 769 769 769 769 769 978 978 978 977 977 977 761 761 761 767 767 767 769 769 769 769 769 769 763 763 763 761 761 761 767 767 767 761 761 761 764 764 764 764 764 764 771 771 771 767 767 767 765 765 765 979 979 979 771 771 771 771 771 771 764 764 764 765 765 765 980 980 980 773 773 773 979 979 979 979 979 979 765 765 765 980 980 980 760 760 760 766 766 766 980 980 980 980 980 980 765 765 765 760 760 760 981 981 981 774 774 774 773 773 773 773 773 773 980 980 980 981 981 981 766 766 766 982 982 982 981 981 981 981 981 981 980 980 980 766 766 766 983 983 983 982 982 982 766 766 766 766 766 766 754 754 754 983 983 983 774 774 774 981 981 981 984 984 984 984 984 984 985 985 985 774 774 774 984 984 984 981 981 981 982 982 982 982 982 982 986 986 986 984 984 984 983 983 983 987 987 987 986 986 986 986 986 986 982 982 982 983 983 983 988 988 988 989 989 989 978 978 978 978 978 978 769 769 769 988 988 988 769 769 769 768 768 768 988 988 988 990 990 990 991 991 991 989 989 989 989 989 989 988 988 988 990 990 990 992 992 992 990 990 990 988 988 988 988 988 988 768 768 768 992 992 992 770 770 770 993 993 993 992 992 992 992 992 992 768 768 768 770 770 770 979 979 979 993 993 993 770 770 770 770 770 770 771 771 771 979 979 979 934 934 934 933 933 933 994 994 994 994 994 994 949 949 949 934 934 934 671 671 671 670 670 670 666 666 666 666 666 666 660 660 660 671 671 671 909 909 909 908 908 908 910 910 910 931 931 931 678 678 678 676 676 676 676 676 676 677 677 677 931 931 931 719 719 719 940 940 940 707 707 707 707 707 707 720 720 720 719 719 719 679 679 679 709 709 709 711 711 711 711 711 711 944 944 944 679 679 679 701 701 701 725 725 725 706 706 706 715 715 715 717 717 717 688 688 688 713 713 713 721 721 721 714 714 714 776 776 776 979 979 979 773 773 773 773 773 773 772 772 772 776 776 776 985 985 985 777 777 777 772 772 772 772 772 772 774 774 774 985 985 985 746 746 746 724 724 724 727 727 727 995 995 995 996 996 996 997 997 997 997 997 997 998 998 998 995 995 995 995 995 995 999 999 999 1000 1000 1000 1000 1000 1000 996 996 996 995 995 995 999 999 999 1001 1001 1001 1002 1002 1002 1002 1002 1002 1000 1000 1000 999 999 999 1003 1003 1003 1002 1002 1002 1001 1001 1001 1001 1001 1001 1004 1004 1004 1003 1003 1003 1005 1005 1005 1006 1006 1006 1007 1007 1007 1007 1007 1007 1008 1008 1008 1005 1005 1005 1005 1005 1005 1008 1008 1008 1009 1009 1009 1009 1009 1009 1010 1010 1010 1005 1005 1005 1010 1010 1010 1009 1009 1009 1011 1011 1011 1011 1011 1011 1012 1012 1012 1010 1010 1010 1011 1011 1011 1003 1003 1003 1004 1004 1004 1004 1004 1004 1012 1012 1012 1011 1011 1011 878 878 878 891 891 891 890 890 890 890 890 890 897 897 897 892 892 892 875 875 875 878 878 878 874 874 874 1013 1013 1013 1014 1014 1014 1015 1015 1015 1015 1015 1015 1016 1016 1016 1013 1013 1013 1017 1017 1017 1018 1018 1018 1019 1019 1019 1019 1019 1019 1020 1020 1020 1017 1017 1017 1013 1013 1013 1017 1017 1017 1020 1020 1020 1020 1020 1020 1014 1014 1014 1013 1013 1013 1021 1021 1021 1016 1016 1016 1022 1022 1022 1016 1016 1016 1021 1021 1021 1023 1023 1023 1023 1023 1023 1013 1013 1013 1016 1016 1016 1024 1024 1024 1018 1018 1018 1017 1017 1017 1017 1017 1017 1025 1025 1025 1024 1024 1024 1025 1025 1025 1017 1017 1017 1013 1013 1013 1013 1013 1013 1023 1023 1023 1025 1025 1025 1016 1016 1016 1015 1015 1015 1022 1022 1022 1025 1025 1025 995 995 995 998 998 998 998 998 998 1024 1024 1024 1025 1025 1025 999 999 999 995 995 995 1025 1025 1025 1025 1025 1025 1023 1023 1023 999 999 999 1021 1021 1021 1001 1001 1001 999 999 999 999 999 999 1023 1023 1023 1021 1021 1021 1022 1022 1022 1004 1004 1004 1001 1001 1001 1001 1001 1001 1021 1021 1021 1022 1022 1022 1006 1006 1006 1005 1005 1005 1020 1020 1020 1020 1020 1020 1019 1019 1019 1006 1006 1006 1020 1020 1020 1005 1005 1005 1010 1010 1010 1010 1010 1010 1014 1014 1014 1020 1020 1020 1010 1010 1010 1012 1012 1012 1015 1015 1015 1015 1015 1015 1014 1014 1014 1010 1010 1010 1012 1012 1012 1004 1004 1004 1022 1022 1022 1022 1022 1022 1015 1015 1015 1012 1012 1012 1026 1026 1026 1027 1027 1027 1028 1028 1028 1029 1029 1029 1026 1026 1026 1028 1028 1028 1027 1027 1027 792 792 792 1028 1028 1028 1030 1030 1030 1029 1029 1029 1028 1028 1028 1031 1031 1031 1030 1030 1030 1028 1028 1028 1032 1032 1032 1031 1031 1031 1028 1028 1028 1033 1033 1033 1032 1032 1032 1028 1028 1028 810 810 810 1033 1033 1033 1028 1028 1028 811 811 811 810 810 810 1028 1028 1028 814 814 814 811 811 811 1028 1028 1028 792 792 792 818 818 818 1028 1028 1028 818 818 818 819 819 819 1028 1028 1028 819 819 819 821 821 821 1028 1028 1028 821 821 821 814 814 814 1028 1028 1028 956 956 956 957 957 957 958 958 958 959 959 959 742 742 742 951 951 951 1034 1034 1034 957 957 957 739 739 739 738 738 738 739 739 739 957 957 957 957 957 957 1034 1034 1034 958 958 958 953 953 953 723 723 723 722 722 722 715 715 715 723 723 723 716 716 716 617 617 617 619 619 619 618 618 618 138 138 138 143 143 143 140 140 140 595 595 595 624 624 624 596 596 596 594 594 594 599 599 599 634 634 634 1035 1035 1035 1036 1036 1036 1037 1037 1037 1036 1036 1036 1038 1038 1038 1039 1039 1039 1039 1039 1039 1037 1037 1037 1036 1036 1036 1040 1040 1040 1039 1039 1039 1038 1038 1038 1037 1037 1037 1041 1041 1041 1035 1035 1035 1041 1041 1041 1042 1042 1042 1043 1043 1043 1044 1044 1044 1045 1045 1045 1040 1040 1040 1040 1040 1040 1046 1046 1046 1044 1044 1044 1046 1046 1046 1047 1047 1047 1048 1048 1048 1048 1048 1048 1044 1044 1044 1046 1046 1046 1049 1049 1049 1050 1050 1050 1051 1051 1051 1051 1051 1051 1052 1052 1052 1049 1049 1049 1051 1051 1051 1048 1048 1048 1047 1047 1047 1047 1047 1047 1052 1052 1052 1051 1051 1051 1053 1053 1053 1045 1045 1045 1044 1044 1044 1044 1044 1044 1054 1054 1054 1053 1053 1053 1055 1055 1055 1042 1042 1042 1053 1053 1053 1055 1055 1055 1043 1043 1043 1042 1042 1042 1039 1039 1039 1045 1045 1045 1042 1042 1042 1042 1042 1042 1041 1041 1041 1037 1037 1037 1037 1037 1037 1039 1039 1039 1042 1042 1042 1054 1054 1054 1044 1044 1044 1048 1048 1048 1048 1048 1048 1056 1056 1056 1054 1054 1054 1051 1051 1051 1050 1050 1050 1056 1056 1056 1056 1056 1056 1048 1048 1048 1051 1051 1051 1043 1043 1043 1038 1038 1038 1036 1036 1036 1036 1036 1036 1041 1041 1041 1043 1043 1043 1041 1041 1041 1036 1036 1036 1035 1035 1035 1057 1057 1057 1058 1058 1058 1059 1059 1059 1038 1038 1038 1059 1059 1059 1060 1060 1060 1059 1059 1059 1061 1061 1061 1057 1057 1057 1061 1061 1061 1062 1062 1062 1063 1063 1063 1064 1064 1064 1062 1062 1062 1055 1055 1055 1064 1064 1064 1063 1063 1063 1062 1062 1062 1043 1043 1043 1062 1062 1062 1059 1059 1059 1063 1063 1063 1060 1060 1060 1058 1058 1058 1058 1058 1058 1061 1061 1061 1063 1063 1063 1061 1061 1061 1058 1058 1058 1057 1057 1057 1065 1065 1065 1066 1066 1066 1067 1067 1067 1066 1066 1066 1068 1068 1068 1060 1060 1060 1060 1060 1060 1067 1067 1067 1066 1066 1066 1067 1067 1067 1069 1069 1069 1065 1065 1065 1069 1069 1069 1070 1070 1070 1071 1071 1071 1072 1072 1072 1070 1070 1070 1064 1064 1064 1072 1072 1072 1071 1071 1071 1070 1070 1070 1070 1070 1070 1067 1067 1067 1063 1063 1063 1071 1071 1071 1068 1068 1068 1066 1066 1066 1066 1066 1066 1069 1069 1069 1071 1071 1071 1069 1069 1069 1066 1066 1066 1065 1065 1065 1060 1060 1060 1063 1063 1063 1067 1067 1067 1070 1070 1070 1063 1063 1063 1064 1064 1064 1071 1071 1071 1072 1072 1072 1073 1073 1073 1068 1068 1068 1071 1071 1071 1073 1073 1073 1070 1070 1070 1069 1069 1069 1067 1067 1067 1038 1038 1038 1043 1043 1043 1059 1059 1059 1062 1062 1062 1061 1061 1061 1059 1059 1059 1062 1062 1062 1043 1043 1043 1055 1055 1055 1042 1042 1042 1045 1045 1045 1053 1053 1053 1040 1040 1040 1045 1045 1045 1039 1039 1039 1059 1059 1059 1058 1058 1058 1060 1060 1060 1074 1074 1074 1075 1075 1075 1076 1076 1076 1074 1074 1074 1076 1076 1076 1077 1077 1077 1074 1074 1074 1077 1077 1077 1078 1078 1078 1074 1074 1074 1079 1079 1079 1080 1080 1080 1074 1074 1074 1080 1080 1080 1081 1081 1081 1074 1074 1074 1081 1081 1081 1075 1075 1075 1076 1076 1076 1075 1075 1075 1082 1082 1082 1082 1082 1082 1083 1083 1083 1076 1076 1076 1077 1077 1077 1076 1076 1076 1083 1083 1083 1083 1083 1083 1084 1084 1084 1077 1077 1077 1077 1077 1077 1084 1084 1084 1085 1085 1085 1085 1085 1085 1078 1078 1078 1077 1077 1077 1086 1086 1086 1087 1087 1087 1080 1080 1080 1080 1080 1080 1079 1079 1079 1086 1086 1086 1080 1080 1080 1087 1087 1087 1088 1088 1088 1088 1088 1088 1081 1081 1081 1080 1080 1080 1075 1075 1075 1081 1081 1081 1088 1088 1088 1088 1088 1088 1082 1082 1082 1075 1075 1075 1083 1083 1083 1082 1082 1082 1089 1089 1089 1089 1089 1089 1090 1090 1090 1083 1083 1083 1090 1090 1090 1091 1091 1091 1084 1084 1084 1084 1084 1084 1083 1083 1083 1090 1090 1090 1085 1085 1085 1084 1084 1084 1091 1091 1091 1091 1091 1091 1092 1092 1092 1085 1085 1085 1087 1087 1087 1086 1086 1086 1093 1093 1093 1093 1093 1093 1094 1094 1094 1087 1087 1087 1087 1087 1087 1094 1094 1094 1095 1095 1095 1095 1095 1095 1088 1088 1088 1087 1087 1087 1082 1082 1082 1088 1088 1088 1095 1095 1095 1095 1095 1095 1089 1089 1089 1082 1082 1082 1096 1096 1096 1097 1097 1097 1090 1090 1090 1090 1090 1090 1089 1089 1089 1096 1096 1096 1097 1097 1097 1098 1098 1098 1091 1091 1091 1091 1091 1091 1090 1090 1090 1097 1097 1097 1098 1098 1098 1099 1099 1099 1092 1092 1092 1092 1092 1092 1091 1091 1091 1098 1098 1098 1093 1093 1093 1100 1100 1100 1101 1101 1101 1101 1101 1101 1094 1094 1094 1093 1093 1093 1094 1094 1094 1101 1101 1101 1102 1102 1102 1102 1102 1102 1095 1095 1095 1094 1094 1094 1089 1089 1089 1095 1095 1095 1102 1102 1102 1102 1102 1102 1096 1096 1096 1089 1089 1089 1103 1103 1103 1104 1104 1104 1097 1097 1097 1097 1097 1097 1096 1096 1096 1103 1103 1103 1104 1104 1104 1105 1105 1105 1098 1098 1098 1098 1098 1098 1097 1097 1097 1104 1104 1104 1105 1105 1105 1106 1106 1106 1099 1099 1099 1099 1099 1099 1098 1098 1098 1105 1105 1105 1100 1100 1100 1107 1107 1107 1108 1108 1108 1108 1108 1108 1101 1101 1101 1100 1100 1100 1102 1102 1102 1101 1101 1101 1108 1108 1108 1108 1108 1108 1109 1109 1109 1102 1102 1102 1096 1096 1096 1102 1102 1102 1109 1109 1109 1109 1109 1109 1103 1103 1103 1096 1096 1096 1104 1104 1104 1103 1103 1103 1110 1110 1110 1110 1110 1110 1111 1111 1111 1104 1104 1104 1111 1111 1111 1112 1112 1112 1105 1105 1105 1105 1105 1105 1104 1104 1104 1111 1111 1111 1112 1112 1112 1113 1113 1113 1106 1106 1106 1106 1106 1106 1105 1105 1105 1112 1112 1112 1107 1107 1107 1114 1114 1114 1115 1115 1115 1115 1115 1115 1108 1108 1108 1107 1107 1107 1109 1109 1109 1108 1108 1108 1115 1115 1115 1115 1115 1115 1116 1116 1116 1109 1109 1109 1103 1103 1103 1109 1109 1109 1116 1116 1116 1116 1116 1116 1110 1110 1110 1103 1103 1103 1111 1111 1111 1110 1110 1110 1117 1117 1117 1117 1117 1117 1118 1118 1118 1111 1111 1111 1112 1112 1112 1111 1111 1111 1118 1118 1118 1118 1118 1118 1119 1119 1119 1112 1112 1112 1119 1119 1119 1120 1120 1120 1113 1113 1113 1113 1113 1113 1112 1112 1112 1119 1119 1119 1114 1114 1114 1121 1121 1121 1122 1122 1122 1122 1122 1122 1115 1115 1115 1114 1114 1114 1116 1116 1116 1115 1115 1115 1122 1122 1122 1122 1122 1122 1123 1123 1123 1116 1116 1116 1110 1110 1110 1116 1116 1116 1123 1123 1123 1123 1123 1123 1117 1117 1117 1110 1110 1110 1124 1124 1124 1118 1118 1118 1117 1117 1117 1124 1124 1124 1119 1119 1119 1118 1118 1118 1124 1124 1124 1120 1120 1120 1119 1119 1119 1124 1124 1124 1122 1122 1122 1121 1121 1121 1124 1124 1124 1123 1123 1123 1122 1122 1122 1124 1124 1124 1117 1117 1117 1123 1123 1123 994 994 994 950 950 950 949 949 949 688 688 688 717 717 717 938 938 938 630 630 630 597 597 597 596 596 596 945 945 945 701 701 701 703 703 703 1125 1125 1125 1126 1126 1126 1127 1127 1127 1128 1128 1128 1127 1127 1127 1126 1126 1126 1129 1129 1129 1130 1130 1130 1131 1131 1131 1132 1132 1132 1131 1131 1131 1130 1130 1130 1133 1133 1133 1134 1134 1134 1135 1135 1135 1136 1136 1136 1137 1137 1137 1138 1138 1138 1139 1139 1139 1140 1140 1140 1141 1141 1141 1139 1139 1139 1142 1142 1142 1140 1140 1140 1143 1143 1143 1144 1144 1144 1145 1145 1145 1146 1146 1146 1143 1143 1143 1145 1145 1145 1147 1147 1147 1148 1148 1148 1132 1132 1132 1132 1132 1132 1130 1130 1130 1147 1147 1147 1128 1128 1128 1148 1148 1148 1147 1147 1147 1147 1147 1147 1127 1127 1127 1128 1128 1128 1147 1147 1147 1149 1149 1149 1150 1150 1150 1150 1150 1150 1127 1127 1127 1147 1147 1147 1125 1125 1125 1127 1127 1127 1150 1150 1150 1150 1150 1150 1151 1151 1151 1125 1125 1125 1152 1152 1152 1153 1153 1153 1154 1154 1154 1154 1154 1154 1155 1155 1155 1152 1152 1152 1135 1135 1135 1134 1134 1134 1152 1152 1152 1152 1152 1152 1155 1155 1155 1135 1135 1135 1134 1134 1134 1156 1156 1156 1157 1157 1157 1157 1157 1157 1152 1152 1152 1134 1134 1134 1157 1157 1157 1158 1158 1158 1153 1153 1153 1153 1153 1153 1152 1152 1152 1157 1157 1157 1154 1154 1154 1153 1153 1153 1159 1159 1159 1159 1159 1159 1160 1160 1160 1154 1154 1154 1160 1160 1160 1159 1159 1159 1161 1161 1161 1161 1161 1161 1162 1162 1162 1160 1160 1160 1162 1162 1162 1161 1161 1161 1163 1163 1163 1163 1163 1163 1164 1164 1164 1162 1162 1162 1165 1165 1165 1149 1149 1149 1147 1147 1147 1147 1147 1147 1130 1130 1130 1165 1165 1165 1129 1129 1129 1166 1166 1166 1165 1165 1165 1165 1165 1165 1130 1130 1130 1129 1129 1129 1167 1167 1167 1168 1168 1168 1169 1169 1169 1169 1169 1169 1170 1170 1170 1167 1167 1167 1167 1167 1167 1170 1170 1170 1171 1171 1171 1171 1171 1171 1172 1172 1172 1167 1167 1167 1163 1163 1163 1172 1172 1172 1171 1171 1171 1171 1171 1171 1164 1164 1164 1163 1163 1163 1166 1166 1166 1173 1173 1173 1149 1149 1149 1149 1149 1149 1165 1165 1165 1166 1166 1166 1137 1137 1137 1136 1136 1136 1169 1169 1169 1169 1169 1169 1168 1168 1168 1137 1137 1137 1149 1149 1149 1173 1173 1173 1151 1151 1151 1151 1151 1151 1150 1150 1150 1149 1149 1149 1156 1156 1156 1134 1134 1134 1174 1174 1174 1133 1133 1133 1135 1135 1135 1136 1136 1136 1136 1136 1136 1138 1138 1138 1133 1133 1133 1175 1175 1175 1174 1174 1174 1133 1133 1133 1133 1133 1133 1138 1138 1138 1175 1175 1175 1138 1138 1138 1176 1176 1176 1175 1175 1175 1138 1138 1138 1137 1137 1137 1176 1176 1176 1177 1177 1177 1176 1176 1176 1137 1137 1137 1137 1137 1137 1168 1168 1168 1177 1177 1177 1168 1168 1168 1167 1167 1167 1177 1177 1177 1175 1175 1175 1178 1178 1178 1179 1179 1179 1179 1179 1179 1174 1174 1174 1175 1175 1175 1176 1176 1176 1180 1180 1180 1178 1178 1178 1178 1178 1178 1175 1175 1175 1176 1176 1176 1174 1174 1174 1179 1179 1179 1181 1181 1181 1181 1181 1181 1156 1156 1156 1174 1174 1174 1180 1180 1180 1176 1176 1176 1177 1177 1177 1177 1177 1177 1182 1182 1182 1180 1180 1180 1183 1183 1183 1184 1184 1184 1182 1182 1182 1182 1182 1182 1177 1177 1177 1183 1183 1183 1185 1185 1185 1183 1183 1183 1167 1167 1167 1167 1167 1167 1172 1172 1172 1185 1185 1185 1185 1185 1185 1186 1186 1186 1184 1184 1184 1184 1184 1184 1183 1183 1183 1185 1185 1185 1156 1156 1156 1181 1181 1181 1187 1187 1187 1187 1187 1187 1157 1157 1157 1156 1156 1156 1158 1158 1158 1157 1157 1157 1187 1187 1187 1187 1187 1187 1188 1188 1188 1158 1158 1158 1188 1188 1188 1189 1189 1189 1141 1141 1141 1141 1141 1141 1158 1158 1158 1188 1188 1188 1141 1141 1141 1140 1140 1140 1153 1153 1153 1153 1153 1153 1158 1158 1158 1141 1141 1141 1190 1190 1190 1153 1153 1153 1140 1140 1140 1140 1140 1140 1191 1191 1191 1190 1190 1190 1159 1159 1159 1153 1153 1153 1190 1190 1190 1190 1190 1190 1192 1192 1192 1159 1159 1159 1193 1193 1193 1194 1194 1194 1195 1195 1195 1195 1195 1195 1196 1196 1196 1193 1193 1193 1140 1140 1140 1142 1142 1142 1197 1197 1197 1197 1197 1197 1191 1191 1191 1140 1140 1140 1198 1198 1198 1199 1199 1199 1196 1196 1196 1196 1196 1196 1195 1195 1195 1198 1198 1198 1141 1141 1141 1189 1189 1189 1200 1200 1200 1200 1200 1200 1139 1139 1139 1141 1141 1141 1161 1161 1161 1159 1159 1159 1192 1192 1192 1192 1192 1192 1201 1201 1201 1161 1161 1161 1196 1196 1196 1202 1202 1202 1203 1203 1203 1203 1203 1203 1193 1193 1193 1196 1196 1196 1161 1161 1161 1201 1201 1201 1204 1204 1204 1204 1204 1204 1163 1163 1163 1161 1161 1161 1203 1203 1203 1202 1202 1202 1205 1205 1205 1205 1205 1205 1206 1206 1206 1203 1203 1203 1207 1207 1207 1172 1172 1172 1163 1163 1163 1163 1163 1163 1204 1204 1204 1207 1207 1207 1146 1146 1146 1208 1208 1208 1209 1209 1209 1209 1209 1209 1143 1143 1143 1146 1146 1146 1143 1143 1143 1209 1209 1209 1210 1210 1210 1210 1210 1210 1211 1211 1211 1143 1143 1143 1208 1208 1208 1146 1146 1146 1212 1212 1212 1212 1212 1212 1213 1213 1213 1208 1208 1208 1214 1214 1214 1215 1215 1215 1206 1206 1206 1206 1206 1206 1205 1205 1205 1214 1214 1214 1216 1216 1216 1144 1144 1144 1143 1143 1143 1143 1143 1143 1211 1211 1211 1216 1216 1216 1205 1205 1205 1217 1217 1217 1218 1218 1218 1218 1218 1218 1214 1214 1214 1205 1205 1205 1142 1142 1142 1219 1219 1219 1220 1220 1220 1220 1220 1220 1197 1197 1197 1142 1142 1142 1199 1199 1199 1198 1198 1198 1221 1221 1221 1221 1221 1221 1222 1222 1222 1199 1199 1199 1142 1142 1142 1139 1139 1139 1223 1223 1223 1223 1223 1223 1219 1219 1219 1142 1142 1142 1223 1223 1223 1200 1200 1200 1224 1224 1224 1224 1224 1224 1225 1225 1225 1223 1223 1223 1219 1219 1219 1223 1223 1223 1225 1225 1225 1225 1225 1225 1226 1226 1226 1219 1219 1219 1220 1220 1220 1219 1219 1219 1226 1226 1226 1226 1226 1226 1227 1227 1227 1220 1220 1220 1228 1228 1228 1229 1229 1229 1222 1222 1222 1222 1222 1222 1221 1221 1221 1228 1228 1228 1227 1227 1227 1226 1226 1226 1144 1144 1144 1144 1144 1144 1216 1216 1216 1227 1227 1227 1230 1230 1230 1229 1229 1229 1228 1228 1228 1228 1228 1228 1231 1231 1231 1230 1230 1230 1145 1145 1145 1144 1144 1144 1226 1226 1226 1226 1226 1226 1225 1225 1225 1145 1145 1145 1224 1224 1224 1232 1232 1232 1225 1225 1225 1146 1146 1146 1145 1145 1145 1232 1232 1232 1232 1232 1232 1212 1212 1212 1146 1146 1146 1196 1196 1196 1233 1233 1233 1234 1234 1234 1234 1234 1234 1202 1202 1202 1196 1196 1196 1233 1233 1233 1196 1196 1196 1199 1199 1199 1199 1199 1199 1235 1235 1235 1233 1233 1233 1199 1199 1199 1222 1222 1222 1236 1236 1236 1236 1236 1236 1235 1235 1235 1199 1199 1199 1237 1237 1237 1236 1236 1236 1222 1222 1222 1222 1222 1222 1229 1229 1229 1237 1237 1237 1229 1229 1229 1230 1230 1230 1238 1238 1238 1238 1238 1238 1237 1237 1237 1229 1229 1229 1239 1239 1239 1240 1240 1240 1217 1217 1217 1217 1217 1217 1205 1205 1205 1239 1239 1239 1234 1234 1234 1239 1239 1239 1205 1205 1205 1205 1205 1205 1202 1202 1202 1234 1234 1234 1241 1241 1241 1242 1242 1242 1239 1239 1239 1239 1239 1239 1234 1234 1234 1241 1241 1241 1243 1243 1243 1241 1241 1241 1234 1234 1234 1234 1234 1234 1233 1233 1233 1243 1243 1243 1235 1235 1235 1244 1244 1244 1243 1243 1243 1243 1243 1243 1233 1233 1233 1235 1235 1235 1236 1236 1236 1245 1245 1245 1244 1244 1244 1244 1244 1244 1235 1235 1235 1236 1236 1236 1246 1246 1246 1245 1245 1245 1236 1236 1236 1236 1236 1236 1237 1237 1237 1246 1246 1246 1247 1247 1247 1246 1246 1246 1237 1237 1237 1237 1237 1237 1238 1238 1238 1247 1247 1247 1242 1242 1242 1248 1248 1248 1240 1240 1240 1240 1240 1240 1239 1239 1239 1242 1242 1242 1241 1241 1241 1249 1249 1249 1250 1250 1250 1250 1250 1250 1242 1242 1242 1241 1241 1241 1243 1243 1243 1251 1251 1251 1249 1249 1249 1249 1249 1249 1241 1241 1241 1243 1243 1243 1251 1251 1251 1243 1243 1243 1244 1244 1244 1244 1244 1244 1252 1252 1252 1251 1251 1251 1252 1252 1252 1244 1244 1244 1245 1245 1245 1245 1245 1245 1253 1253 1253 1252 1252 1252 1253 1253 1253 1245 1245 1245 1246 1246 1246 1246 1246 1246 1254 1254 1254 1253 1253 1253 1246 1246 1246 1247 1247 1247 1255 1255 1255 1255 1255 1255 1254 1254 1254 1246 1246 1246 1248 1248 1248 1242 1242 1242 1250 1250 1250 1250 1250 1250 1256 1256 1256 1248 1248 1248 1257 1257 1257 1258 1258 1258 1259 1259 1259 1260 1260 1260 1261 1261 1261 1262 1262 1262 1262 1262 1262 1263 1263 1263 1264 1264 1264 1264 1264 1264 1260 1260 1260 1262 1262 1262 1263 1263 1263 1265 1265 1265 1266 1266 1266 1266 1266 1266 1264 1264 1264 1263 1263 1263 1267 1267 1267 1268 1268 1268 1266 1266 1266 1266 1266 1266 1265 1265 1265 1267 1267 1267 1267 1267 1267 1269 1269 1269 1270 1270 1270 1270 1270 1270 1268 1268 1268 1267 1267 1267 1258 1258 1258 1270 1270 1270 1269 1269 1269 1258 1258 1258 1269 1269 1269 1259 1259 1259 1134 1134 1134 1133 1133 1133 1174 1174 1174 371 371 371 1271 1271 1271 1272 1272 1272 1272 1272 1272 372 372 372 371 371 371 137 137 137 275 275 275 277 277 277 277 277 277 169 169 169 142 142 142 280 280 280 169 169 169 277 277 277 1273 1273 1273 1274 1274 1274 1275 1275 1275 1275 1275 1275 1276 1276 1276 1273 1273 1273 1277 1277 1277 1273 1273 1273 1276 1276 1276 1276 1276 1276 1278 1278 1278 1277 1277 1277 1279 1279 1279 1280 1280 1280 1281 1281 1281 1281 1281 1281 1282 1282 1282 1279 1279 1279 1283 1283 1283 1284 1284 1284 1281 1281 1281 1281 1281 1281 1280 1280 1280 1283 1283 1283 1284 1284 1284 1285 1285 1285 1286 1286 1286 1286 1286 1286 1281 1281 1281 1284 1284 1284 1287 1287 1287 1288 1288 1288 1274 1274 1274 1274 1274 1274 1273 1273 1273 1287 1287 1287 1289 1289 1289 1287 1287 1287 1273 1273 1273 1273 1273 1273 1277 1277 1277 1289 1289 1289 1286 1286 1286 1290 1290 1290 1282 1282 1282 1282 1282 1282 1281 1281 1281 1286 1286 1286 1291 1291 1291 1292 1292 1292 1293 1293 1293 1293 1293 1293 1294 1294 1294 1291 1291 1291 1294 1294 1294 1293 1293 1293 1295 1295 1295 1295 1295 1295 1296 1296 1296 1294 1294 1294 791 791 791 1297 1297 1297 781 781 781 781 781 781 780 780 780 791 791 791 788 788 788 787 787 787 783 783 783 783 783 783 782 782 782 788 788 788 781 781 781 1297 1297 1297 1298 1298 1298 1298 1298 1298 784 784 784 781 781 781 785 785 785 790 790 790 788 788 788 788 788 788 782 782 782 785 785 785 784 784 784 1298 1298 1298 1299 1299 1299 1299 1299 1299 793 793 793 784 784 784 794 794 794 795 795 795 790 790 790 790 790 790 785 785 785 794 794 794 1299 1299 1299 1300 1300 1300 797 797 797 797 797 797 793 793 793 1299 1299 1299 799 799 799 795 795 795 794 794 794 794 794 794 798 798 798 799 799 799 1300 1300 1300 1301 1301 1301 801 801 801 801 801 801 797 797 797 1300 1300 1300 803 803 803 799 799 799 798 798 798 798 798 798 802 802 802 803 803 803 801 801 801 1301 1301 1301 1302 1302 1302 1302 1302 1302 805 805 805 801 801 801 807 807 807 803 803 803 802 802 802 802 802 802 806 806 806 807 807 807 806 806 806 805 805 805 810 810 810 805 805 805 1302 1302 1302 810 810 810 783 783 783 787 787 787 792 792 792 780 780 780 783 783 783 792 792 792 910 910 910 913 913 913 923 923 923 923 923 923 914 914 914 910 910 910 709 709 709 679 679 679 681 681 681 908 908 908 907 907 907 913 913 913 36 36 36 81 81 81 72 72 72 44 44 44 1303 1303 1303 45 45 45 54 54 54 1304 1304 1304 55 55 55 716 716 716 1305 1305 1305 717 717 717 659 659 659 695 695 695 657 657 657 1167 1167 1167 1183 1183 1183 1177 1177 1177 1223 1223 1223 1139 1139 1139 1200 1200 1200 1232 1232 1232 1145 1145 1145 1225 1225 1225 1306 1306 1306 1307 1307 1307 1308 1308 1308 1308 1308 1308 1309 1309 1309 1306 1306 1306 1310 1310 1310 1311 1311 1311 1312 1312 1312 1313 1313 1313 1314 1314 1314 1315 1315 1315 1315 1315 1315 1316 1316 1316 1313 1313 1313 1317 1317 1317 1318 1318 1318 1319 1319 1319 1308 1308 1308 1307 1307 1307 15 15 15 15 15 15 14 14 14 1308 1308 1308 16 16 16 17 17 17 1314 1314 1314 1314 1314 1314 1313 1313 1313 16 16 16 1320 1320 1320 20 20 20 1321 1321 1321 20 20 20 1320 1320 1320 21 21 21 1322 1322 1322 1321 1321 1321 1323 1323 1323 1322 1322 1322 1323 1323 1323 1324 1324 1324 1325 1325 1325 1326 1326 1326 1327 1327 1327 1328 1328 1328 1329 1329 1329 1330 1330 1330 1331 1331 1331 1328 1328 1328 1332 1332 1332 1332 1332 1332 1328 1328 1328 1330 1330 1330 1326 1326 1326 1325 1325 1325 1333 1333 1333 1333 1333 1333 1325 1325 1325 1334 1334 1334 1325 1325 1325 1335 1335 1335 1336 1336 1336 1336 1336 1336 1334 1334 1334 1325 1325 1325 1337 1337 1337 1338 1338 1338 1339 1339 1339 1340 1340 1340 1341 1341 1341 1342 1342 1342 1343 1343 1343 1344 1344 1344 1345 1345 1345 1346 1346 1346 1341 1341 1341 1340 1340 1340 1340 1340 1340 1347 1347 1347 1346 1346 1346 1348 1348 1348 1349 1349 1349 1350 1350 1350 1351 1351 1351 1350 1350 1350 1349 1349 1349 1352 1352 1352 1353 1353 1353 1354 1354 1354 1354 1354 1354 53 53 53 1352 1352 1352 1340 1340 1340 1342 1342 1342 1355 1355 1355 1353 1353 1353 1356 1356 1356 1357 1357 1357 1358 1358 1358 1359 1359 1359 61 61 61 61 61 61 60 60 60 1358 1358 1358 20 20 20 61 61 61 1359 1359 1359 1359 1359 1359 1321 1321 1321 20 20 20 1358 1358 1358 60 60 60 64 64 64 64 64 64 1360 1360 1360 1358 1358 1358 1360 1360 1360 1361 1361 1361 1362 1362 1362 1362 1362 1362 1358 1358 1358 1360 1360 1360 1359 1359 1359 1358 1358 1358 1362 1362 1362 1362 1362 1362 1323 1323 1323 1359 1359 1359 1359 1359 1359 1323 1323 1323 1321 1321 1321 67 67 67 1363 1363 1363 1360 1360 1360 1360 1360 1360 64 64 64 67 67 67 1363 1363 1363 1361 1361 1361 1360 1360 1360 1364 1364 1364 70 70 70 21 21 21 21 21 21 1320 1320 1320 1364 1364 1364 1329 1329 1329 1323 1323 1323 1362 1362 1362 1362 1362 1362 1330 1330 1330 1329 1329 1329 1365 1365 1365 1324 1324 1324 1323 1323 1323 1323 1323 1323 1329 1329 1329 1365 1365 1365 1335 1335 1335 1325 1325 1325 1327 1327 1327 1335 1335 1335 1327 1327 1327 1366 1366 1366 1362 1362 1362 1361 1361 1361 1367 1367 1367 1367 1367 1367 1330 1330 1330 1362 1362 1362 1332 1332 1332 1330 1330 1330 1367 1367 1367 1367 1367 1367 1368 1368 1368 1332 1332 1332 1331 1331 1331 1332 1332 1332 1369 1369 1369 1369 1369 1369 1339 1339 1339 1331 1331 1331 1369 1369 1369 1332 1332 1332 1368 1368 1368 1368 1368 1368 1370 1370 1370 1369 1369 1369 1371 1371 1371 1369 1369 1369 1370 1370 1370 1370 1370 1370 1372 1372 1372 1371 1371 1371 1337 1337 1337 1339 1339 1339 1369 1369 1369 1369 1369 1369 1371 1371 1371 1337 1337 1337 1373 1373 1373 1365 1365 1365 1329 1329 1329 1329 1329 1329 1328 1328 1328 1373 1373 1373 1374 1374 1374 1373 1373 1373 1328 1328 1328 1328 1328 1328 1331 1331 1331 1374 1374 1374 1339 1339 1339 1338 1338 1338 1374 1374 1374 1374 1374 1374 1331 1331 1331 1339 1339 1339 1338 1338 1338 1337 1337 1337 1335 1335 1335 1335 1335 1335 1375 1375 1375 1338 1338 1338 1335 1335 1335 1337 1337 1337 1371 1371 1371 1371 1371 1371 1336 1336 1336 1335 1335 1335 1371 1371 1371 1372 1372 1372 1350 1350 1350 1350 1350 1350 1336 1336 1336 1371 1371 1371 1376 1376 1376 1334 1334 1334 1336 1336 1336 1336 1336 1336 1350 1350 1350 1376 1376 1376 1351 1351 1351 1376 1376 1376 1350 1350 1350 1343 1343 1343 1345 1345 1345 1346 1346 1346 1346 1346 1346 1347 1347 1347 1343 1343 1343 1372 1372 1372 1370 1370 1370 1377 1377 1377 1377 1377 1377 1378 1378 1378 1372 1372 1372 1378 1378 1378 1348 1348 1348 1350 1350 1350 1350 1350 1350 1372 1372 1372 1378 1378 1378 1356 1356 1356 1353 1353 1353 1352 1352 1352 1352 1352 1352 1379 1379 1379 1356 1356 1356 1380 1380 1380 1381 1381 1381 1382 1382 1382 1382 1382 1382 1383 1383 1383 1380 1380 1380 1384 1384 1384 1385 1385 1385 1386 1386 1386 1386 1386 1386 1387 1387 1387 1384 1384 1384 1388 1388 1388 1389 1389 1389 1390 1390 1390 1390 1390 1390 1391 1391 1391 1388 1388 1388 1392 1392 1392 1393 1393 1393 1394 1394 1394 1394 1394 1394 1395 1395 1395 1392 1392 1392 1396 1396 1396 1397 1397 1397 1398 1398 1398 1398 1398 1398 1399 1399 1399 1396 1396 1396 1379 1379 1379 1352 1352 1352 1400 1400 1400 1400 1400 1400 1401 1401 1401 1379 1379 1379 1402 1402 1402 1403 1403 1403 1404 1404 1404 1404 1404 1404 1405 1405 1405 1402 1402 1402 1406 1406 1406 1407 1407 1407 1408 1408 1408 1408 1408 1408 1409 1409 1409 1406 1406 1406 1410 1410 1410 1411 1411 1411 1412 1412 1412 1412 1412 1412 1413 1413 1413 1410 1410 1410 1400 1400 1400 1352 1352 1352 53 53 53 53 53 53 1414 1414 1414 1400 1400 1400 1368 1368 1368 1377 1377 1377 1370 1370 1370 1342 1342 1342 1341 1341 1341 1415 1415 1415 1415 1415 1415 1416 1416 1416 1342 1342 1342 1417 1417 1417 1416 1416 1416 1415 1415 1415 1367 1367 1367 1377 1377 1377 1368 1368 1368 1418 1418 1418 126 126 126 125 125 125 126 126 126 1418 1418 1418 127 127 127 1419 1419 1419 1420 1420 1420 1421 1421 1421 1421 1421 1421 1418 1418 1418 1419 1419 1419 1421 1421 1421 1420 1420 1420 1422 1422 1422 1419 1419 1419 1418 1418 1418 125 125 125 1418 1418 1418 1423 1423 1423 132 132 132 132 132 132 127 127 127 1418 1418 1418 1424 1424 1424 1425 1425 1425 1426 1426 1426 1427 1427 1427 1428 1428 1428 1429 1429 1429 1429 1429 1429 1430 1430 1430 1431 1431 1431 1432 1432 1432 1429 1429 1429 1433 1433 1433 1429 1429 1429 1432 1432 1432 1427 1427 1427 1434 1434 1434 1435 1435 1435 1436 1436 1436 1437 1437 1437 1435 1435 1435 1434 1434 1434 1438 1438 1438 1439 1439 1439 1440 1440 1440 1441 1441 1441 1442 1442 1442 1443 1443 1443 1444 1444 1444 1442 1442 1442 1441 1441 1441 1445 1445 1445 1444 1444 1444 1446 1446 1446 1441 1441 1441 1446 1446 1446 1444 1444 1444 1439 1439 1439 1447 1447 1447 1448 1448 1448 1448 1448 1448 1447 1447 1447 1449 1449 1449 1449 1449 1449 1450 1450 1450 1451 1451 1451 1452 1452 1452 1453 1453 1453 1454 1454 1454 1455 1455 1455 1456 1456 1456 1457 1457 1457 1444 1444 1444 1445 1445 1445 1458 1458 1458 1453 1453 1453 1444 1444 1444 1458 1458 1458 1433 1433 1433 1459 1459 1459 1432 1432 1432 1433 1433 1433 1460 1460 1460 1459 1459 1459 1436 1436 1436 1461 1461 1461 1434 1434 1434 1462 1462 1462 1463 1463 1463 1464 1464 1464 1458 1458 1458 1454 1454 1454 1453 1453 1453 1465 1465 1465 1466 1466 1466 1467 1467 1467 1468 1468 1468 1467 1467 1467 1466 1466 1466 1469 1469 1469 1470 1470 1470 1471 1471 1471 1470 1470 1470 1472 1472 1472 1473 1473 1473 1470 1470 1470 1473 1473 1473 1471 1471 1471 1473 1473 1473 1474 1474 1474 1471 1471 1471 1475 1475 1475 1471 1471 1471 1474 1474 1474 1476 1476 1476 1477 1477 1477 1478 1478 1478 1479 1479 1479 1480 1480 1480 1481 1481 1481 1482 1482 1482 1423 1423 1423 1418 1418 1418 1418 1418 1418 1421 1421 1421 1482 1482 1482 1483 1483 1483 1484 1484 1484 1481 1481 1481 1423 1423 1423 1425 1425 1425 195 195 195 195 195 195 132 132 132 1423 1423 1423 1426 1426 1426 1425 1425 1425 1485 1485 1485 1425 1425 1425 1486 1486 1486 197 197 197 197 197 197 195 195 195 1425 1425 1425 1425 1425 1425 1424 1424 1424 1487 1487 1487 1487 1487 1487 1486 1486 1486 1425 1425 1425 1488 1488 1488 1489 1489 1489 1424 1424 1424 1424 1424 1424 1426 1426 1426 1488 1488 1488 1490 1490 1490 1491 1491 1491 1492 1492 1492 1492 1492 1492 1493 1493 1493 1490 1490 1490 1494 1494 1494 1490 1490 1490 1493 1493 1493 1493 1493 1493 1495 1495 1495 1494 1494 1494 1496 1496 1496 1497 1497 1497 1489 1489 1489 1489 1489 1489 1488 1488 1488 1496 1496 1496 1498 1498 1498 1492 1492 1492 1491 1491 1491 1491 1491 1491 1499 1499 1499 1498 1498 1498 1500 1500 1500 1501 1501 1501 1497 1497 1497 1497 1497 1497 1496 1496 1496 1500 1500 1500 1499 1499 1499 1502 1502 1502 1503 1503 1503 1503 1503 1503 1498 1498 1498 1499 1499 1499 1504 1504 1504 1505 1505 1505 1501 1501 1501 1501 1501 1501 1500 1500 1500 1504 1504 1504 1506 1506 1506 1503 1503 1503 1502 1502 1502 1502 1502 1502 1507 1507 1507 1506 1506 1506 1508 1508 1508 1505 1505 1505 1504 1504 1504 1504 1504 1504 1509 1509 1509 1508 1508 1508 1506 1506 1506 1507 1507 1507 1510 1510 1510 1510 1510 1510 1511 1511 1511 1506 1506 1506 1512 1512 1512 225 225 225 197 197 197 197 197 197 1486 1486 1486 1512 1512 1512 1486 1486 1486 1487 1487 1487 1513 1513 1513 1513 1513 1513 1512 1512 1512 1486 1486 1486 1514 1514 1514 1494 1494 1494 1495 1495 1495 1495 1495 1495 1515 1515 1515 1514 1514 1514 1512 1512 1512 1513 1513 1513 1516 1516 1516 1516 1516 1516 1517 1517 1517 1512 1512 1512 1518 1518 1518 1514 1514 1514 1515 1515 1515 1515 1515 1515 1519 1519 1519 1518 1518 1518 225 225 225 1512 1512 1512 1517 1517 1517 1517 1517 1517 233 233 233 225 225 225 234 234 234 233 233 233 1517 1517 1517 1517 1517 1517 1520 1520 1520 234 234 234 1516 1516 1516 1521 1521 1521 1520 1520 1520 1520 1520 1520 1517 1517 1517 1516 1516 1516 1428 1428 1428 1427 1427 1427 238 238 238 238 238 238 237 237 237 1428 1428 1428 1509 1509 1509 1522 1522 1522 1523 1523 1523 1523 1523 1523 1508 1508 1508 1509 1509 1509 1511 1511 1511 1510 1510 1510 1435 1435 1435 1435 1435 1435 1437 1437 1437 1511 1511 1511 1524 1524 1524 1523 1523 1523 1522 1522 1522 1522 1522 1522 1525 1525 1525 1524 1524 1524 243 243 243 244 244 244 1524 1524 1524 1524 1524 1524 1525 1525 1525 243 243 243 245 245 245 1461 1461 1461 1436 1436 1436 1436 1436 1436 246 246 246 245 245 245 1526 1526 1526 1527 1527 1527 1528 1528 1528 1528 1528 1528 1529 1529 1529 1526 1526 1526 1527 1527 1527 1526 1526 1526 1530 1530 1530 1530 1530 1530 1469 1469 1469 1527 1527 1527 1531 1531 1531 1443 1443 1443 1529 1529 1529 1529 1529 1529 1528 1528 1528 1531 1531 1531 1443 1443 1443 1531 1531 1531 1465 1465 1465 1465 1465 1465 1441 1441 1441 1443 1443 1443 1532 1532 1532 1448 1448 1448 1449 1449 1449 1449 1449 1449 1451 1451 1451 1532 1532 1532 254 254 254 1451 1451 1451 1450 1450 1450 1450 1450 1450 255 255 255 254 254 254 1455 1455 1455 1532 1532 1532 1451 1451 1451 1451 1451 1451 1456 1456 1456 1455 1455 1455 1456 1456 1456 1451 1451 1451 254 254 254 254 254 254 256 256 256 1456 1456 1456 1533 1533 1533 1457 1457 1457 1456 1456 1456 1534 1534 1534 1535 1535 1535 1536 1536 1536 1536 1536 1536 1537 1537 1537 1534 1534 1534 1538 1538 1538 1539 1539 1539 1536 1536 1536 1536 1536 1536 1535 1535 1535 1538 1538 1538 256 256 256 264 264 264 1533 1533 1533 1533 1533 1533 1456 1456 1456 256 256 256 1540 1540 1540 1541 1541 1541 1445 1445 1445 1445 1445 1445 1446 1446 1446 1540 1540 1540 1467 1467 1467 1542 1542 1542 1540 1540 1540 1540 1540 1540 1446 1446 1446 1467 1467 1467 1541 1541 1541 1543 1543 1543 1458 1458 1458 1458 1458 1458 1445 1445 1445 1541 1541 1541 1544 1544 1544 1545 1545 1545 1541 1541 1541 1541 1541 1541 1540 1540 1540 1544 1544 1544 1541 1541 1541 1545 1545 1545 1546 1546 1546 1546 1546 1546 1543 1543 1543 1541 1541 1541 1547 1547 1547 1544 1544 1544 1540 1540 1540 1540 1540 1540 1542 1542 1542 1547 1547 1547 1535 1535 1535 1534 1534 1534 1454 1454 1454 1454 1454 1454 1458 1458 1458 1535 1535 1535 1535 1535 1535 1458 1458 1458 1543 1543 1543 1543 1543 1543 1538 1538 1538 1535 1535 1535 1433 1433 1433 1431 1431 1431 1548 1548 1548 1460 1460 1460 1433 1433 1433 1548 1548 1548 1548 1548 1548 1549 1549 1549 1460 1460 1460 1550 1550 1550 276 276 276 238 238 238 238 238 238 1427 1427 1427 1550 1550 1550 1427 1427 1427 1432 1432 1432 1551 1551 1551 1552 1552 1552 1551 1551 1551 1553 1553 1553 1553 1553 1553 1554 1554 1554 1552 1552 1552 1459 1459 1459 1460 1460 1460 1555 1555 1555 1555 1555 1555 1553 1553 1553 1459 1459 1459 1556 1556 1556 1555 1555 1555 1460 1460 1460 1460 1460 1460 1549 1549 1549 1556 1556 1556 1554 1554 1554 284 284 284 283 283 283 283 283 283 1552 1552 1552 1554 1554 1554 1548 1548 1548 1431 1431 1431 1557 1557 1557 1558 1558 1558 1559 1559 1559 1539 1539 1539 1539 1539 1539 1538 1538 1538 1558 1558 1558 1560 1560 1560 1561 1561 1561 1562 1562 1562 1562 1562 1562 1563 1563 1563 1560 1560 1560 1564 1564 1564 1565 1565 1565 1563 1563 1563 1563 1563 1563 1562 1562 1562 1564 1564 1564 1566 1566 1566 1567 1567 1567 296 296 296 296 296 296 295 295 295 1566 1566 1566 1560 1560 1560 1563 1563 1563 1548 1548 1548 1548 1548 1548 1557 1557 1557 1560 1560 1560 1568 1568 1568 1569 1569 1569 1567 1567 1567 1567 1567 1567 1570 1570 1570 1568 1568 1568 1548 1548 1548 1563 1563 1563 1565 1565 1565 1565 1565 1565 1549 1549 1549 1548 1548 1548 1571 1571 1571 1556 1556 1556 1549 1549 1549 1549 1549 1549 1565 1565 1565 1571 1571 1571 1572 1572 1572 1571 1571 1571 1565 1565 1565 1565 1565 1565 1564 1564 1564 1572 1572 1572 303 303 303 1572 1572 1572 1564 1564 1564 1564 1564 1564 304 304 304 303 303 303 1573 1573 1573 1574 1574 1574 1575 1575 1575 1575 1575 1575 1576 1576 1576 1573 1573 1573 1577 1577 1577 1573 1573 1573 1576 1576 1576 1576 1576 1576 1578 1578 1578 1577 1577 1577 1575 1575 1575 1574 1574 1574 1579 1579 1579 1579 1579 1579 1580 1580 1580 1575 1575 1575 1462 1462 1462 1574 1574 1574 1573 1573 1573 1573 1573 1573 1463 1463 1463 1462 1462 1462 1577 1577 1577 1463 1463 1463 1573 1573 1573 1574 1574 1574 1462 1462 1462 314 314 314 314 314 314 313 313 313 1574 1574 1574 1579 1579 1579 1574 1574 1574 313 313 313 313 313 313 315 315 315 1579 1579 1579 1581 1581 1581 1464 1464 1464 1463 1463 1463 1463 1463 1463 1577 1577 1577 1581 1581 1581 1582 1582 1582 1464 1464 1464 1581 1581 1581 1581 1581 1581 1472 1472 1472 1582 1582 1582 1583 1583 1583 1582 1582 1582 1472 1472 1472 1472 1472 1472 1470 1470 1470 1583 1583 1583 1567 1567 1567 1579 1579 1579 315 315 315 315 315 315 296 296 296 1567 1567 1567 1569 1569 1569 1580 1580 1580 1579 1579 1579 1579 1579 1579 1567 1567 1567 1569 1569 1569 1531 1531 1531 1584 1584 1584 1466 1466 1466 1466 1466 1466 1465 1465 1465 1531 1531 1531 1584 1584 1584 1531 1531 1531 1528 1528 1528 1528 1528 1528 1585 1585 1585 1584 1584 1584 1468 1468 1468 1586 1586 1586 1542 1542 1542 1542 1542 1542 1467 1467 1467 1468 1468 1468 1542 1542 1542 1586 1586 1586 1587 1587 1587 1587 1587 1587 1547 1547 1547 1542 1542 1542 1588 1588 1588 1589 1589 1589 1577 1577 1577 1577 1577 1577 1578 1578 1578 1588 1588 1588 1585 1585 1585 1528 1528 1528 1527 1527 1527 1527 1527 1527 1590 1590 1590 1585 1585 1585 1469 1469 1469 1471 1471 1471 1590 1590 1590 1590 1590 1590 1527 1527 1527 1469 1469 1469 1472 1472 1472 1581 1581 1581 1591 1591 1591 1591 1591 1591 1473 1473 1473 1472 1472 1472 1591 1591 1591 1581 1581 1581 1577 1577 1577 1577 1577 1577 1589 1589 1589 1591 1591 1591 1584 1584 1584 1585 1585 1585 1592 1592 1592 1466 1466 1466 1584 1584 1584 1592 1592 1592 1592 1592 1592 1593 1593 1593 1466 1466 1466 1594 1594 1594 1595 1595 1595 1596 1596 1596 1596 1596 1596 1597 1597 1597 1594 1594 1594 1598 1598 1598 1597 1597 1597 1596 1596 1596 1596 1596 1596 1599 1599 1599 1598 1598 1598 1468 1468 1468 1466 1466 1466 1593 1593 1593 1600 1600 1600 1586 1586 1586 1468 1468 1468 1468 1468 1468 1593 1593 1593 1600 1600 1600 1601 1601 1601 1598 1598 1598 1599 1599 1599 1599 1599 1599 1602 1602 1602 1601 1601 1601 1587 1587 1587 1586 1586 1586 1600 1600 1600 1600 1600 1600 1603 1603 1603 1587 1587 1587 1602 1602 1602 1604 1604 1604 1605 1605 1605 1605 1605 1605 1601 1601 1601 1602 1602 1602 1606 1606 1606 1607 1607 1607 1589 1589 1589 1589 1589 1589 1588 1588 1588 1606 1606 1606 1608 1608 1608 1609 1609 1609 1610 1610 1610 1608 1608 1608 1610 1610 1610 1611 1611 1611 1591 1591 1591 1589 1589 1589 1607 1607 1607 1607 1607 1607 1612 1612 1612 1591 1591 1591 1611 1611 1611 1613 1613 1613 1614 1614 1614 1614 1614 1614 1608 1608 1608 1611 1611 1611 1612 1612 1612 1474 1474 1474 1473 1473 1473 1473 1473 1473 1591 1591 1591 1612 1612 1612 1614 1614 1614 1613 1613 1613 1478 1478 1478 1478 1478 1478 1477 1477 1477 1614 1614 1614 1475 1475 1475 1615 1615 1615 1590 1590 1590 1590 1590 1590 1471 1471 1471 1475 1475 1475 1595 1595 1595 1594 1594 1594 1476 1476 1476 1616 1616 1616 352 352 352 284 284 284 284 284 284 1554 1554 1554 1616 1616 1616 1617 1617 1617 1616 1616 1616 1554 1554 1554 1554 1554 1554 1553 1553 1553 1617 1617 1617 1617 1617 1617 1553 1553 1553 1555 1555 1555 1555 1555 1555 1618 1618 1618 1617 1617 1617 1555 1555 1555 1556 1556 1556 1619 1619 1619 1619 1619 1619 1618 1618 1618 1555 1555 1555 356 356 356 1620 1620 1620 1572 1572 1572 1572 1572 1572 303 303 303 356 356 356 1620 1620 1620 1621 1621 1621 1571 1571 1571 1571 1571 1571 1572 1572 1572 1620 1620 1620 1621 1621 1621 1619 1619 1619 1556 1556 1556 1556 1556 1556 1571 1571 1571 1621 1621 1621 352 352 352 1616 1616 1616 1622 1622 1622 1622 1622 1622 359 359 359 352 352 352 1623 1623 1623 364 364 364 363 363 363 363 363 363 1624 1624 1624 1623 1623 1623 1625 1625 1625 366 366 366 364 364 364 364 364 364 1623 1623 1623 1625 1625 1625 1617 1617 1617 1626 1626 1626 1622 1622 1622 1622 1622 1622 1616 1616 1616 1617 1617 1617 1627 1627 1627 1628 1628 1628 1623 1623 1623 1623 1623 1623 1624 1624 1624 1627 1627 1627 1629 1629 1629 1625 1625 1625 1623 1623 1623 1623 1623 1623 1628 1628 1628 1629 1629 1629 1630 1630 1630 1631 1631 1631 1632 1632 1632 1632 1632 1632 1633 1633 1633 1630 1630 1630 1617 1617 1617 1618 1618 1618 1634 1634 1634 1634 1634 1634 1626 1626 1626 1617 1617 1617 1635 1635 1635 1628 1628 1628 1627 1627 1627 1627 1627 1627 1636 1636 1636 1635 1635 1635 1637 1637 1637 1629 1629 1629 1628 1628 1628 1628 1628 1628 1635 1635 1635 1637 1637 1637 1638 1638 1638 1632 1632 1632 1631 1631 1631 1631 1631 1631 1639 1639 1639 1638 1638 1638 1640 1640 1640 1634 1634 1634 1618 1618 1618 1618 1618 1618 1619 1619 1619 1640 1640 1640 1641 1641 1641 1635 1635 1635 1636 1636 1636 1636 1636 1636 1642 1642 1642 1641 1641 1641 1635 1635 1635 1641 1641 1641 1643 1643 1643 1643 1643 1643 1637 1637 1637 1635 1635 1635 1639 1639 1639 1644 1644 1644 1645 1645 1645 1645 1645 1645 1638 1638 1638 1639 1639 1639 1646 1646 1646 1640 1640 1640 1619 1619 1619 1619 1619 1619 1621 1621 1621 1646 1646 1646 1642 1642 1642 1647 1647 1647 1648 1648 1648 1648 1648 1648 1641 1641 1641 1642 1642 1642 1648 1648 1648 1649 1649 1649 1643 1643 1643 1643 1643 1643 1641 1641 1641 1648 1648 1648 1650 1650 1650 1651 1651 1651 1645 1645 1645 1645 1645 1645 1644 1644 1644 1650 1650 1650 1652 1652 1652 1646 1646 1646 1621 1621 1621 1621 1621 1621 1620 1620 1620 1652 1652 1652 1620 1620 1620 356 356 356 394 394 394 394 394 394 1652 1652 1652 1620 1620 1620 1647 1647 1647 1653 1653 1653 1654 1654 1654 1654 1654 1654 1648 1648 1648 1647 1647 1647 398 398 398 397 397 397 1654 1654 1654 1654 1654 1654 1653 1653 1653 398 398 398 1655 1655 1655 1649 1649 1649 1648 1648 1648 1648 1648 1648 1654 1654 1654 1655 1655 1655 1651 1651 1651 1650 1650 1650 1656 1656 1656 1656 1656 1656 1657 1657 1657 1651 1651 1651 1654 1654 1654 397 397 397 402 402 402 402 402 402 1655 1655 1655 1654 1654 1654 1656 1656 1656 404 404 404 403 403 403 403 403 403 1657 1657 1657 1656 1656 1656 1519 1519 1519 1658 1658 1658 1659 1659 1659 1659 1659 1659 1518 1518 1518 1519 1519 1519 1439 1439 1439 1438 1438 1438 1447 1447 1447 1441 1441 1441 1465 1465 1465 1467 1467 1467 1467 1467 1467 1446 1446 1446 1441 1441 1441 1583 1583 1583 1470 1470 1470 1469 1469 1469 1469 1469 1469 1530 1530 1530 1583 1583 1583 1538 1538 1538 1543 1543 1543 1546 1546 1546 1546 1546 1546 1558 1558 1558 1538 1538 1538 1660 1660 1660 1661 1661 1661 1662 1662 1662 1663 1663 1663 1662 1662 1662 1661 1661 1661 1664 1664 1664 1665 1665 1665 1666 1666 1666 1667 1667 1667 1664 1664 1664 1668 1668 1668 1666 1666 1666 1668 1668 1668 1664 1664 1664 1665 1665 1665 1669 1669 1669 1670 1670 1670 1670 1670 1670 1666 1666 1666 1665 1665 1665 1671 1671 1671 1670 1670 1670 1669 1669 1669 1672 1672 1672 1673 1673 1673 1674 1674 1674 1674 1674 1674 1673 1673 1673 1675 1675 1675 1676 1676 1676 1677 1677 1677 1672 1672 1672 1673 1673 1673 1672 1672 1672 1677 1677 1677 1676 1676 1676 1678 1678 1678 1679 1679 1679 1679 1679 1679 1680 1680 1680 1676 1676 1676 1677 1677 1677 1676 1676 1676 1680 1680 1680 1681 1681 1681 1679 1679 1679 1678 1678 1678 1666 1666 1666 1670 1670 1670 1682 1682 1682 1668 1668 1668 1666 1666 1666 1683 1683 1683 1684 1684 1684 1683 1683 1683 1666 1666 1666 1682 1682 1682 1684 1684 1684 1666 1666 1666 1685 1685 1685 1686 1686 1686 1687 1687 1687 1688 1688 1688 1687 1687 1687 1686 1686 1686 1686 1686 1686 1689 1689 1689 1688 1688 1688 1680 1680 1680 1685 1685 1685 1677 1677 1677 1687 1687 1687 1690 1690 1690 1685 1685 1685 1691 1691 1691 1685 1685 1685 1690 1690 1690 1685 1685 1685 1691 1691 1691 1677 1677 1677 1682 1682 1682 1692 1692 1692 1684 1684 1684 1693 1693 1693 1682 1682 1682 1670 1670 1670 1694 1694 1694 1682 1682 1682 1693 1693 1693 1693 1693 1693 1695 1695 1695 1696 1696 1696 1697 1697 1697 1675 1675 1675 1673 1673 1673 1673 1673 1673 1677 1677 1677 1697 1697 1697 1697 1697 1697 1691 1691 1691 1698 1698 1698 1690 1690 1690 1698 1698 1698 1691 1691 1691 1687 1687 1687 1699 1699 1699 1690 1690 1690 1700 1700 1700 1701 1701 1701 1702 1702 1702 1702 1702 1702 1703 1703 1703 1700 1700 1700 1704 1704 1704 1705 1705 1705 1706 1706 1706 1707 1707 1707 1708 1708 1708 1709 1709 1709 1710 1710 1710 1711 1711 1711 1712 1712 1712 1713 1713 1713 1714 1714 1714 1715 1715 1715 1716 1716 1716 1717 1717 1717 1599 1599 1599 1599 1599 1599 1596 1596 1596 1716 1716 1716 1716 1716 1716 1596 1596 1596 1595 1595 1595 1595 1595 1595 1718 1718 1718 1716 1716 1716 1718 1718 1718 1595 1595 1595 1478 1478 1478 1478 1478 1478 1719 1719 1719 1718 1718 1718 1478 1478 1478 1613 1613 1613 1720 1720 1720 1720 1720 1720 1719 1719 1719 1478 1478 1478 1721 1721 1721 1720 1720 1720 1613 1613 1613 1613 1613 1613 1611 1611 1611 1721 1721 1721 1722 1722 1722 1721 1721 1721 1611 1611 1611 1611 1611 1611 1610 1610 1610 1722 1722 1722 1604 1604 1604 1602 1602 1602 1723 1723 1723 1723 1723 1723 1724 1724 1724 1604 1604 1604 1602 1602 1602 1599 1599 1599 1717 1717 1717 1717 1717 1717 1723 1723 1723 1602 1602 1602 1725 1725 1725 1726 1726 1726 1727 1727 1727 1727 1727 1727 1728 1728 1728 1725 1725 1725 1727 1727 1727 1729 1729 1729 1730 1730 1730 1730 1730 1730 1728 1728 1728 1727 1727 1727 1731 1731 1731 1730 1730 1730 1729 1729 1729 1729 1729 1729 1732 1732 1732 1731 1731 1731 1733 1733 1733 1731 1731 1731 1732 1732 1732 1732 1732 1732 1734 1734 1734 1733 1733 1733 1735 1735 1735 1733 1733 1733 1734 1734 1734 1734 1734 1734 1736 1736 1736 1735 1735 1735 1737 1737 1737 1735 1735 1735 1736 1736 1736 1736 1736 1736 1738 1738 1738 1737 1737 1737 1739 1739 1739 1740 1740 1740 1741 1741 1741 1741 1741 1741 1742 1742 1742 1739 1739 1739 1717 1717 1717 1726 1726 1726 1741 1741 1741 1741 1741 1741 1723 1723 1723 1717 1717 1717 1743 1743 1743 1728 1728 1728 1730 1730 1730 1730 1730 1730 1744 1744 1744 1743 1743 1743 1661 1661 1661 1725 1725 1725 1728 1728 1728 1728 1728 1728 1743 1743 1743 1661 1661 1661 1730 1730 1730 1731 1731 1731 1745 1745 1745 1745 1745 1745 1744 1744 1744 1730 1730 1730 1744 1744 1744 1746 1746 1746 1747 1747 1747 1747 1747 1747 1743 1743 1743 1744 1744 1744 1743 1743 1743 1747 1747 1747 1663 1663 1663 1663 1663 1663 1661 1661 1661 1743 1743 1743 1665 1665 1665 1664 1664 1664 1748 1748 1748 1748 1748 1748 1749 1749 1749 1665 1665 1665 1664 1664 1664 1667 1667 1667 1750 1750 1750 1750 1750 1750 1748 1748 1748 1664 1664 1664 1745 1745 1745 1751 1751 1751 1746 1746 1746 1746 1746 1746 1744 1744 1744 1745 1745 1745 1669 1669 1669 1665 1665 1665 1749 1749 1749 1749 1749 1749 1752 1752 1752 1669 1669 1669 1725 1725 1725 1661 1661 1661 1660 1660 1660 1660 1660 1660 1742 1742 1742 1725 1725 1725 1753 1753 1753 1739 1739 1739 1742 1742 1742 1742 1742 1742 1660 1660 1660 1753 1753 1753 1731 1731 1731 1733 1733 1733 1754 1754 1754 1754 1754 1754 1745 1745 1745 1731 1731 1731 1733 1733 1733 1735 1735 1735 1755 1755 1755 1755 1755 1755 1754 1754 1754 1733 1733 1733 1735 1735 1735 1737 1737 1737 1756 1756 1756 1756 1756 1756 1755 1755 1755 1735 1735 1735 1754 1754 1754 1757 1757 1757 1751 1751 1751 1751 1751 1751 1745 1745 1745 1754 1754 1754 1758 1758 1758 1757 1757 1757 1754 1754 1754 1754 1754 1754 1755 1755 1755 1758 1758 1758 1756 1756 1756 1759 1759 1759 1758 1758 1758 1758 1758 1758 1755 1755 1755 1756 1756 1756 1760 1760 1760 1753 1753 1753 1660 1660 1660 1660 1660 1660 1662 1662 1662 1760 1760 1760 1752 1752 1752 1761 1761 1761 1762 1762 1762 1762 1762 1762 1669 1669 1669 1752 1752 1752 1761 1761 1761 1763 1763 1763 1764 1764 1764 1764 1764 1764 1762 1762 1762 1761 1761 1761 1765 1765 1765 1672 1672 1672 1674 1674 1674 1674 1674 1674 1766 1766 1766 1765 1765 1765 1767 1767 1767 1676 1676 1676 1672 1672 1672 1672 1672 1672 1765 1765 1765 1767 1767 1767 1762 1762 1762 1768 1768 1768 1671 1671 1671 1671 1671 1671 1669 1669 1669 1762 1762 1762 1769 1769 1769 1768 1768 1768 1762 1762 1762 1762 1762 1762 1764 1764 1764 1769 1769 1769 1770 1770 1770 1679 1679 1679 1681 1681 1681 1681 1681 1681 1771 1771 1771 1770 1770 1770 1680 1680 1680 1679 1679 1679 1770 1770 1770 1770 1770 1770 1772 1772 1772 1680 1680 1680 1773 1773 1773 1770 1770 1770 1771 1771 1771 1771 1771 1771 1774 1774 1774 1773 1773 1773 1772 1772 1772 1770 1770 1770 1773 1773 1773 1773 1773 1773 1775 1775 1775 1772 1772 1772 1685 1685 1685 1680 1680 1680 1772 1772 1772 1772 1772 1772 1686 1686 1686 1685 1685 1685 1686 1686 1686 1772 1772 1772 1775 1775 1775 1775 1775 1775 1689 1689 1689 1686 1686 1686 1776 1776 1776 1683 1683 1683 1684 1684 1684 1684 1684 1684 1777 1777 1777 1776 1776 1776 1777 1777 1777 1684 1684 1684 1692 1692 1692 1692 1692 1692 1778 1778 1778 1777 1777 1777 1695 1695 1695 1693 1693 1693 1670 1670 1670 1670 1670 1670 1671 1671 1671 1695 1695 1695 1693 1693 1693 1696 1696 1696 1779 1779 1779 1682 1682 1682 1694 1694 1694 1780 1780 1780 1780 1780 1780 1692 1692 1692 1682 1682 1682 1781 1781 1781 1695 1695 1695 1671 1671 1671 1671 1671 1671 1768 1768 1768 1781 1781 1781 1696 1696 1696 1695 1695 1695 1781 1781 1781 1781 1781 1781 1782 1782 1782 1696 1696 1696 1783 1783 1783 1781 1781 1781 1768 1768 1768 1768 1768 1768 1769 1769 1769 1783 1783 1783 1783 1783 1783 1784 1784 1784 1782 1782 1782 1782 1782 1782 1781 1781 1781 1783 1783 1783 1785 1785 1785 1675 1675 1675 1697 1697 1697 1697 1697 1697 1698 1698 1698 1785 1785 1785 1698 1698 1698 1786 1786 1786 1787 1787 1787 1787 1787 1787 1785 1785 1785 1698 1698 1698 1690 1690 1690 1786 1786 1786 1698 1698 1698 1702 1702 1702 1701 1701 1701 1788 1788 1788 1788 1788 1788 1789 1789 1789 1702 1702 1702 1790 1790 1790 1791 1791 1791 1779 1779 1779 1779 1779 1779 1696 1696 1696 1790 1790 1790 1789 1789 1789 1705 1705 1705 1704 1704 1704 1704 1704 1704 1702 1702 1702 1789 1789 1789 1707 1707 1707 1790 1790 1790 1696 1696 1696 1696 1696 1696 1782 1782 1782 1707 1707 1707 1707 1707 1707 1782 1782 1782 1784 1784 1784 1784 1784 1784 1708 1708 1708 1707 1707 1707 1703 1703 1703 1702 1702 1702 1704 1704 1704 1704 1704 1704 1792 1792 1792 1703 1703 1703 1786 1786 1786 1793 1793 1793 1794 1794 1794 1794 1794 1794 1787 1787 1787 1786 1786 1786 1792 1792 1792 1704 1704 1704 1706 1706 1706 1706 1706 1706 1795 1795 1795 1792 1792 1792 1705 1705 1705 1796 1796 1796 1797 1797 1797 1797 1797 1797 1706 1706 1706 1705 1705 1705 1790 1790 1790 1707 1707 1707 1709 1709 1709 1709 1709 1709 1798 1798 1798 1790 1790 1790 1799 1799 1799 1794 1794 1794 1793 1793 1793 1793 1793 1793 1800 1800 1800 1799 1799 1799 1801 1801 1801 1802 1802 1802 1803 1803 1803 1803 1803 1803 1804 1804 1804 1801 1801 1801 1805 1805 1805 1803 1803 1803 1802 1802 1802 1802 1802 1802 1714 1714 1714 1805 1805 1805 1804 1804 1804 1806 1806 1806 1710 1710 1710 1710 1710 1710 1801 1801 1801 1804 1804 1804 1802 1802 1802 1801 1801 1801 1807 1807 1807 1807 1807 1807 1808 1808 1808 1802 1802 1802 1801 1801 1801 1710 1710 1710 1712 1712 1712 1712 1712 1712 1807 1807 1807 1801 1801 1801 1809 1809 1809 1714 1714 1714 1802 1802 1802 1802 1802 1802 1808 1808 1808 1809 1809 1809 1712 1712 1712 1809 1809 1809 1808 1808 1808 1808 1808 1808 1807 1807 1807 1712 1712 1712 1713 1713 1713 1715 1715 1715 1810 1810 1810 1810 1810 1810 1811 1811 1811 1713 1713 1713 1710 1710 1710 1806 1806 1806 1812 1812 1812 1812 1812 1812 1711 1711 1711 1710 1710 1710 1811 1811 1811 1813 1813 1813 1814 1814 1814 1814 1814 1814 1713 1713 1713 1811 1811 1811 1691 1691 1691 1697 1697 1697 1677 1677 1677 1676 1676 1676 1767 1767 1767 1815 1815 1815 1815 1815 1815 1678 1678 1678 1676 1676 1676 1714 1714 1714 1713 1713 1713 1814 1814 1814 1814 1814 1814 1805 1805 1805 1714 1714 1714 1796 1796 1796 1705 1705 1705 1789 1789 1789 1789 1789 1789 1816 1816 1816 1796 1796 1796 1817 1817 1817 1793 1793 1793 1786 1786 1786 1786 1786 1786 1818 1818 1818 1817 1817 1817 1819 1819 1819 1800 1800 1800 1793 1793 1793 1793 1793 1793 1817 1817 1817 1819 1819 1819 1791 1791 1791 1790 1790 1790 1798 1798 1798 1798 1798 1798 1820 1820 1820 1791 1791 1791 1690 1690 1690 1818 1818 1818 1786 1786 1786 1816 1816 1816 1789 1789 1789 1788 1788 1788 1788 1788 1788 1821 1821 1821 1816 1816 1816 1822 1822 1822 1823 1823 1823 1796 1796 1796 1796 1796 1796 1816 1816 1816 1822 1822 1822 1824 1824 1824 1822 1822 1822 1816 1816 1816 1816 1816 1816 1821 1821 1821 1824 1824 1824 1825 1825 1825 1826 1826 1826 1818 1818 1818 1818 1818 1818 1690 1690 1690 1825 1825 1825 1827 1827 1827 1817 1817 1817 1818 1818 1818 1818 1818 1818 1826 1826 1826 1827 1827 1827 1828 1828 1828 1829 1829 1829 1823 1823 1823 1823 1823 1823 1822 1822 1822 1828 1828 1828 1824 1824 1824 1830 1830 1830 1828 1828 1828 1828 1828 1828 1822 1822 1822 1824 1824 1824 1693 1693 1693 1779 1779 1779 1831 1831 1831 1831 1831 1831 1832 1832 1832 1693 1693 1693 1831 1831 1831 1779 1779 1779 1791 1791 1791 1791 1791 1791 1833 1833 1833 1831 1831 1831 1823 1823 1823 1829 1829 1829 1797 1797 1797 1797 1797 1797 1796 1796 1796 1823 1823 1823 1819 1819 1819 1817 1817 1817 1827 1827 1827 1820 1820 1820 1833 1833 1833 1791 1791 1791 1592 1592 1592 1585 1585 1585 1615 1615 1615 1615 1615 1615 1585 1585 1585 1590 1590 1590 1595 1595 1595 1476 1476 1476 1478 1478 1478 581 581 581 1454 1454 1454 1534 1534 1534 1534 1534 1534 582 582 582 581 581 581 1452 1452 1452 1454 1454 1454 581 581 581 581 581 581 583 583 583 1452 1452 1452 1537 1537 1537 584 584 584 582 582 582 582 582 582 1534 1534 1534 1537 1537 1537 1347 1347 1347 1340 1340 1340 1834 1834 1834 1416 1416 1416 1417 1417 1417 1835 1835 1835 1835 1835 1835 1836 1836 1836 1416 1416 1416 1570 1570 1570 1567 1567 1567 1566 1566 1566 1422 1422 1422 1420 1420 1420 1480 1480 1480 1422 1422 1422 1480 1480 1480 1479 1479 1479 1837 1837 1837 1838 1838 1838 1839 1839 1839 1839 1839 1839 1840 1840 1840 1837 1837 1837 1841 1841 1841 1837 1837 1837 1842 1842 1842 1840 1840 1840 1842 1842 1842 1837 1837 1837 1843 1843 1843 1844 1844 1844 1845 1845 1845 1846 1846 1846 1843 1843 1843 1847 1847 1847 1847 1847 1847 1848 1848 1848 1846 1846 1846 1849 1849 1849 1850 1850 1850 1851 1851 1851 1852 1852 1852 1853 1853 1853 1854 1854 1854 1855 1855 1855 1856 1856 1856 1840 1840 1840 1857 1857 1857 1858 1858 1858 610 610 610 610 610 610 609 609 609 1857 1857 1857 1857 1857 1857 1845 1845 1845 1859 1859 1859 1859 1859 1859 1858 1858 1858 1857 1857 1857 1859 1859 1859 1860 1860 1860 1858 1858 1858 614 614 614 610 610 610 1858 1858 1858 1858 1858 1858 1861 1861 1861 614 614 614 1862 1862 1862 1863 1863 1863 1864 1864 1864 1863 1863 1863 1865 1865 1865 1866 1866 1866 1866 1866 1866 1867 1867 1867 1863 1863 1863 1867 1867 1867 1866 1866 1866 1868 1868 1868 1869 1869 1869 1860 1860 1860 1859 1859 1859 1859 1859 1859 1870 1870 1870 1869 1869 1869 1871 1871 1871 1841 1841 1841 1852 1852 1852 1838 1838 1838 1872 1872 1872 1873 1873 1873 1873 1873 1873 1839 1839 1839 1838 1838 1838 1870 1870 1870 1859 1859 1859 1845 1845 1845 1857 1857 1857 1849 1849 1849 1851 1851 1851 1851 1851 1851 1845 1845 1845 1857 1857 1857 1857 1857 1857 609 609 609 628 628 628 628 628 628 1849 1849 1849 1857 1857 1857 1848 1848 1848 1866 1866 1866 1865 1865 1865 1865 1865 1865 1874 1874 1874 1848 1848 1848 1848 1848 1848 1875 1875 1875 1846 1846 1846 1846 1846 1846 1844 1844 1844 1843 1843 1843 1866 1866 1866 1848 1848 1848 1847 1847 1847 1847 1847 1847 1868 1868 1868 1866 1866 1866 1867 1867 1867 1868 1868 1868 1876 1876 1876 1876 1876 1876 1877 1877 1877 1867 1867 1867 1876 1876 1876 1868 1868 1868 1878 1878 1878 1878 1878 1878 1868 1868 1868 1847 1847 1847 1847 1847 1847 1879 1879 1879 1878 1878 1878 1880 1880 1880 1879 1879 1879 1843 1843 1843 1843 1843 1843 1845 1845 1845 1851 1851 1851 1851 1851 1851 1880 1880 1880 1843 1843 1843 636 636 636 1850 1850 1850 1849 1849 1849 1849 1849 1849 628 628 628 636 636 636 1881 1881 1881 1839 1839 1839 1873 1873 1873 1873 1873 1873 1882 1882 1882 1881 1881 1881 1841 1841 1841 1853 1853 1853 1852 1852 1852 1875 1875 1875 1869 1869 1869 1870 1870 1870 1870 1870 1870 1844 1844 1844 1875 1875 1875 1853 1853 1853 1841 1841 1841 1842 1842 1842 1842 1842 1842 1883 1883 1883 1853 1853 1853 1856 1856 1856 1883 1883 1883 1842 1842 1842 1842 1842 1842 1840 1840 1840 1856 1856 1856 1839 1839 1839 1881 1881 1881 1855 1855 1855 1855 1855 1855 1840 1840 1840 1839 1839 1839 1479 1479 1479 1884 1884 1884 1422 1422 1422 1421 1421 1421 1422 1422 1422 1884 1884 1884 1884 1884 1884 1482 1482 1482 1421 1421 1421 1482 1482 1482 1485 1485 1485 1423 1423 1423 1485 1485 1485 1425 1425 1425 1423 1423 1423 1479 1479 1479 1481 1481 1481 1484 1484 1484 1885 1885 1885 1886 1886 1886 1887 1887 1887 1888 1888 1888 1889 1889 1889 1890 1890 1890 1891 1891 1891 1892 1892 1892 1885 1885 1885 1885 1885 1885 1887 1887 1887 1891 1891 1891 649 649 649 651 651 651 1893 1893 1893 1894 1894 1894 1895 1895 1895 1896 1896 1896 1896 1896 1896 1897 1897 1897 1894 1894 1894 1898 1898 1898 1899 1899 1899 1900 1900 1900 1901 1901 1901 1898 1898 1898 1900 1900 1900 1902 1902 1902 662 662 662 1903 1903 1903 1902 1902 1902 663 663 663 662 662 662 1904 1904 1904 1903 1903 1903 1905 1905 1905 1906 1906 1906 1902 1902 1902 1903 1903 1903 1903 1903 1903 1904 1904 1904 1906 1906 1906 1905 1905 1905 1907 1907 1907 1908 1908 1908 1904 1904 1904 1909 1909 1909 1906 1906 1906 1909 1909 1909 1910 1910 1910 1906 1906 1906 1910 1910 1910 1911 1911 1911 1912 1912 1912 1913 1913 1913 1914 1914 1914 1915 1915 1915 1916 1916 1916 1917 1917 1917 1913 1913 1913 1918 1918 1918 1916 1916 1916 1915 1915 1915 1919 1919 1919 1920 1920 1920 1921 1921 1921 1922 1922 1922 1923 1923 1923 1893 1893 1893 1923 1923 1923 1922 1922 1922 1924 1924 1924 1922 1922 1922 1925 1925 1925 1924 1924 1924 1924 1924 1924 1926 1926 1926 1923 1923 1923 1925 1925 1925 1927 1927 1927 1924 1924 1924 1928 1928 1928 1927 1927 1927 1925 1925 1925 1926 1926 1926 1924 1924 1924 1929 1929 1929 1927 1927 1927 1929 1929 1929 1924 1924 1924 1930 1930 1930 1926 1926 1926 1931 1931 1931 1929 1929 1929 1931 1931 1931 1926 1926 1926 1931 1931 1931 1932 1932 1932 1930 1930 1930 1900 1900 1900 1933 1933 1933 1934 1934 1934 1900 1900 1900 1934 1934 1934 1935 1935 1935 1936 1936 1936 1901 1901 1901 1935 1935 1935 1936 1936 1936 1935 1935 1935 1937 1937 1937 1937 1937 1937 1935 1935 1935 1938 1938 1938 1934 1934 1934 1939 1939 1939 1935 1935 1935 1939 1939 1939 1938 1938 1938 1935 1935 1935 1940 1940 1940 1939 1939 1939 1934 1934 1934 1941 1941 1941 1942 1942 1942 1943 1943 1943 1944 1944 1944 1940 1940 1940 1934 1934 1934 1934 1934 1934 1933 1933 1933 1944 1944 1944 1939 1939 1939 1940 1940 1940 1945 1945 1945 1941 1941 1941 1943 1943 1943 1946 1946 1946 1933 1933 1933 1947 1947 1947 1944 1944 1944 1948 1948 1948 1940 1940 1940 1944 1944 1944 1949 1949 1949 1950 1950 1950 1951 1951 1951 1951 1951 1951 1952 1952 1952 1949 1949 1949 1932 1932 1932 1931 1931 1931 1953 1953 1953 1929 1929 1929 1927 1927 1927 1954 1954 1954 1955 1955 1955 717 717 717 1956 1956 1956 1957 1957 1957 1958 1958 1958 1959 1959 1959 1960 1960 1960 1961 1961 1961 1962 1962 1962 1960 1960 1960 1957 1957 1957 1953 1953 1953 1959 1959 1959 1953 1953 1953 1957 1957 1957 1963 1963 1963 1964 1964 1964 1946 1946 1946 1965 1965 1965 1966 1966 1966 1967 1967 1967 1968 1968 1968 1969 1969 1969 1970 1970 1970 1970 1970 1970 1971 1971 1971 1968 1968 1968 1972 1972 1972 1968 1968 1968 1971 1971 1971 1973 1973 1973 1974 1974 1974 1975 1975 1975 1974 1974 1974 1976 1976 1976 1975 1975 1975 1976 1976 1976 1977 1977 1977 1975 1975 1975 1977 1977 1977 1978 1978 1978 1975 1975 1975 1979 1979 1979 1980 1980 1980 1981 1981 1981 1982 1982 1982 1979 1979 1979 1981 1981 1981 1983 1983 1983 1965 1965 1965 1984 1984 1984 1967 1967 1967 1984 1984 1984 1965 1965 1965 1967 1967 1967 1985 1985 1985 1984 1984 1984 1945 1945 1945 1940 1940 1940 1986 1986 1986 1948 1948 1948 1986 1986 1986 1940 1940 1940 1987 1987 1987 1988 1988 1988 1989 1989 1989 1990 1990 1990 1991 1991 1991 1988 1988 1988 1988 1988 1988 1987 1987 1987 1990 1990 1990 1992 1992 1992 1991 1991 1991 1993 1993 1993 1990 1990 1990 1994 1994 1994 1991 1991 1991 1994 1994 1994 1993 1993 1993 1991 1991 1991 1986 1986 1986 1948 1948 1948 1995 1995 1995 1986 1986 1986 1995 1995 1995 1996 1996 1996 1989 1989 1989 1997 1997 1997 1998 1998 1998 1998 1998 1998 1987 1987 1987 1989 1989 1989 1994 1994 1994 1990 1990 1990 1999 1999 1999 1998 1998 1998 2000 2000 2000 2001 2001 2001 2002 2002 2002 2001 2001 2001 2000 2000 2000 1987 1987 1987 1998 1998 1998 2001 2001 2001 1990 1990 1990 1987 1987 1987 2003 2003 2003 2001 2001 2001 2003 2003 2003 1987 1987 1987 2003 2003 2003 2004 2004 2004 1990 1990 1990 1999 1999 1999 1990 1990 1990 2004 2004 2004 1999 1999 1999 2005 2005 2005 1994 1994 1994 1993 1993 1993 1994 1994 1994 2005 2005 2005 2006 2006 2006 2007 2007 2007 2008 2008 2008 2008 2008 2008 2009 2009 2009 2006 2006 2006 2010 2010 2010 2006 2006 2006 2009 2009 2009 2011 2011 2011 2012 2012 2012 2013 2013 2013 2014 2014 2014 2011 2011 2011 2015 2015 2015 777 777 777 2011 2011 2011 2016 2016 2016 2014 2014 2014 2016 2016 2016 2011 2011 2011 2016 2016 2016 779 779 779 777 777 777 2017 2017 2017 2018 2018 2018 2019 2019 2019 2019 2019 2019 2020 2020 2020 2017 2017 2017 2019 2019 2019 2021 2021 2021 2022 2022 2022 2022 2022 2022 2020 2020 2020 2019 2019 2019 2023 2023 2023 2024 2024 2024 2025 2025 2025 2025 2025 2025 2026 2026 2026 2023 2023 2023 2024 2024 2024 1886 1886 1886 2027 2027 2027 2027 2027 2027 2025 2025 2025 2024 2024 2024 2028 2028 2028 2029 2029 2029 2017 2017 2017 2021 2021 2021 2030 2030 2030 2031 2031 2031 2031 2031 2031 2022 2022 2022 2021 2021 2021 2027 2027 2027 1886 1886 1886 2032 2032 2032 2032 2032 2032 2033 2033 2033 2027 2027 2027 2031 2031 2031 2030 2030 2030 2034 2034 2034 2034 2034 2034 2035 2035 2035 2031 2031 2031 2033 2033 2033 2032 2032 2032 2036 2036 2036 2036 2036 2036 2037 2037 2037 2033 2033 2033 2035 2035 2035 2034 2034 2034 2038 2038 2038 2038 2038 2038 2039 2039 2039 2035 2035 2035 2037 2037 2037 2036 2036 2036 2040 2040 2040 2040 2040 2040 2041 2041 2041 2037 2037 2037 2038 2038 2038 2042 2042 2042 2043 2043 2043 2043 2043 2043 2039 2039 2039 2038 2038 2038 2040 2040 2040 2044 2044 2044 2045 2045 2045 2045 2045 2045 2041 2041 2041 2040 2040 2040 2046 2046 2046 2047 2047 2047 2042 2042 2042 2042 2042 2042 2045 2045 2045 2046 2046 2046 2046 2046 2046 2045 2045 2045 2044 2044 2044 2047 2047 2047 2046 2046 2046 2048 2048 2048 2048 2048 2048 2049 2049 2049 2047 2047 2047 2046 2046 2046 2044 2044 2044 2050 2050 2050 2050 2050 2050 2048 2048 2048 2046 2046 2046 2049 2049 2049 2048 2048 2048 2051 2051 2051 2051 2051 2051 2052 2052 2052 2049 2049 2049 2048 2048 2048 2050 2050 2050 2053 2053 2053 2053 2053 2053 2051 2051 2051 2048 2048 2048 2054 2054 2054 2026 2026 2026 2029 2029 2029 2029 2029 2029 2055 2055 2055 2054 2054 2054 2023 2023 2023 2026 2026 2026 2054 2054 2054 2054 2054 2054 1905 1905 1905 2023 2023 2023 2056 2056 2056 2057 2057 2057 2054 2054 2054 2054 2054 2054 2055 2055 2055 2056 2056 2056 2057 2057 2057 1907 1907 1907 1905 1905 1905 1905 1905 1905 2054 2054 2054 2057 2057 2057 2058 2058 2058 2059 2059 2059 2057 2057 2057 2057 2057 2057 2056 2056 2056 2058 2058 2058 2059 2059 2059 2060 2060 2060 1907 1907 1907 1907 1907 1907 2057 2057 2057 2059 2059 2059 2059 2059 2059 2058 2058 2058 2052 2052 2052 2052 2052 2052 2051 2051 2051 2059 2059 2059 2051 2051 2051 2053 2053 2053 2060 2060 2060 2060 2060 2060 2059 2059 2059 2051 2051 2051 2061 2061 2061 2024 2024 2024 2023 2023 2023 2023 2023 2023 2062 2062 2062 2061 2061 2061 1887 1887 1887 1886 1886 1886 2024 2024 2024 2024 2024 2024 2061 2061 2061 1887 1887 1887 2062 2062 2062 2023 2023 2023 1905 1905 1905 1905 1905 1905 1903 1903 1903 2062 2062 2062 826 826 826 2061 2061 2061 2062 2062 2062 2062 2062 2062 827 827 827 826 826 826 1903 1903 1903 828 828 828 827 827 827 827 827 827 2062 2062 2062 1903 1903 1903 829 829 829 1887 1887 1887 2061 2061 2061 2061 2061 2061 826 826 826 829 829 829 1885 1885 1885 2063 2063 2063 2032 2032 2032 2032 2032 2032 1886 1886 1886 1885 1885 1885 2036 2036 2036 2032 2032 2032 2063 2063 2063 2063 2063 2063 1888 1888 1888 2036 2036 2036 2036 2036 2036 1888 1888 1888 1890 1890 1890 1890 1890 1890 2040 2040 2040 2036 2036 2036 2040 2040 2040 1890 1890 1890 2064 2064 2064 2064 2064 2064 2044 2044 2044 2040 2040 2040 832 832 832 1891 1891 1891 1887 1887 1887 1887 1887 1887 829 829 829 832 832 832 2063 2063 2063 1885 1885 1885 1892 1892 1892 1892 1892 1892 2065 2065 2065 2063 2063 2063 1888 1888 1888 2063 2063 2063 2065 2065 2065 2065 2065 2065 1889 1889 1889 1888 1888 1888 828 828 828 1903 1903 1903 662 662 662 832 832 832 835 835 835 2066 2066 2066 2066 2066 2066 1891 1891 1891 832 832 832 1891 1891 1891 2066 2066 2066 2067 2067 2067 2067 2067 2067 1892 1892 1892 1891 1891 1891 1892 1892 1892 2067 2067 2067 2068 2068 2068 2068 2068 2068 2065 2065 2065 1892 1892 1892 2065 2065 2065 2068 2068 2068 2069 2069 2069 2069 2069 2069 1889 1889 1889 2065 2065 2065 1894 1894 1894 1890 1890 1890 1889 1889 1889 1889 1889 1889 2069 2069 2069 1894 1894 1894 1890 1890 1890 1894 1894 1894 1897 1897 1897 1897 1897 1897 2064 2064 2064 1890 1890 1890 835 835 835 840 840 840 2070 2070 2070 2070 2070 2070 2066 2066 2066 835 835 835 2066 2066 2066 2070 2070 2070 2067 2067 2067 2067 2067 2067 2070 2070 2070 2071 2071 2071 2071 2071 2071 2068 2068 2068 2067 2067 2067 2072 2072 2072 2073 2073 2073 2074 2074 2074 2074 2074 2074 2075 2075 2075 2072 2072 2072 2075 2075 2075 649 649 649 1893 1893 1893 1893 1893 1893 2072 2072 2072 2075 2075 2075 2068 2068 2068 2071 2071 2071 2076 2076 2076 2076 2076 2076 2069 2069 2069 2068 2068 2068 2077 2077 2077 2074 2074 2074 2073 2073 2073 2073 2073 2073 1899 1899 1899 2077 2077 2077 2076 2076 2076 1895 1895 1895 1894 1894 1894 1894 1894 1894 2069 2069 2069 2076 2076 2076 2077 2077 2077 1899 1899 1899 1898 1898 1898 1905 1905 1905 1908 1908 1908 2078 2078 2078 2078 2078 2078 1904 1904 1904 1905 1905 1905 2060 2060 2060 2079 2079 2079 1908 1908 1908 1908 1908 1908 1907 1907 1907 2060 2060 2060 2080 2080 2080 2079 2079 2079 2060 2060 2060 2060 2060 2060 2053 2053 2053 2080 2080 2080 2081 2081 2081 2080 2080 2080 2053 2053 2053 2053 2053 2053 2050 2050 2050 2081 2081 2081 2050 2050 2050 2044 2044 2044 2064 2064 2064 2064 2064 2064 2081 2081 2081 2050 2050 2050 2082 2082 2082 2083 2083 2083 2064 2064 2064 2064 2064 2064 1897 1897 1897 2082 2082 2082 2081 2081 2081 2064 2064 2064 2083 2083 2083 2083 2083 2083 2084 2084 2084 2081 2081 2081 2085 2085 2085 2082 2082 2082 1897 1897 1897 1897 1897 1897 1896 1896 1896 2085 2085 2085 663 663 663 1902 1902 1902 1912 1912 1912 1912 1912 1912 856 856 856 663 663 663 2078 2078 2078 2086 2086 2086 1909 1909 1909 1909 1909 1909 1904 1904 1904 2078 2078 2078 1908 1908 1908 2087 2087 2087 2086 2086 2086 2086 2086 2086 2078 2078 2078 1908 1908 1908 1908 1908 1908 2079 2079 2079 2088 2088 2088 2088 2088 2088 2087 2087 2087 1908 1908 1908 2089 2089 2089 1910 1910 1910 1909 1909 1909 1909 1909 1909 2086 2086 2086 2089 2089 2089 2086 2086 2086 2087 2087 2087 2090 2090 2090 2090 2090 2090 2089 2089 2089 2086 2086 2086 1912 1912 1912 1911 1911 1911 862 862 862 862 862 862 856 856 856 1912 1912 1912 1911 1911 1911 1910 1910 1910 2089 2089 2089 2089 2089 2089 2091 2091 2091 1911 1911 1911 2089 2089 2089 2090 2090 2090 2092 2092 2092 2092 2092 2092 2091 2091 2091 2089 2089 2089 865 865 865 862 862 862 1911 1911 1911 1911 1911 1911 2091 2091 2091 865 865 865 865 865 865 2091 2091 2091 2092 2092 2092 2092 2092 2092 866 866 866 865 865 865 2093 2093 2093 868 868 868 866 866 866 866 866 866 2092 2092 2092 2093 2093 2093 2090 2090 2090 2094 2094 2094 2093 2093 2093 2093 2093 2093 2092 2092 2092 2090 2090 2090 868 868 868 2093 2093 2093 2095 2095 2095 2095 2095 2095 870 870 870 868 868 868 2095 2095 2095 2093 2093 2093 2094 2094 2094 2094 2094 2094 2096 2096 2096 2095 2095 2095 2090 2090 2090 2087 2087 2087 2097 2097 2097 2097 2097 2097 2094 2094 2094 2090 2090 2090 2087 2087 2087 2088 2088 2088 2098 2098 2098 2098 2098 2098 2097 2097 2097 2087 2087 2087 2096 2096 2096 2094 2094 2094 2097 2097 2097 2097 2097 2097 2099 2099 2099 2096 2096 2096 2097 2097 2097 2098 2098 2098 2099 2099 2099 2088 2088 2088 2100 2100 2100 2101 2101 2101 2101 2101 2101 2098 2098 2098 2088 2088 2088 2098 2098 2098 2101 2101 2101 2102 2102 2102 2088 2088 2088 2079 2079 2079 2103 2103 2103 2103 2103 2103 2100 2100 2100 2088 2088 2088 870 870 870 2095 2095 2095 2104 2104 2104 2104 2104 2104 880 880 880 870 870 870 2105 2105 2105 2104 2104 2104 2095 2095 2095 2095 2095 2095 2096 2096 2096 2105 2105 2105 2105 2105 2105 2096 2096 2096 2099 2099 2099 2099 2099 2099 2106 2106 2106 2105 2105 2105 2106 2106 2106 2099 2099 2099 2102 2102 2102 884 884 884 887 887 887 2107 2107 2107 2107 2107 2107 2108 2108 2108 884 884 884 2109 2109 2109 2108 2108 2108 2107 2107 2107 2107 2107 2107 2110 2110 2110 2109 2109 2109 2111 2111 2111 2109 2109 2109 2110 2110 2110 2110 2110 2110 2112 2112 2112 2111 2111 2111 2113 2113 2113 2111 2111 2111 2102 2102 2102 2102 2102 2102 2101 2101 2101 2113 2113 2113 2101 2101 2101 2100 2100 2100 2114 2114 2114 2114 2114 2114 2113 2113 2113 2101 2101 2101 2100 2100 2100 2103 2103 2103 2115 2115 2115 2115 2115 2115 2114 2114 2114 2100 2100 2100 2108 2108 2108 2116 2116 2116 895 895 895 895 895 895 884 884 884 2108 2108 2108 2109 2109 2109 2116 2116 2116 2108 2108 2108 2109 2109 2109 2111 2111 2111 2117 2117 2117 2117 2117 2117 2116 2116 2116 2109 2109 2109 2113 2113 2113 2114 2114 2114 2118 2118 2118 2118 2118 2118 2117 2117 2117 2113 2113 2113 2114 2114 2114 2115 2115 2115 2119 2119 2119 2119 2119 2119 2118 2118 2118 2114 2114 2114 2116 2116 2116 2120 2120 2120 900 900 900 900 900 900 895 895 895 2116 2116 2116 2117 2117 2117 2118 2118 2118 2120 2120 2120 2120 2120 2120 2116 2116 2116 2117 2117 2117 2120 2120 2120 2121 2121 2121 902 902 902 902 902 902 900 900 900 2120 2120 2120 2079 2079 2079 2080 2080 2080 2122 2122 2122 2122 2122 2122 2103 2103 2103 2079 2079 2079 2103 2103 2103 2122 2122 2122 2123 2123 2123 2123 2123 2123 2115 2115 2115 2103 2103 2103 2084 2084 2084 2122 2122 2122 2080 2080 2080 2080 2080 2080 2081 2081 2081 2084 2084 2084 2124 2124 2124 2123 2123 2123 2122 2122 2122 2122 2122 2122 2084 2084 2084 2124 2124 2124 2121 2121 2121 2125 2125 2125 907 907 907 907 907 907 902 902 902 2121 2121 2121 2120 2120 2120 2118 2118 2118 2119 2119 2119 2119 2119 2119 2121 2121 2121 2120 2120 2120 2119 2119 2119 2126 2126 2126 2125 2125 2125 2125 2125 2125 2121 2121 2121 2119 2119 2119 2115 2115 2115 2123 2123 2123 2126 2126 2126 2126 2126 2126 2119 2119 2119 2115 2115 2115 2127 2127 2127 2126 2126 2126 2123 2123 2123 2123 2123 2123 2128 2128 2128 2127 2127 2127 2123 2123 2123 2124 2124 2124 2129 2129 2129 2129 2129 2129 2128 2128 2128 2123 2123 2123 2125 2125 2125 2127 2127 2127 913 913 913 2127 2127 2127 2128 2128 2128 2130 2130 2130 2130 2130 2130 2131 2131 2131 2127 2127 2127 2130 2130 2130 2128 2128 2128 2129 2129 2129 2129 2129 2129 2132 2132 2132 2130 2130 2130 2082 2082 2082 2085 2085 2085 1915 1915 1915 1915 1915 1915 1914 1914 1914 2082 2082 2082 2082 2082 2082 1914 1914 1914 2133 2133 2133 2133 2133 2133 2083 2083 2083 2082 2082 2082 2133 2133 2133 2124 2124 2124 2084 2084 2084 2084 2084 2084 2083 2083 2083 2133 2133 2133 2124 2124 2124 2133 2133 2133 2134 2134 2134 2134 2134 2134 2129 2129 2129 2124 2124 2124 2134 2134 2134 2135 2135 2135 2132 2132 2132 2132 2132 2132 2129 2129 2129 2134 2134 2134 2136 2136 2136 2134 2134 2134 2133 2133 2133 2133 2133 2133 1914 1914 1914 2136 2136 2136 2137 2137 2137 2138 2138 2138 2135 2135 2135 2137 2137 2137 2135 2135 2135 2134 2134 2134 2137 2137 2137 2134 2134 2134 2136 2136 2136 1914 1914 1914 1913 1913 1913 2136 2136 2136 2136 2136 2136 1913 1913 1913 2137 2137 2137 1916 1916 1916 1913 1913 1913 1915 1915 1915 1917 1917 1917 2137 2137 2137 1913 1913 1913 2131 2131 2131 2139 2139 2139 924 924 924 924 924 924 923 923 923 2131 2131 2131 2131 2131 2131 2130 2130 2130 2140 2140 2140 2140 2140 2140 2139 2139 2139 2131 2131 2131 2132 2132 2132 2141 2141 2141 2140 2140 2140 2140 2140 2140 2130 2130 2130 2132 2132 2132 2132 2132 2132 2135 2135 2135 2142 2142 2142 2142 2142 2142 2141 2141 2141 2132 2132 2132 2135 2135 2135 2138 2138 2138 2143 2143 2143 2143 2143 2143 2142 2142 2142 2135 2135 2135 2137 2137 2137 2144 2144 2144 2138 2138 2138 1917 1917 1917 2145 2145 2145 2144 2144 2144 2144 2144 2144 2137 2137 2137 1917 1917 1917 1949 1949 1949 2146 2146 2146 1920 1920 1920 2146 2146 2146 2147 2147 2147 2148 2148 2148 2148 2148 2148 1920 1920 1920 2146 2146 2146 1893 1893 1893 651 651 651 1922 1922 1922 2149 2149 2149 2072 2072 2072 1893 1893 1893 1893 1893 1893 1923 1923 1923 2149 2149 2149 2072 2072 2072 2149 2149 2149 2150 2150 2150 2150 2150 2150 2073 2073 2073 2072 2072 2072 2073 2073 2073 2150 2150 2150 2151 2151 2151 2151 2151 2151 1899 1899 1899 2073 2073 2073 1899 1899 1899 2151 2151 2151 1933 1933 1933 1933 1933 1933 1900 1900 1900 1899 1899 1899 651 651 651 938 938 938 1925 1925 1925 1925 1925 1925 1922 1922 1922 651 651 651 1930 1930 1930 2149 2149 2149 1923 1923 1923 1923 1923 1923 1926 1926 1926 1930 1930 1930 2149 2149 2149 1930 1930 1930 2152 2152 2152 2152 2152 2152 2150 2150 2150 2149 2149 2149 2152 2152 2152 2153 2153 2153 2151 2151 2151 2151 2151 2151 2150 2150 2150 2152 2152 2152 1933 1933 1933 2151 2151 2151 2153 2153 2153 2153 2153 2153 1947 1947 1947 1933 1933 1933 1928 1928 1928 1925 1925 1925 938 938 938 1930 1930 1930 1932 1932 1932 2152 2152 2152 2152 2152 2152 1932 1932 1932 1959 1959 1959 1959 1959 1959 2153 2153 2153 2152 2152 2152 2154 2154 2154 1937 1937 1937 1938 1938 1938 1938 1938 1938 2155 2155 2155 2154 2154 2154 1958 1958 1958 1944 1944 1944 1947 1947 1947 1944 1944 1944 1958 1958 1958 2156 2156 2156 2156 2156 2156 1948 1948 1948 1944 1944 1944 2157 2157 2157 1942 1942 1942 2158 2158 2158 2157 2157 2157 2158 2158 2158 1950 1950 1950 1951 1951 1951 1950 1950 1950 2158 2158 2158 2158 2158 2158 2159 2159 2159 1951 1951 1951 2147 2147 2147 2146 2146 2146 1949 1949 1949 1949 1949 1949 1952 1952 1952 2147 2147 2147 2160 2160 2160 2161 2161 2161 2162 2162 2162 2162 2162 2162 2163 2163 2163 2160 2160 2160 1951 1951 1951 2159 2159 2159 1969 1969 1969 1969 1969 1969 1968 1968 1968 1951 1951 1951 1951 1951 1951 1968 1968 1968 1972 1972 1972 1972 1972 1972 1952 1952 1952 1951 1951 1951 2159 2159 2159 1965 1965 1965 2164 2164 2164 2164 2164 2164 1969 1969 1969 2159 2159 2159 1966 1966 1966 1965 1965 1965 2159 2159 2159 2159 2159 2159 2158 2158 2158 1966 1966 1966 1964 1964 1964 1966 1966 1966 2158 2158 2158 2158 2158 2158 1941 1941 1941 1964 1964 1964 1959 1959 1959 1932 1932 1932 1953 1953 1953 1931 1931 1931 1929 1929 1929 1954 1954 1954 1954 1954 1954 1953 1953 1953 1931 1931 1931 1954 1954 1954 1927 1927 1927 1928 1928 1928 1928 1928 1928 1955 1955 1955 1954 1954 1954 2165 2165 2165 2156 2156 2156 1958 1958 1958 1958 1958 1958 1957 1957 1957 2165 2165 2165 2166 2166 2166 955 955 955 954 954 954 954 954 954 1962 1962 1962 2166 2166 2166 1961 1961 1961 1960 1960 1960 1954 1954 1954 1954 1954 1954 1955 1955 1955 1961 1961 1961 1962 1962 1962 2165 2165 2165 1957 1957 1957 1957 1957 1957 1960 1960 1960 1962 1962 1962 1963 1963 1963 1967 1967 1967 1966 1966 1966 1966 1966 1966 1964 1964 1964 1963 1963 1963 2167 2167 2167 1970 1970 1970 1969 1969 1969 1969 1969 1969 2164 2164 2164 2167 2167 2167 2168 2168 2168 1970 1970 1970 2167 2167 2167 2169 2169 2169 2167 2167 2167 2170 2170 2170 2170 2170 2170 2167 2167 2167 2164 2164 2164 1977 1977 1977 1970 1970 1970 2168 2168 2168 1977 1977 1977 1976 1976 1976 1971 1971 1971 1971 1971 1971 1970 1970 1970 1977 1977 1977 2162 2162 2162 2147 2147 2147 1952 1952 1952 1952 1952 1952 1972 1972 1972 2162 2162 2162 1972 1972 1972 1971 1971 1971 2163 2163 2163 2163 2163 2163 2162 2162 2162 1972 1972 1972 1974 1974 1974 2163 2163 2163 1971 1971 1971 1971 1971 1971 1976 1976 1976 1974 1974 1974 2163 2163 2163 2171 2171 2171 2160 2160 2160 1974 1974 1974 1973 1973 1973 2171 2171 2171 2171 2171 2171 2163 2163 2163 1974 1974 1974 2164 2164 2164 1965 1965 1965 1981 1981 1981 1981 1981 1981 1980 1980 1980 2164 2164 2164 1983 1983 1983 1981 1981 1981 1965 1965 1965 2172 2172 2172 1982 1982 1982 1981 1981 1981 1981 1981 1981 1983 1983 1983 2172 2172 2172 1983 1983 1983 1984 1984 1984 2173 2173 2173 2173 2173 2173 2172 2172 2172 1983 1983 1983 1985 1985 1985 2173 2173 2173 1984 1984 1984 1996 1996 1996 2174 2174 2174 1986 1986 1986 2174 2174 2174 1996 1996 1996 1997 1997 1997 1997 1997 1997 1989 1989 1989 2174 2174 2174 1962 1962 1962 954 954 954 965 965 965 965 965 965 2175 2175 2175 1962 1962 1962 2165 2165 2165 1962 1962 1962 2175 2175 2175 2175 2175 2175 2176 2176 2176 2165 2165 2165 2156 2156 2156 2165 2165 2165 2176 2176 2176 2176 2176 2176 2177 2177 2177 2156 2156 2156 1948 1948 1948 2156 2156 2156 2177 2177 2177 2177 2177 2177 1995 1995 1995 1948 1948 1948 2176 2176 2176 2175 2175 2175 2178 2178 2178 2178 2178 2178 2177 2177 2177 2176 2176 2176 2178 2178 2178 2179 2179 2179 1995 1995 1995 1995 1995 1995 2177 2177 2177 2178 2178 2178 2179 2179 2179 2180 2180 2180 1996 1996 1996 1996 1996 1996 1995 1995 1995 2179 2179 2179 2178 2178 2178 972 972 972 971 971 971 971 971 971 2179 2179 2179 2178 2178 2178 2179 2179 2179 971 971 971 973 973 973 973 973 973 2180 2180 2180 2179 2179 2179 2175 2175 2175 965 965 965 972 972 972 972 972 972 2178 2178 2178 2175 2175 2175 974 974 974 2181 2181 2181 2180 2180 2180 2180 2180 2180 973 973 973 974 974 974 1996 1996 1996 2180 2180 2180 2181 2181 2181 2181 2181 2181 1997 1997 1997 1996 1996 1996 2000 2000 2000 1998 1998 1998 1997 1997 1997 1997 1997 1997 2181 2181 2181 2000 2000 2000 976 976 976 2000 2000 2000 2181 2181 2181 2181 2181 2181 974 974 974 976 976 976 976 976 976 977 977 977 2002 2002 2002 2002 2002 2002 2000 2000 2000 976 976 976 977 977 977 978 978 978 2007 2007 2007 2007 2007 2007 2002 2002 2002 977 977 977 2001 2001 2001 2002 2002 2002 2007 2007 2007 2007 2007 2007 2006 2006 2006 2001 2001 2001 2006 2006 2006 2010 2010 2010 2003 2003 2003 2003 2003 2003 2001 2001 2001 2006 2006 2006 2004 2004 2004 2003 2003 2003 2010 2010 2010 2010 2010 2010 2182 2182 2182 2004 2004 2004 2183 2183 2183 2004 2004 2004 2182 2182 2182 2182 2182 2182 2013 2013 2013 2183 2183 2183 1999 1999 1999 2004 2004 2004 2183 2183 2183 2183 2183 2183 2005 2005 2005 1999 1999 1999 2184 2184 2184 2183 2183 2183 2013 2013 2013 2013 2013 2013 2012 2012 2012 2184 2184 2184 2005 2005 2005 2183 2183 2183 2184 2184 2184 2184 2184 2184 2185 2185 2185 2005 2005 2005 2186 2186 2186 1993 1993 1993 2005 2005 2005 2005 2005 2005 2185 2185 2185 2186 2186 2186 2012 2012 2012 985 985 985 984 984 984 984 984 984 2184 2184 2184 2012 2012 2012 984 984 984 986 986 986 2185 2185 2185 2185 2185 2185 2184 2184 2184 984 984 984 2186 2186 2186 2185 2185 2185 986 986 986 986 986 986 987 987 987 2186 2186 2186 2187 2187 2187 2007 2007 2007 978 978 978 978 978 978 989 989 989 2187 2187 2187 2007 2007 2007 2187 2187 2187 2008 2008 2008 2188 2188 2188 2187 2187 2187 989 989 989 989 989 989 991 991 991 2188 2188 2188 2189 2189 2189 2008 2008 2008 2187 2187 2187 2187 2187 2187 2188 2188 2188 2189 2189 2189 2009 2009 2009 2008 2008 2008 2189 2189 2189 2189 2189 2189 2190 2190 2190 2009 2009 2009 2182 2182 2182 2010 2010 2010 2009 2009 2009 2009 2009 2009 2190 2190 2190 2182 2182 2182 2147 2147 2147 2162 2162 2162 2191 2191 2191 2191 2191 2191 2148 2148 2148 2147 2147 2147 1912 1912 1912 1902 1902 1902 1906 1906 1906 1906 1906 1906 1910 1910 1910 1912 1912 1912 2126 2126 2126 2127 2127 2127 2125 2125 2125 2145 2145 2145 1917 1917 1917 1916 1916 1916 1916 1916 1916 1918 1918 1918 2145 2145 2145 1959 1959 1959 1958 1958 1958 1947 1947 1947 1947 1947 1947 2153 2153 2153 1959 1959 1959 1919 1919 1919 2157 2157 2157 1950 1950 1950 1950 1950 1950 1949 1949 1949 1919 1919 1919 1941 1941 1941 1946 1946 1946 1964 1964 1964 1955 1955 1955 1928 1928 1928 717 717 717 1953 1953 1953 1954 1954 1954 1960 1960 1960 2015 2015 2015 2011 2011 2011 2013 2013 2013 2013 2013 2013 2182 2182 2182 2015 2015 2015 985 985 985 2012 2012 2012 2011 2011 2011 2011 2011 2011 777 777 777 985 985 985 1985 1985 1985 1967 1967 1967 1963 1963 1963 2192 2192 2192 998 998 998 997 997 997 997 997 997 2193 2193 2193 2192 2192 2192 2192 2192 2192 2193 2193 2193 2194 2194 2194 2194 2194 2194 2195 2195 2195 2192 2192 2192 2195 2195 2195 2194 2194 2194 2196 2196 2196 2196 2196 2196 2197 2197 2197 2195 2195 2195 2198 2198 2198 2199 2199 2199 2197 2197 2197 2197 2197 2197 2196 2196 2196 2198 2198 2198 2200 2200 2200 2201 2201 2201 1007 1007 1007 1007 1007 1007 1006 1006 1006 2200 2200 2200 2200 2200 2200 2202 2202 2202 2203 2203 2203 2203 2203 2203 2201 2201 2201 2200 2200 2200 2202 2202 2202 2204 2204 2204 2205 2205 2205 2205 2205 2205 2203 2203 2203 2202 2202 2202 2205 2205 2205 2204 2204 2204 2199 2199 2199 2199 2199 2199 2198 2198 2198 2205 2205 2205 2102 2102 2102 2111 2111 2111 2112 2112 2112 2111 2111 2111 2113 2113 2113 2117 2117 2117 2099 2099 2099 2098 2098 2098 2102 2102 2102 2206 2206 2206 2207 2207 2207 2208 2208 2208 2208 2208 2208 2209 2209 2209 2206 2206 2206 2210 2210 2210 2211 2211 2211 1019 1019 1019 1019 1019 1019 1018 1018 1018 2210 2210 2210 2206 2206 2206 2209 2209 2209 2211 2211 2211 2211 2211 2211 2210 2210 2210 2206 2206 2206 2212 2212 2212 2213 2213 2213 2207 2207 2207 2207 2207 2207 2206 2206 2206 2214 2214 2214 2214 2214 2214 2212 2212 2212 2207 2207 2207 1024 1024 1024 2215 2215 2215 2210 2210 2210 2210 2210 2210 1018 1018 1018 1024 1024 1024 2215 2215 2215 2214 2214 2214 2206 2206 2206 2206 2206 2206 2210 2210 2210 2215 2215 2215 2207 2207 2207 2213 2213 2213 2208 2208 2208 2215 2215 2215 1024 1024 1024 998 998 998 998 998 998 2192 2192 2192 2215 2215 2215 2195 2195 2195 2214 2214 2214 2215 2215 2215 2215 2215 2215 2192 2192 2192 2195 2195 2195 2212 2212 2212 2214 2214 2214 2195 2195 2195 2195 2195 2195 2197 2197 2197 2212 2212 2212 2213 2213 2213 2212 2212 2212 2197 2197 2197 2197 2197 2197 2199 2199 2199 2213 2213 2213 1006 1006 1006 1019 1019 1019 2211 2211 2211 2211 2211 2211 2200 2200 2200 1006 1006 1006 2211 2211 2211 2209 2209 2209 2202 2202 2202 2202 2202 2202 2200 2200 2200 2211 2211 2211 2202 2202 2202 2209 2209 2209 2208 2208 2208 2208 2208 2208 2204 2204 2204 2202 2202 2202 2204 2204 2204 2208 2208 2208 2213 2213 2213 2213 2213 2213 2199 2199 2199 2204 2204 2204 2216 2216 2216 2217 2217 2217 2218 2218 2218 2219 2219 2219 2217 2217 2217 2216 2216 2216 2218 2218 2218 2217 2217 2217 2029 2029 2029 2220 2220 2220 2217 2217 2217 2219 2219 2219 2221 2221 2221 2217 2217 2217 2220 2220 2220 2222 2222 2222 2217 2217 2217 2221 2221 2221 2223 2223 2223 2217 2217 2217 2222 2222 2222 2047 2047 2047 2217 2217 2217 2223 2223 2223 2049 2049 2049 2217 2217 2217 2047 2047 2047 2052 2052 2052 2217 2217 2217 2049 2049 2049 2029 2029 2029 2217 2217 2217 2055 2055 2055 2055 2055 2055 2217 2217 2217 2056 2056 2056 2056 2056 2056 2217 2217 2217 2058 2058 2058 2058 2058 2058 2217 2217 2217 2052 2052 2052 2167 2167 2167 2169 2169 2169 2168 2168 2168 2170 2170 2170 2164 2164 2164 1980 1980 1980 2224 2224 2224 1978 1978 1978 2168 2168 2168 1977 1977 1977 2168 2168 2168 1978 1978 1978 2168 2168 2168 2169 2169 2169 2224 2224 2224 2166 2166 2166 1962 1962 1962 1961 1961 1961 1955 1955 1955 1956 1956 1956 1961 1961 1961 1864 1864 1864 1863 1863 1863 1867 1867 1867 1429 1429 1429 1431 1431 1431 1433 1433 1433 1845 1845 1845 1844 1844 1844 1870 1870 1870 1843 1843 1843 1879 1879 1879 1847 1847 1847 2225 2225 2225 2226 2226 2226 2227 2227 2227 2227 2227 2227 2226 2226 2226 2228 2228 2228 2228 2228 2228 2229 2229 2229 2227 2227 2227 2230 2230 2230 2229 2229 2229 2228 2228 2228 2226 2226 2226 2225 2225 2225 2231 2231 2231 2231 2231 2231 2232 2232 2232 2233 2233 2233 2234 2234 2234 2235 2235 2235 2230 2230 2230 2230 2230 2230 2236 2236 2236 2234 2234 2234 2235 2235 2235 2234 2234 2234 2237 2237 2237 2237 2237 2237 2238 2238 2238 2235 2235 2235 2239 2239 2239 2240 2240 2240 2241 2241 2241 2240 2240 2240 2239 2239 2239 2242 2242 2242 2240 2240 2240 2242 2242 2242 2238 2238 2238 2238 2238 2238 2237 2237 2237 2240 2240 2240 2243 2243 2243 2244 2244 2244 2234 2234 2234 2234 2234 2234 2236 2236 2236 2243 2243 2243 2245 2245 2245 2243 2243 2243 2233 2233 2233 2245 2245 2245 2233 2233 2233 2232 2232 2232 2228 2228 2228 2233 2233 2233 2236 2236 2236 2233 2233 2233 2228 2228 2228 2226 2226 2226 2226 2226 2226 2231 2231 2231 2233 2233 2233 2244 2244 2244 2246 2246 2246 2237 2237 2237 2237 2237 2237 2234 2234 2234 2244 2244 2244 2240 2240 2240 2237 2237 2237 2246 2246 2246 2246 2246 2246 2241 2241 2241 2240 2240 2240 2232 2232 2232 2231 2231 2231 2227 2227 2227 2227 2227 2227 2229 2229 2229 2232 2232 2232 2231 2231 2231 2225 2225 2225 2227 2227 2227 2247 2247 2247 2248 2248 2248 2249 2249 2249 2229 2229 2229 2250 2250 2250 2248 2248 2248 2248 2248 2248 2247 2247 2247 2251 2251 2251 2251 2251 2251 2252 2252 2252 2253 2253 2253 2254 2254 2254 2245 2245 2245 2253 2253 2253 2254 2254 2254 2253 2253 2253 2252 2252 2252 2232 2232 2232 2248 2248 2248 2253 2253 2253 2252 2252 2252 2251 2251 2251 2249 2249 2249 2249 2249 2249 2250 2250 2250 2252 2252 2252 2251 2251 2251 2247 2247 2247 2249 2249 2249 2255 2255 2255 2256 2256 2256 2257 2257 2257 2257 2257 2257 2256 2256 2256 2250 2250 2250 2250 2250 2250 2258 2258 2258 2257 2257 2257 2256 2256 2256 2255 2255 2255 2259 2259 2259 2259 2259 2259 2260 2260 2260 2261 2261 2261 2262 2262 2262 2254 2254 2254 2261 2261 2261 2262 2262 2262 2261 2261 2261 2260 2260 2260 2261 2261 2261 2252 2252 2252 2256 2256 2256 2260 2260 2260 2259 2259 2259 2257 2257 2257 2257 2257 2257 2258 2258 2258 2260 2260 2260 2259 2259 2259 2255 2255 2255 2257 2257 2257 2250 2250 2250 2256 2256 2256 2252 2252 2252 2261 2261 2261 2254 2254 2254 2252 2252 2252 2260 2260 2260 2263 2263 2263 2262 2262 2262 2258 2258 2258 2263 2263 2263 2260 2260 2260 2261 2261 2261 2256 2256 2256 2259 2259 2259 2229 2229 2229 2248 2248 2248 2232 2232 2232 2253 2253 2253 2248 2248 2248 2251 2251 2251 2253 2253 2253 2245 2245 2245 2232 2232 2232 2233 2233 2233 2243 2243 2243 2236 2236 2236 2230 2230 2230 2228 2228 2228 2236 2236 2236 2248 2248 2248 2250 2250 2250 2249 2249 2249 2264 2264 2264 2265 2265 2265 2266 2266 2266 2264 2264 2264 2267 2267 2267 2265 2265 2265 2264 2264 2264 2268 2268 2268 2267 2267 2267 2264 2264 2264 2269 2269 2269 2270 2270 2270 2264 2264 2264 2271 2271 2271 2269 2269 2269 2264 2264 2264 2266 2266 2266 2271 2271 2271 2265 2265 2265 2272 2272 2272 2273 2273 2273 2273 2273 2273 2266 2266 2266 2265 2265 2265 2267 2267 2267 2274 2274 2274 2272 2272 2272 2272 2272 2272 2265 2265 2265 2267 2267 2267 2267 2267 2267 2268 2268 2268 2275 2275 2275 2275 2275 2275 2274 2274 2274 2267 2267 2267 2276 2276 2276 2270 2270 2270 2269 2269 2269 2269 2269 2269 2277 2277 2277 2276 2276 2276 2269 2269 2269 2271 2271 2271 2278 2278 2278 2278 2278 2278 2277 2277 2277 2269 2269 2269 2266 2266 2266 2273 2273 2273 2278 2278 2278 2278 2278 2278 2271 2271 2271 2266 2266 2266 2272 2272 2272 2279 2279 2279 2280 2280 2280 2280 2280 2280 2273 2273 2273 2272 2272 2272 2279 2279 2279 2272 2272 2272 2274 2274 2274 2274 2274 2274 2281 2281 2281 2279 2279 2279 2275 2275 2275 2282 2282 2282 2281 2281 2281 2281 2281 2281 2274 2274 2274 2275 2275 2275 2277 2277 2277 2283 2283 2283 2284 2284 2284 2284 2284 2284 2276 2276 2276 2277 2277 2277 2277 2277 2277 2278 2278 2278 2285 2285 2285 2285 2285 2285 2283 2283 2283 2277 2277 2277 2273 2273 2273 2280 2280 2280 2285 2285 2285 2285 2285 2285 2278 2278 2278 2273 2273 2273 2286 2286 2286 2280 2280 2280 2279 2279 2279 2279 2279 2279 2287 2287 2287 2286 2286 2286 2287 2287 2287 2279 2279 2279 2281 2281 2281 2281 2281 2281 2288 2288 2288 2287 2287 2287 2288 2288 2288 2281 2281 2281 2282 2282 2282 2282 2282 2282 2289 2289 2289 2288 2288 2288 2284 2284 2284 2283 2283 2283 2290 2290 2290 2290 2290 2290 2291 2291 2291 2284 2284 2284 2283 2283 2283 2285 2285 2285 2292 2292 2292 2292 2292 2292 2290 2290 2290 2283 2283 2283 2280 2280 2280 2286 2286 2286 2292 2292 2292 2292 2292 2292 2285 2285 2285 2280 2280 2280 2293 2293 2293 2286 2286 2286 2287 2287 2287 2287 2287 2287 2294 2294 2294 2293 2293 2293 2294 2294 2294 2287 2287 2287 2288 2288 2288 2288 2288 2288 2295 2295 2295 2294 2294 2294 2295 2295 2295 2288 2288 2288 2289 2289 2289 2289 2289 2289 2296 2296 2296 2295 2295 2295 2291 2291 2291 2290 2290 2290 2297 2297 2297 2297 2297 2297 2298 2298 2298 2291 2291 2291 2292 2292 2292 2299 2299 2299 2297 2297 2297 2297 2297 2297 2290 2290 2290 2292 2292 2292 2286 2286 2286 2293 2293 2293 2299 2299 2299 2299 2299 2299 2292 2292 2292 2286 2286 2286 2294 2294 2294 2300 2300 2300 2301 2301 2301 2301 2301 2301 2293 2293 2293 2294 2294 2294 2300 2300 2300 2294 2294 2294 2295 2295 2295 2295 2295 2295 2302 2302 2302 2300 2300 2300 2302 2302 2302 2295 2295 2295 2296 2296 2296 2296 2296 2296 2303 2303 2303 2302 2302 2302 2298 2298 2298 2297 2297 2297 2304 2304 2304 2304 2304 2304 2305 2305 2305 2298 2298 2298 2299 2299 2299 2306 2306 2306 2304 2304 2304 2304 2304 2304 2297 2297 2297 2299 2299 2299 2293 2293 2293 2301 2301 2301 2306 2306 2306 2306 2306 2306 2299 2299 2299 2293 2293 2293 2300 2300 2300 2307 2307 2307 2308 2308 2308 2308 2308 2308 2301 2301 2301 2300 2300 2300 2302 2302 2302 2309 2309 2309 2307 2307 2307 2307 2307 2307 2300 2300 2300 2302 2302 2302 2309 2309 2309 2302 2302 2302 2303 2303 2303 2303 2303 2303 2310 2310 2310 2309 2309 2309 2305 2305 2305 2304 2304 2304 2311 2311 2311 2311 2311 2311 2312 2312 2312 2305 2305 2305 2306 2306 2306 2313 2313 2313 2311 2311 2311 2311 2311 2311 2304 2304 2304 2306 2306 2306 2301 2301 2301 2308 2308 2308 2313 2313 2313 2313 2313 2313 2306 2306 2306 2301 2301 2301 2314 2314 2314 2308 2308 2308 2307 2307 2307 2314 2314 2314 2307 2307 2307 2309 2309 2309 2314 2314 2314 2309 2309 2309 2310 2310 2310 2314 2314 2314 2312 2312 2312 2311 2311 2311 2314 2314 2314 2311 2311 2311 2313 2313 2313 2314 2314 2314 2313 2313 2313 2308 2308 2308 2191 2191 2191 2162 2162 2162 2161 2161 2161 1928 1928 1928 938 938 938 717 717 717 1875 1875 1875 1844 1844 1844 1846 1846 1846 2158 2158 2158 1942 1942 1942 1941 1941 1941 2315 2315 2315 2316 2316 2316 2317 2317 2317 2318 2318 2318 2317 2317 2317 2316 2316 2316 2319 2319 2319 2320 2320 2320 2321 2321 2321 2322 2322 2322 2321 2321 2321 2320 2320 2320 2323 2323 2323 2324 2324 2324 2325 2325 2325 2326 2326 2326 2327 2327 2327 2328 2328 2328 2329 2329 2329 2330 2330 2330 2331 2331 2331 2329 2329 2329 2331 2331 2331 2332 2332 2332 2333 2333 2333 2334 2334 2334 2335 2335 2335 2336 2336 2336 2334 2334 2334 2333 2333 2333 2337 2337 2337 2321 2321 2321 2322 2322 2322 2322 2322 2322 2338 2338 2338 2337 2337 2337 2318 2318 2318 2316 2316 2316 2337 2337 2337 2337 2337 2337 2338 2338 2338 2318 2318 2318 2337 2337 2337 2316 2316 2316 2339 2339 2339 2339 2339 2339 2340 2340 2340 2337 2337 2337 2315 2315 2315 2341 2341 2341 2339 2339 2339 2339 2339 2339 2316 2316 2316 2315 2315 2315 2342 2342 2342 2343 2343 2343 2344 2344 2344 2344 2344 2344 2345 2345 2345 2342 2342 2342 2324 2324 2324 2343 2343 2343 2342 2342 2342 2342 2342 2342 2325 2325 2325 2324 2324 2324 2325 2325 2325 2342 2342 2342 2346 2346 2346 2346 2346 2346 2347 2347 2347 2325 2325 2325 2346 2346 2346 2342 2342 2342 2345 2345 2345 2345 2345 2345 2348 2348 2348 2346 2346 2346 2344 2344 2344 2349 2349 2349 2350 2350 2350 2350 2350 2350 2345 2345 2345 2344 2344 2344 2349 2349 2349 2351 2351 2351 2352 2352 2352 2352 2352 2352 2350 2350 2350 2349 2349 2349 2351 2351 2351 2353 2353 2353 2354 2354 2354 2354 2354 2354 2352 2352 2352 2351 2351 2351 2355 2355 2355 2321 2321 2321 2337 2337 2337 2337 2337 2337 2340 2340 2340 2355 2355 2355 2319 2319 2319 2321 2321 2321 2355 2355 2355 2355 2355 2355 2356 2356 2356 2319 2319 2319 2357 2357 2357 2358 2358 2358 2359 2359 2359 2359 2359 2359 2360 2360 2360 2357 2357 2357 2357 2357 2357 2361 2361 2361 2362 2362 2362 2362 2362 2362 2358 2358 2358 2357 2357 2357 2354 2354 2354 2353 2353 2353 2362 2362 2362 2362 2362 2362 2361 2361 2361 2354 2354 2354 2356 2356 2356 2355 2355 2355 2340 2340 2340 2340 2340 2340 2363 2363 2363 2356 2356 2356 2328 2328 2328 2360 2360 2360 2359 2359 2359 2359 2359 2359 2326 2326 2326 2328 2328 2328 2340 2340 2340 2339 2339 2339 2341 2341 2341 2341 2341 2341 2363 2363 2363 2340 2340 2340 2347 2347 2347 2364 2364 2364 2325 2325 2325 2323 2323 2323 2327 2327 2327 2326 2326 2326 2326 2326 2326 2324 2324 2324 2323 2323 2323 2365 2365 2365 2327 2327 2327 2323 2323 2323 2323 2323 2323 2364 2364 2364 2365 2365 2365 2327 2327 2327 2365 2365 2365 2366 2366 2366 2327 2327 2327 2366 2366 2366 2328 2328 2328 2367 2367 2367 2360 2360 2360 2328 2328 2328 2328 2328 2328 2366 2366 2366 2367 2367 2367 2360 2360 2360 2367 2367 2367 2357 2357 2357 2365 2365 2365 2364 2364 2364 2368 2368 2368 2368 2368 2368 2369 2369 2369 2365 2365 2365 2366 2366 2366 2365 2365 2365 2369 2369 2369 2369 2369 2369 2370 2370 2370 2366 2366 2366 2364 2364 2364 2347 2347 2347 2371 2371 2371 2371 2371 2371 2368 2368 2368 2364 2364 2364 2370 2370 2370 2372 2372 2372 2367 2367 2367 2367 2367 2367 2366 2366 2366 2370 2370 2370 2373 2373 2373 2367 2367 2367 2372 2372 2372 2372 2372 2372 2374 2374 2374 2373 2373 2373 2375 2375 2375 2361 2361 2361 2357 2357 2357 2357 2357 2357 2373 2373 2373 2375 2375 2375 2375 2375 2375 2373 2373 2373 2374 2374 2374 2374 2374 2374 2376 2376 2376 2375 2375 2375 2347 2347 2347 2346 2346 2346 2377 2377 2377 2377 2377 2377 2371 2371 2371 2347 2347 2347 2348 2348 2348 2378 2378 2378 2377 2377 2377 2377 2377 2377 2346 2346 2346 2348 2348 2348 2378 2378 2378 2348 2348 2348 2330 2330 2330 2330 2330 2330 2379 2379 2379 2378 2378 2378 2330 2330 2330 2348 2348 2348 2345 2345 2345 2345 2345 2345 2331 2331 2331 2330 2330 2330 2380 2380 2380 2381 2381 2381 2331 2331 2331 2331 2331 2331 2345 2345 2345 2380 2380 2380 2350 2350 2350 2382 2382 2382 2380 2380 2380 2380 2380 2380 2345 2345 2345 2350 2350 2350 2383 2383 2383 2384 2384 2384 2385 2385 2385 2385 2385 2385 2386 2386 2386 2383 2383 2383 2331 2331 2331 2381 2381 2381 2387 2387 2387 2387 2387 2387 2332 2332 2332 2331 2331 2331 2388 2388 2388 2385 2385 2385 2384 2384 2384 2384 2384 2384 2389 2389 2389 2388 2388 2388 2330 2330 2330 2329 2329 2329 2390 2390 2390 2390 2390 2390 2379 2379 2379 2330 2330 2330 2352 2352 2352 2391 2391 2391 2382 2382 2382 2382 2382 2382 2350 2350 2350 2352 2352 2352 2384 2384 2384 2383 2383 2383 2392 2392 2392 2392 2392 2392 2393 2393 2393 2384 2384 2384 2352 2352 2352 2354 2354 2354 2394 2394 2394 2394 2394 2394 2391 2391 2391 2352 2352 2352 2392 2392 2392 2395 2395 2395 2396 2396 2396 2396 2396 2396 2393 2393 2393 2392 2392 2392 2397 2397 2397 2394 2394 2394 2354 2354 2354 2354 2354 2354 2361 2361 2361 2397 2397 2397 2336 2336 2336 2333 2333 2333 2398 2398 2398 2398 2398 2398 2399 2399 2399 2336 2336 2336 2333 2333 2333 2400 2400 2400 2401 2401 2401 2401 2401 2401 2398 2398 2398 2333 2333 2333 2399 2399 2399 2402 2402 2402 2403 2403 2403 2403 2403 2403 2336 2336 2336 2399 2399 2399 2404 2404 2404 2396 2396 2396 2395 2395 2395 2395 2395 2395 2405 2405 2405 2404 2404 2404 2406 2406 2406 2400 2400 2400 2333 2333 2333 2333 2333 2333 2335 2335 2335 2406 2406 2406 2396 2396 2396 2404 2404 2404 2407 2407 2407 2407 2407 2407 2408 2408 2408 2396 2396 2396 2332 2332 2332 2387 2387 2387 2409 2409 2409 2409 2409 2409 2410 2410 2410 2332 2332 2332 2389 2389 2389 2411 2411 2411 2412 2412 2412 2412 2412 2412 2388 2388 2388 2389 2389 2389 2332 2332 2332 2410 2410 2410 2413 2413 2413 2413 2413 2413 2329 2329 2329 2332 2332 2332 2413 2413 2413 2414 2414 2414 2390 2390 2390 2414 2414 2414 2413 2413 2413 2415 2415 2415 2410 2410 2410 2416 2416 2416 2415 2415 2415 2415 2415 2415 2413 2413 2413 2410 2410 2410 2409 2409 2409 2417 2417 2417 2416 2416 2416 2416 2416 2416 2410 2410 2410 2409 2409 2409 2418 2418 2418 2412 2412 2412 2411 2411 2411 2411 2411 2411 2419 2419 2419 2418 2418 2418 2417 2417 2417 2406 2406 2406 2335 2335 2335 2335 2335 2335 2416 2416 2416 2417 2417 2417 2420 2420 2420 2421 2421 2421 2418 2418 2418 2418 2418 2418 2419 2419 2419 2420 2420 2420 2334 2334 2334 2415 2415 2415 2416 2416 2416 2416 2416 2416 2335 2335 2335 2334 2334 2334 2414 2414 2414 2415 2415 2415 2422 2422 2422 2336 2336 2336 2403 2403 2403 2422 2422 2422 2422 2422 2422 2334 2334 2334 2336 2336 2336 2384 2384 2384 2393 2393 2393 2423 2423 2423 2423 2423 2423 2424 2424 2424 2384 2384 2384 2424 2424 2424 2425 2425 2425 2389 2389 2389 2389 2389 2389 2384 2384 2384 2424 2424 2424 2389 2389 2389 2425 2425 2425 2426 2426 2426 2426 2426 2426 2411 2411 2411 2389 2389 2389 2427 2427 2427 2419 2419 2419 2411 2411 2411 2411 2411 2411 2426 2426 2426 2427 2427 2427 2419 2419 2419 2427 2427 2427 2428 2428 2428 2428 2428 2428 2420 2420 2420 2419 2419 2419 2429 2429 2429 2396 2396 2396 2408 2408 2408 2408 2408 2408 2430 2430 2430 2429 2429 2429 2423 2423 2423 2393 2393 2393 2396 2396 2396 2396 2396 2396 2429 2429 2429 2423 2423 2423 2431 2431 2431 2423 2423 2423 2429 2429 2429 2429 2429 2429 2432 2432 2432 2431 2431 2431 2433 2433 2433 2424 2424 2424 2423 2423 2423 2423 2423 2423 2431 2431 2431 2433 2433 2433 2425 2425 2425 2424 2424 2424 2433 2433 2433 2433 2433 2433 2434 2434 2434 2425 2425 2425 2426 2426 2426 2425 2425 2425 2434 2434 2434 2434 2434 2434 2435 2435 2435 2426 2426 2426 2436 2436 2436 2427 2427 2427 2426 2426 2426 2426 2426 2426 2435 2435 2435 2436 2436 2436 2437 2437 2437 2428 2428 2428 2427 2427 2427 2427 2427 2427 2436 2436 2436 2437 2437 2437 2432 2432 2432 2429 2429 2429 2430 2430 2430 2430 2430 2430 2438 2438 2438 2432 2432 2432 2431 2431 2431 2432 2432 2432 2439 2439 2439 2439 2439 2439 2440 2440 2440 2431 2431 2431 2433 2433 2433 2431 2431 2431 2440 2440 2440 2440 2440 2440 2441 2441 2441 2433 2433 2433 2441 2441 2441 2442 2442 2442 2434 2434 2434 2434 2434 2434 2433 2433 2433 2441 2441 2441 2442 2442 2442 2443 2443 2443 2435 2435 2435 2435 2435 2435 2434 2434 2434 2442 2442 2442 2443 2443 2443 2444 2444 2444 2436 2436 2436 2436 2436 2436 2435 2435 2435 2443 2443 2443 2436 2436 2436 2444 2444 2444 2445 2445 2445 2445 2445 2445 2437 2437 2437 2436 2436 2436 2438 2438 2438 2446 2446 2446 2439 2439 2439 2439 2439 2439 2432 2432 2432 2438 2438 2438 2447 2447 2447 2448 2448 2448 2449 2449 2449 2450 2450 2450 2451 2451 2451 2452 2452 2452 2451 2451 2451 2450 2450 2450 2453 2453 2453 2453 2453 2453 2454 2454 2454 2451 2451 2451 2454 2454 2454 2453 2453 2453 2455 2455 2455 2455 2455 2455 2456 2456 2456 2454 2454 2454 2457 2457 2457 2456 2456 2456 2455 2455 2455 2455 2455 2455 2458 2458 2458 2457 2457 2457 2457 2457 2457 2458 2458 2458 2459 2459 2459 2459 2459 2459 2460 2460 2460 2457 2457 2457 2449 2449 2449 2460 2460 2460 2459 2459 2459 2449 2449 2449 2448 2448 2448 2460 2460 2460 2325 2325 2325 2364 2364 2364 2323 2323 2323 1630 1630 1630 1633 1633 1633 1272 1272 1272 1272 1272 1272 1271 1271 1271 1630 1630 1630 1427 1427 1427 1551 1551 1551 1550 1550 1550 1551 1551 1551 1432 1432 1432 1459 1459 1459 1553 1553 1553 1551 1551 1551 1459 1459 1459 2461 2461 2461 1276 1276 1276 1275 1275 1275 1275 1275 1275 2462 2462 2462 2461 2461 2461 2463 2463 2463 1278 1278 1278 1276 1276 1276 1276 1276 1276 2461 2461 2461 2463 2463 2463 1279 1279 1279 2464 2464 2464 2465 2465 2465 2465 2465 2465 1280 1280 1280 1279 1279 1279 1283 1283 1283 1280 1280 1280 2465 2465 2465 2465 2465 2465 2466 2466 2466 1283 1283 1283 2466 2466 2466 2465 2465 2465 2467 2467 2467 2467 2467 2467 2468 2468 2468 2466 2466 2466 2469 2469 2469 2461 2461 2461 2462 2462 2462 2462 2462 2462 2470 2470 2470 2469 2469 2469 2471 2471 2471 2463 2463 2463 2461 2461 2461 2461 2461 2461 2469 2469 2469 2471 2471 2471 2467 2467 2467 2465 2465 2465 2464 2464 2464 2464 2464 2464 2472 2472 2472 2467 2467 2467 2473 2473 2473 2474 2474 2474 2475 2475 2475 2475 2475 2475 2476 2476 2476 2473 2473 2473 2474 2474 2474 1296 1296 1296 1295 1295 1295 1295 1295 1295 2475 2475 2475 2474 2474 2474 2028 2028 2028 2017 2017 2017 2020 2020 2020 2020 2020 2020 2477 2477 2477 2028 2028 2028 2025 2025 2025 2019 2019 2019 2018 2018 2018 2018 2018 2018 2026 2026 2026 2025 2025 2025 2020 2020 2020 2022 2022 2022 2478 2478 2478 2478 2478 2478 2477 2477 2477 2020 2020 2020 2021 2021 2021 2019 2019 2019 2025 2025 2025 2025 2025 2025 2027 2027 2027 2021 2021 2021 2022 2022 2022 2031 2031 2031 2479 2479 2479 2479 2479 2479 2478 2478 2478 2022 2022 2022 2030 2030 2030 2021 2021 2021 2027 2027 2027 2027 2027 2027 2033 2033 2033 2030 2030 2030 2479 2479 2479 2031 2031 2031 2035 2035 2035 2035 2035 2035 2480 2480 2480 2479 2479 2479 2037 2037 2037 2034 2034 2034 2030 2030 2030 2030 2030 2030 2033 2033 2033 2037 2037 2037 2480 2480 2480 2035 2035 2035 2039 2039 2039 2039 2039 2039 2481 2481 2481 2480 2480 2480 2041 2041 2041 2038 2038 2038 2034 2034 2034 2034 2034 2034 2037 2037 2037 2041 2041 2041 2039 2039 2039 2043 2043 2043 2482 2482 2482 2482 2482 2482 2481 2481 2481 2039 2039 2039 2045 2045 2045 2042 2042 2042 2038 2038 2038 2038 2038 2038 2041 2041 2041 2045 2045 2045 2042 2042 2042 2047 2047 2047 2043 2043 2043 2043 2043 2043 2047 2047 2047 2482 2482 2482 2018 2018 2018 2029 2029 2029 2026 2026 2026 2017 2017 2017 2029 2029 2029 2018 2018 2018 2127 2127 2127 2131 2131 2131 923 923 923 923 923 923 913 913 913 2127 2127 2127 1949 1949 1949 1920 1920 1920 1919 1919 1919 2125 2125 2125 913 913 913 907 907 907 1335 1335 1335 1366 1366 1366 1375 1375 1375 1345 1345 1345 1344 1344 1344 2483 2483 2483 1354 1354 1354 1353 1353 1353 2484 2484 2484 1956 1956 1956 717 717 717 1305 1305 1305 1901 1901 1901 1900 1900 1900 1935 1935 1935 2357 2357 2357 2367 2367 2367 2373 2373 2373 2413 2413 2413 2390 2390 2390 2329 2329 2329 2422 2422 2422 2415 2415 2415 2334 2334 2334 2485 2485 2485 2486 2486 2486 2487 2487 2487 2488 2488 2488 2485 2485 2485 2487 2487 2487 2489 2489 2489 2488 2488 2488 2487 2487 2487 2490 2490 2490 2489 2489 2489 2487 2487 2487 2491 2491 2491 2490 2490 2490 2487 2487 2487 2492 2492 2492 2491 2491 2491 2487 2487 2487 2486 2486 2486 2493 2493 2493 2487 2487 2487 2494 2494 2494 2495 2495 2495 2487 2487 2487 2495 2495 2495 2496 2496 2496 2487 2487 2487 2496 2496 2496 2497 2497 2497 2487 2487 2487 2497 2497 2497 2498 2498 2498 2487 2487 2487 2498 2498 2498 2499 2499 2499 2487 2487 2487 2499 2499 2499 2492 2492 2492 2487 2487 2487 2493 2493 2493 2494 2494 2494 2487 2487 2487 489 489 489 472 472 472 475 475 475 475 475 475 486 486 486 489 489 489 1726 1726 1726 1725 1725 1725 1742 1742 1742 1742 1742 1742 1741 1741 1741 1726 1726 1726 463 463 463 464 464 464 475 475 475 475 475 475 474 474 474 463 463 463 477 477 477 465 465 465 463 463 463 463 463 463 474 474 474 477 477 477 479 479 479 466 466 466 465 465 465 465 465 465 477 477 477 479 479 479 481 481 481 467 467 467 466 466 466 466 466 466 479 479 479 481 481 481 483 483 483 468 468 468 467 467 467 467 467 467 481 481 481 483 483 483 469 469 469 468 468 468 483 483 483 483 483 483 485 485 485 469 469 469 471 471 471 470 470 470 487 487 487 487 487 487 486 486 486 471 471 471 1726 1726 1726 1717 1717 1717 1716 1716 1716 1716 1716 1716 1727 1727 1727 1726 1726 1726 1716 1716 1716 1718 1718 1718 1729 1729 1729 1729 1729 1729 1727 1727 1727 1716 1716 1716 1718 1718 1718 1719 1719 1719 1732 1732 1732 1732 1732 1732 1729 1729 1729 1718 1718 1718 1719 1719 1719 1720 1720 1720 1734 1734 1734 1734 1734 1734 1732 1732 1732 1719 1719 1719 1720 1720 1720 1721 1721 1721 1736 1736 1736 1736 1736 1736 1734 1734 1734 1720 1720 1720 1736 1736 1736 1721 1721 1721 1722 1722 1722 1722 1722 1722 1738 1738 1738 1736 1736 1736 1740 1740 1740 1724 1724 1724 1723 1723 1723 1723 1723 1723 1741 1741 1741 1740 1740 1740 359 359 359 363 363 363 362 362 362 362 362 362 360 360 360 359 359 359 366 366 366 1271 1271 1271 371 371 371 371 371 371 365 365 365 366 366 366 360 360 360 362 362 362 368 368 368 368 368 368 367 367 367 360 360 360 365 365 365 371 371 371 374 374 374 374 374 374 370 370 370 365 365 365 367 367 367 368 368 368 377 377 377 377 377 377 375 375 375 367 367 367 370 370 370 374 374 374 380 380 380 380 380 380 378 378 378 370 370 370 375 375 375 377 377 377 383 383 383 383 383 383 381 381 381 375 375 375 378 378 378 380 380 380 386 386 386 386 386 386 384 384 384 378 378 378 381 381 381 383 383 383 389 389 389 389 389 389 387 387 387 381 381 381 384 384 384 386 386 386 391 391 391 391 391 391 390 390 390 384 384 384 387 387 387 389 389 389 396 396 396 396 396 396 393 393 393 387 387 387 393 393 393 396 396 396 398 398 398 398 398 398 394 394 394 393 393 393 390 390 390 391 391 391 401 401 401 401 401 401 399 399 399 390 390 390 399 399 399 401 401 401 404 404 404 404 404 404 402 402 402 399 399 399 1622 1622 1622 1624 1624 1624 363 363 363 363 363 363 359 359 359 1622 1622 1622 1625 1625 1625 1630 1630 1630 1271 1271 1271 1271 1271 1271 366 366 366 1625 1625 1625 1626 1626 1626 1627 1627 1627 1624 1624 1624 1624 1624 1624 1622 1622 1622 1626 1626 1626 1629 1629 1629 1631 1631 1631 1630 1630 1630 1630 1630 1630 1625 1625 1625 1629 1629 1629 1634 1634 1634 1636 1636 1636 1627 1627 1627 1627 1627 1627 1626 1626 1626 1634 1634 1634 1637 1637 1637 1639 1639 1639 1631 1631 1631 1631 1631 1631 1629 1629 1629 1637 1637 1637 1640 1640 1640 1642 1642 1642 1636 1636 1636 1636 1636 1636 1634 1634 1634 1640 1640 1640 1643 1643 1643 1644 1644 1644 1639 1639 1639 1639 1639 1639 1637 1637 1637 1643 1643 1643 1646 1646 1646 1647 1647 1647 1642 1642 1642 1642 1642 1642 1640 1640 1640 1646 1646 1646 1649 1649 1649 1650 1650 1650 1644 1644 1644 1644 1644 1644 1643 1643 1643 1649 1649 1649 1652 1652 1652 1653 1653 1653 1647 1647 1647 1647 1647 1647 1646 1646 1646 1652 1652 1652 394 394 394 398 398 398 1653 1653 1653 1653 1653 1653 1652 1652 1652 394 394 394 1655 1655 1655 1656 1656 1656 1650 1650 1650 1650 1650 1650 1649 1649 1649 1655 1655 1655 402 402 402 404 404 404 1656 1656 1656 1656 1656 1656 1655 1655 1655 402 402 402 1278 1278 1278 1279 1279 1279 1282 1282 1282 1282 1282 1282 1277 1277 1277 1278 1278 1278 1283 1283 1283 1295 1295 1295 1293 1293 1293 1293 1293 1293 1284 1284 1284 1283 1283 1283 1284 1284 1284 1293 1293 1293 1292 1292 1292 1292 1292 1292 1285 1285 1285 1284 1284 1284 1277 1277 1277 1282 1282 1282 1290 1290 1290 1290 1290 1290 1289 1289 1289 1277 1277 1277 2463 2463 2463 2464 2464 2464 1279 1279 1279 1279 1279 1279 1278 1278 1278 2463 2463 2463 2466 2466 2466 2475 2475 2475 1295 1295 1295 1295 1295 1295 1283 1283 1283 2466 2466 2466 2468 2468 2468 2476 2476 2476 2475 2475 2475 2475 2475 2475 2466 2466 2466 2468 2468 2468 2471 2471 2471 2472 2472 2472 2464 2464 2464 2464 2464 2464 2463 2463 2463 2471 2471 2471 2500 2500 2500 2501 2501 2501 2502 2502 2502 2502 2502 2502 2503 2503 2503 2500 2500 2500 2504 2504 2504 2505 2505 2505 2506 2506 2506 2506 2506 2506 2507 2507 2507 2504 2504 2504 2508 2508 2508 2507 2507 2507 2506 2506 2506 2506 2506 2506 2509 2509 2509 2508 2508 2508 2509 2509 2509 2506 2506 2506 2510 2510 2510 2510 2510 2510 2511 2511 2511 2509 2509 2509 2512 2512 2512 2500 2500 2500 2503 2503 2503 2503 2503 2503 2513 2513 2513 2512 2512 2512 2510 2510 2510 2506 2506 2506 2505 2505 2505 2505 2505 2505 2514 2514 2514 2510 2510 2510 2515 2515 2515 2516 2516 2516 2517 2517 2517 2517 2517 2517 2518 2518 2518 2515 2515 2515 2516 2516 2516 2519 2519 2519 2520 2520 2520 2520 2520 2520 2517 2517 2517 2516 2516 2516 2521 2521 2521 2522 2522 2522 2502 2502 2502 2502 2502 2502 2501 2501 2501 2521 2521 2521 2504 2504 2504 2507 2507 2507 2523 2523 2523 2523 2523 2523 2524 2524 2524 2504 2504 2504 2508 2508 2508 2525 2525 2525 2523 2523 2523 2523 2523 2523 2507 2507 2507 2508 2508 2508 2525 2525 2525 2526 2526 2526 2527 2527 2527 2527 2527 2527 2523 2523 2523 2525 2525 2525 2528 2528 2528 2529 2529 2529 2522 2522 2522 2522 2522 2522 2521 2521 2521 2528 2528 2528 2527 2527 2527 2530 2530 2530 2524 2524 2524 2524 2524 2524 2523 2523 2523 2527 2527 2527 2531 2531 2531 2532 2532 2532 2533 2533 2533 2533 2533 2533 2534 2534 2534 2531 2531 2531 2534 2534 2534 2533 2533 2533 2520 2520 2520 2520 2520 2520 2519 2519 2519 2534 2534 2534 2501 2501 2501 2500 2500 2500 2505 2505 2505 2505 2505 2505 2504 2504 2504 2501 2501 2501 2508 2508 2508 2509 2509 2509 2517 2517 2517 2517 2517 2517 2520 2520 2520 2508 2508 2508 2509 2509 2509 2511 2511 2511 2518 2518 2518 2518 2518 2518 2517 2517 2517 2509 2509 2509 2500 2500 2500 2512 2512 2512 2514 2514 2514 2514 2514 2514 2505 2505 2505 2500 2500 2500 2521 2521 2521 2501 2501 2501 2504 2504 2504 2504 2504 2504 2524 2524 2524 2521 2521 2521 2525 2525 2525 2508 2508 2508 2520 2520 2520 2520 2520 2520 2533 2533 2533 2525 2525 2525 2526 2526 2526 2525 2525 2525 2533 2533 2533 2533 2533 2533 2532 2532 2532 2526 2526 2526 2528 2528 2528 2521 2521 2521 2524 2524 2524 2524 2524 2524 2530 2530 2530 2528 2528 2528</p>
        </triangles>
      </mesh>
    </geometry>
  </library_geometries>
  <library_controllers>
    <controller id="geom-alice_lod0-skin1">
      <skin source="#geom-alice_lod0">
        <bind_shape_matrix>0.3937008 0 0 0 0 0.3937008 0 0 0 0 0.3937008 0 0 0 0 1</bind_shape_matrix>
        <source id="geom-alice_lod0-skin1-joints">
          <Name_array id="geom-alice_lod0-skin1-joints-array" count="87">joint0 joint1 joint2 joint3 joint4 joint5 joint6 joint7 joint8 joint9 joint10 joint11 joint12 joint13 joint14 joint15 joint16 joint17 joint18 joint19 joint20 joint21 joint22 joint23 joint24 joint25 joint26 joint27 joint28 joint29 joint30 joint31 joint32 joint33 joint34 joint35 joint36 joint37 joint38 joint39 joint40 joint41 joint42 joint43 joint44 joint45 joint46 joint47 joint48 joint49 joint50 joint51 joint52 joint53 joint54 joint55 joint56 joint57 joint58 joint59 joint60 joint61 joint62 joint63 joint64 joint65 joint66 joint67 joint68 joint69 joint70 joint71 joint72 joint73 joint74 joint75 joint76 joint77 joint78 joint79 joint80 joint81 joint82 joint83 joint84 joint85 joint86</Name_array>
          <technique_common>
            <accessor source="#geom-alice_lod0-skin1-joints-array" count="87" stride="1">
              <param name="JOINT" type="name"/>
            </accessor>
          </technique_common>
        </source>
        <source id="geom-alice_lod0-skin1-bind_poses">
          <float_array id="geom-alice_lod0-skin1-bind_poses-array" count="1392">6.1447e-12 -4.43085e-6 2.54 -637.1115 6.74215e-6 -2.54 -4.43085e-6 -17.91951 2.54 6.74215e-6 5.6165e-12 4.41588e-5 0 0 0 1 3.63887e-6 -0.002027058 2.539999 -688.1757 -4.15835e-6 -2.539999 -0.002027059 -17.31553 2.54 -4.15544e-6 -3.64219e-6 8.89437e-4 0 0 0 1 2.427172 0.6798283 -0.3134795 50.00183 0.4960776 -2.257134 -1.05397 334.9245 -0.5606629 0.9459273 -2.289645 634.9151 0 0 0 1 -2.427175 0.6798222 -0.3134733 50.00024 -0.496072 -2.257131 -1.053979 334.9272 -0.560657 -0.9459397 2.289642 -634.9138 0 0 0 1 0.4342274 1.511519 -1.994582 501.9213 0.08209699 2.01469 1.54463 -475.2893 2.501261 -0.3285314 0.2955678 -91.10126 0 0 0 1 0.4281253 1.380302 -2.088798 446.6422 0.1095524 2.106758 1.414624 -447.6996 2.501261 -0.3285314 0.2955675 -91.1012 0 0 0 1 -0.4342366 1.511518 -1.994581 501.9211 -0.08211111 2.014689 1.544632 -475.2897 2.501259 0.3285484 -0.2955666 91.10053 0 0 0 1 -0.4281343 1.380299 -2.088797 446.6419 -0.1095672 2.106758 1.414625 -447.6998 2.501258 0.3285486 -0.2955669 91.10058 0 0 0 1 -0.0448359 0.08356863 -2.538228 369.2475 -0.001819528 -2.538625 -0.08354954 -7.266796 -2.539603 3.43449e-4 0.0448715 48.16821 0 0 0 1 -3.497e-6 4.37931e-6 -2.539999 42.9955 0.6939133 -2.443375 -5.20088e-6 -21.75756 -2.443375 -0.6939132 2.18631e-6 44.6902 0 0 0 1 0.6939141 -2.443375 -5.08985e-6 -77.63979 3.4189e-6 -4.28607e-6 2.539998 -8.203682 -2.443374 -0.6939141 2.13665e-6 44.69017 0 0 0 1 0.04482708 0.08356908 -2.538229 369.2475 0.001825514 -2.538625 -0.08354992 -7.266735 -2.539604 -3.49715e-4 -0.04486287 -48.17035 0 0 0 1 -4.86804e-6 4.67655e-6 -2.539999 42.99552 -0.6939074 -2.443377 -3.22843e-6 -21.75809 -2.443377 0.6939074 5.98246e-6 -44.69225 0 0 0 1 -0.6939084 -2.443377 -3.1174e-6 -77.64033 4.89565e-6 -4.56897e-6 2.539999 -8.203717 -2.443376 0.6939084 5.97963e-6 -44.6922 0 0 0 1 3.63321e-6 -0.002027059 2.539999 -758.5067 -4.15834e-6 -2.539999 -0.002027059 -17.25953 2.54 -4.15544e-6 -3.63653e-6 8.88053e-4 0 0 0 1 3.62188e-6 -0.002027059 2.539999 -828.8374 -4.15834e-6 -2.54 -0.002027059 -17.19211 2.54 -4.15545e-6 -3.6252e-6 8.8486e-4 0 0 0 1 3.60489e-6 -0.002027059 2.539999 -926.3164 -4.15834e-6 -2.540001 -0.00202706 -0.1227204 2.54 -4.15546e-6 -3.60821e-6 9.02566e-4 0 0 0 1 3.58556e-6 -7.76983e-7 2.539999 -970.8887 -4.15546e-6 -2.540001 -7.78849e-7 -0.8972563 2.54 -4.15546e-6 -3.58556e-6 8.92175e-4 0 0 0 1 1.273463 -2.196628 -0.06868779 -39.78285 -0.001024159 0.07879298 -2.538776 1023.709 2.197701 1.272878 0.03861821 -20.13951 0 0 0 1 -1.273464 -2.196627 -0.06868325 -39.78414 0.001004227 0.0787993 -2.538775 1023.709 2.1977 -1.272879 -0.03863865 20.1466 0 0 0 1 3.13828e-6 -2.539931 0.01886285 -57.694 -1.08833e-5 -0.01886285 -2.539928 1049.58 2.54 3.05738e-6 -1.09063e-5 -34.83875 0 0 0 1 3.13828e-6 -2.539931 0.01886285 -57.69399 -1.08833e-5 -0.01886285 -2.539928 1049.58 2.54 3.05738e-6 -1.09063e-5 34.8466 0 0 0 1 1.617207 -1.958632 0.001457761 -76.85683 -0.6305627 -0.5224341 -2.404381 1030.82 1.854355 1.530499 -0.8188675 346.6037 0 0 0 1 -1.617203 -1.958636 0.001462309 -76.85799 0.630547 -0.5224245 -2.404386 1030.822 1.854363 -1.530498 0.8188495 -346.5969 0 0 0 1 1.092451 -2.293066 0.001927537 -79.00298 -8.8051e-4 -0.002554599 -2.539997 1090.803 2.293066 1.092451 -0.001893638 -6.150281 0 0 0 1 -1.092445 -2.293069 0.001930626 -79.00377 8.6035e-4 -0.002548412 -2.539998 1090.803 2.293068 -1.092444 0.001872771 6.158092 0 0 0 1 0.5230206 -2.485568 0.002279032 -78.24627 0.3231589 0.06569088 -2.518501 1079.617 2.464471 0.518884 0.3297602 -148.7174 0 0 0 1 -0.5230153 -2.485569 0.002280202 -78.24648 -0.3231797 0.06569336 -2.518498 1079.616 2.464469 -0.5188785 -0.3297809 148.725 0 0 0 1 2.55825e-6 -2.502379 -0.4355527 143.1266 -1.1298e-5 0.4355529 -2.502376 1036.275 2.54 4.45772e-6 -1.0692e-5 -37.73104 0 0 0 1 2.55825e-6 -2.502379 -0.4355527 143.1266 -1.1298e-5 0.4355529 -2.502376 1036.275 2.54 4.45772e-6 -1.0692e-5 37.73874 0 0 0 1 0.127513 -2.215121 1.236358 -542.6842 0.04207508 -1.235903 -2.218641 895.1458 2.536448 0.1318606 -0.02535131 -22.85258 0 0 0 1 -0.1275039 -2.215121 1.236358 -542.6841 -0.04209259 -1.235902 -2.218641 895.1454 2.536448 -0.1318612 0.02533152 22.85947 0 0 0 1 1.848977 0.6243657 1.625744 -760.2982 0.5137004 -2.461181 0.360976 -176.535 1.664029 0.06602731 -1.917875 885.2302 0 0 0 1 -1.848975 0.6243615 1.625749 -760.2992 -0.5137024 -2.461182 0.3609678 -176.5309 1.664031 -0.06603589 1.917873 -885.2304 0 0 0 1 6.0163e-7 -2.096361 -1.434178 576.5678 -1.15135e-5 1.434179 -2.09636 837.1046 2.54 6.99749e-6 -9.16281e-6 0.003554083 0 0 0 1 0.3490402 -2.502763 -0.2568134 24.0187 -2.88132e-4 0.2592335 -2.526734 992.0883 2.515903 0.3472468 0.03533924 -10.54647 0 0 0 1 -0.349032 -2.502764 -0.2568133 24.01865 2.66945e-4 0.2592363 -2.526734 992.0884 2.515905 -0.3472364 -0.0353597 10.55441 0 0 0 1 2.59753e-6 -2.522285 -0.2994766 56.82422 -1.11351e-5 0.2994767 -2.522281 990.2994 2.54 3.89229e-6 -1.07512e-5 0.003794631 0 0 0 1 0.7253034 -2.418138 -0.2795523 35.01407 -0.07467201 0.2694587 -2.524561 996.4818 2.433096 0.7291136 0.005855104 0.5110748 0 0 0 1 -0.7252988 -2.418139 -0.2795504 35.01347 0.07465074 0.2694629 -2.524561 996.4818 2.433099 -0.7291071 -0.005876079 -0.5038445 0 0 0 1 3.08001e-6 -2.539901 -0.02245409 -69.79864 -1.08157e-5 0.0224541 -2.539899 999.1005 2.54 3.1755e-6 -1.0788e-5 -8.263707 0 0 0 1 3.08001e-6 -2.539901 -0.0224541 -69.79863 -1.08157e-5 0.02245411 -2.539899 999.1006 2.54 3.1755e-6 -1.0788e-5 8.271184 0 0 0 1 -4.29449e-6 0.7773705 -2.418117 920.5073 -8.26941e-6 2.41812 0.7773702 -373.8597 2.54 9.18694e-6 -1.55756e-6 -9.89879e-5 0 0 0 1 -3.9837e-6 0.06335963 -2.539207 884.3379 -9.14522e-6 2.539211 0.06335998 -129.4465 2.54 9.24176e-6 -3.75434e-6 6.15514e-4 0 0 0 1 3.32411e-6 -2.535816 0.1457319 -117.2208 -9.8739e-6 -0.145732 -2.535814 988.8184 2.54 2.75212e-6 -1.00484e-5 0.003477524 0 0 0 1 2.085905 0.4369405 -1.381911 467.1522 -0.520755 2.486045 4.94477e-6 8.906944 1.352557 0.283318 2.131178 -789.345 0 0 0 1 1.856628 0.1716714 -1.724834 518.4319 0.001011267 2.527406 0.2526395 -99.2106 1.733356 -0.1853553 1.847354 -704.661 0 0 0 1 1.825681 -0.2893502 -1.742055 416.5119 0.3375707 2.516649 -0.0642307 -24.1032 1.733357 -0.1853555 1.847353 -704.6605 0 0 0 1 1.801932 -0.4409677 -1.734987 293.2037 -1.733001 0.1873417 -1.847486 704.6549 0.4487066 2.494405 -0.1679602 -6.949966 0 0 0 1 1.319522 -1.144152 -1.844279 330.7611 -0.4491183 1.967724 -1.542061 495.9991 2.123381 1.127201 0.8199209 -451.5039 0 0 0 1 1.354015 -1.313392 -1.700949 256.906 -0.3308803 1.859038 -1.698848 520.7108 2.123382 1.127201 0.8199197 -451.5037 0 0 0 1 1.717895 -0.9192554 -1.629538 202.728 -1.697055 0.1657602 -1.882582 714.6573 0.7876711 2.362011 -0.5020735 60.89369 0 0 0 1 1.280565 -0.856312 -2.019518 330.6617 -2.047269 0.3731429 -1.456381 656.116 0.7876713 2.362011 -0.502073 60.89351 0 0 0 1 1.80193 -0.4409674 -1.734988 225.0538 -1.783206 -0.2255306 -1.794688 697.4659 0.1575214 2.491242 -0.4695766 105.2018 0 0 0 1 1.081223 -0.4915662 -2.245193 417.7545 -2.292975 -0.06065012 -1.090956 589.9884 0.1575214 2.491241 -0.4695765 105.2018 0 0 0 1 -2.085911 0.4369356 -1.381906 467.1508 0.5207494 2.486045 3.3423e-6 8.90737 1.352551 -0.283315 -2.131181 789.3459 0 0 0 1 -1.856635 0.1716674 -1.724829 518.4304 -0.00101599 2.527405 0.2526389 -99.21039 1.73335 0.1853587 -1.847359 704.662 0 0 0 1 -1.825686 -0.2893539 -1.74205 416.5106 -0.3375764 2.516648 -0.06423029 -24.10322 1.733351 0.1853586 -1.847358 704.6617 0 0 0 1 -1.801936 -0.4409709 -1.73498 293.2021 1.732995 0.187345 -1.847489 704.6558 0.4487125 -2.494402 0.1679594 6.950077 0 0 0 1 -1.319524 -1.144154 -1.844275 330.76 0.4491099 1.967722 -1.542061 495.9993 2.12338 -1.127196 -0.8199252 451.5048 0 0 0 1 -1.354016 -1.313393 -1.700945 256.905 0.330872 1.859035 -1.698848 520.7106 2.123382 -1.127195 -0.819924 451.5046 0 0 0 1 -1.717898 -0.9192574 -1.629532 202.7265 1.697049 0.1657635 -1.882585 714.6579 0.7876772 -2.362007 0.5020713 -60.89321 0 0 0 1 -1.280569 -0.8563126 -2.019514 330.6606 2.047262 0.3731472 -1.456385 656.1168 0.7876776 -2.362007 0.5020702 -60.89288 0 0 0 1 -1.801933 -0.4409707 -1.734983 225.0526 1.783201 -0.2255262 -1.794691 697.4666 0.1575285 -2.49124 0.469576 -105.2016 0 0 0 1 -1.081227 -0.4915668 -2.245189 417.7535 2.292972 -0.06064465 -1.09096 589.989 0.1575282 -2.491239 0.4695751 -105.2014 0 0 0 1 0.6446469 1.539275 -1.914853 490.5538 0.7223303 1.773429 1.668768 -495.0247 2.348248 -0.9680798 0.01235067 -18.37328 0 0 0 1 0.3539915 0.8283771 -2.374886 474.8461 0.9011207 2.197319 0.9007586 -352.0188 2.348248 -0.9680791 0.01234825 -18.3728 0 0 0 1 0.2287127 0.5232171 -2.474982 352.2986 0.9407544 2.289249 0.5708876 -307.0106 2.348248 -0.9680794 0.01234708 -18.37257 0 0 0 1 -0.6446516 1.539274 -1.914852 490.5536 -0.7223481 1.773422 1.668769 -495.0248 2.34824 0.968096 -0.01234163 18.37063 0 0 0 1 -0.3539942 0.8283762 -2.374885 474.8458 -0.9011389 2.197311 0.9007589 -352.019 2.34824 0.9680967 -0.01234382 18.37107 0 0 0 1 -0.2287146 0.5232165 -2.474981 352.2983 -0.940772 2.28924 0.5708878 -307.0108 2.34824 0.9680967 -0.01234468 18.37119 0 0 0 1 0.5937502 -1.49196 -1.968023 488.7048 2.347208 0.9702907 -0.02742882 3.667657 0.7679045 -1.812232 1.605532 -503.6013 0 0 0 1 0.5419365 -1.457585 -2.008318 491.2736 -0.5702501 1.927489 -1.552802 497.273 2.415102 0.7821908 0.08401154 -25.63136 0 0 0 1 0.2862299 -0.6210222 -2.446218 456.0595 -0.7327732 2.335402 -0.678632 351.0915 2.415101 0.7821923 0.08401357 -25.63159 0 0 0 1 0.3772107 -0.9777265 -2.313731 461.8005 2.347379 0.969882 -0.02715223 3.708425 0.8939358 -2.134239 1.047617 -398.5728 0 0 0 1 0.1063853 -0.3277076 -2.516519 394.3683 2.347594 0.9693639 -0.02698886 3.77361 0.9638875 -2.324765 0.3434861 -298.4055 0 0 0 1 -0.5937476 -1.491964 -1.968021 488.7043 -2.347214 0.9702747 -0.02741964 3.664714 0.7678856 1.812238 -1.605534 503.6019 0 0 0 1 -0.5419353 -1.457589 -2.008318 491.2734 0.5702304 1.927494 -1.552802 497.2731 2.415107 -0.7821746 -0.08402199 25.63464 0 0 0 1 -0.2862322 -0.6210267 -2.446221 456.0599 0.7327526 2.335406 -0.6786325 351.0916 2.415107 -0.7821741 -0.08401951 25.63424 0 0 0 1 -0.3772101 -0.9777305 -2.313732 461.8004 -2.347387 0.9698649 -0.02714589 3.706038 0.8939166 2.134244 -1.047619 398.5732 0 0 0 1 -0.1063869 -0.3277102 -2.516521 394.3686 -2.347602 0.9693469 -0.02698593 3.771735 0.9638689 2.324772 -0.3434866 298.4058 0 0 0 1 1.759792 0.002049968 -1.831591 449.4904 -0.001191907 2.539999 0.001697654 5.333357 1.831592 -3.16706e-4 1.759793 -540.5035 0 0 0 1 0.9521303 0.002168403 -2.354791 479.8456 -5.49995e-4 2.539998 0.002116567 5.33652 2.354792 -2.83515e-4 0.9521306 -389.989 0 0 0 1 0.5259941 0.002216776 -2.484938 359.3839 -2.1055e-4 2.539997 0.002221327 5.419669 2.48494 -2.54017e-4 0.5259943 -332.3023 0 0 0 1 -1.759792 0.002044832 -1.831591 449.4904 0.001176079 2.539999 0.001705739 5.330865 1.831592 3.33721e-4 -1.759792 540.5036 0 0 0 1 -0.9521293 0.002164756 -2.35479 479.8454 5.31279e-4 2.539998 0.002120201 5.33485 2.354792 3.02227e-4 -0.9521298 389.989 0 0 0 1 -0.5259936 0.00221406 -2.484937 359.3836 1.90706e-4 2.539997 0.002222751 5.41825 2.484939 2.73725e-4 -0.5259942 332.3024 0 0 0 1</float_array>
          <technique_common>
            <accessor source="#geom-alice_lod0-skin1-bind_poses-array" count="87" stride="16">
              <param name="TRANSFORM" type="float4x4"/>
            </accessor>
          </technique_common>
        </source>
        <source id="geom-alice_lod0-skin1-weights">
          <float_array id="geom-alice_lod0-skin1-weights-array" count="3778">1 0.9780282 0.02197182 0.4 0.6 0.4 0.6 0.4 0.6 0.45 0.55 0.4 0.6 0.2 0.8 0.2 0.8 0.4 0.6 0.2 0.8 0.5 0.5 0.4 0.6 0.4 0.6 0.2 0.8 0.3 0.7 0.3 0.7 0.25 0.75 0.1 0.9 0.55 0.45 0.1 0.9 0.1 0.9 0.55 0.45 0.95 0.05 0.4 0.6 0.4 0.6 0.9761644 0.02383558 0.9789525 0.02104753 0.2 0.8 0.4 0.6 0.3 0.7 0.2 0.8 2.284e-4 0.679529 0.3124162 0.00782646 0.95 0.05 0.95 0.05 0.8 0.2 0.8 0.2 0.95 0.05 0.5144122 0.4855878 0.8 0.2 0.8 0.2 0.4704298 0.5295702 0.1 0.9 0.5144122 0.4855878 0.4704298 0.5295702 0.1 0.9 0.1 0.9 0.1 0.9 0.95 0.05 0.95 0.05 0.8 0.2 0.8 0.2 0.95 0.05 0.55 0.45 0.8 0.2 0.8 0.2 0.5144122 0.4855878 0.4704298 0.5295702 0.4704298 0.5295702 0.5144122 0.4855878 0.1 0.9 0.1 0.9 0.1 0.9 0.1 0.9 2.284e-4 0.679529 0.3124162 0.00782646 0.3 0.7 0.2 0.8 0.00144876 0.499222 0.499222 1.0734e-4 0.01199205 0.4827661 0.4827661 0.02247573 0.5 0.5 0.3769512 0.6230489 0.1475785 0.8408365 0.01158488 0.06747187 0.8351054 0.09742282 0.6000001 0.3999999 0.4917952 0.5082048 0.1482293 0.6678779 0.1838929 5.3423e-4 0.985152 0.01431378 3.001e-4 0.9753693 0.02433059 0.9719456 0.02805433 3.1617e-4 0.963886 0.03579787 2.9738e-4 0.9624633 0.03723932 0.00135982 0.983877 0.01476325 0.00100037 0.9787871 0.02021251 0.9 0.1 0.9000001 0.09999999 0.9 0.1 0.3662952 0.6337048 0.7990738 0.2009262 0.5034531 0.4965469 0.2625 0.429291 0.308209 0.7990738 0.2009262 0.3662952 0.6337048 0.4873715 0.3420829 0.1705455 0.5637107 0.2791871 0.1571022 0.3572173 0.4277436 0.2150391 0.4999999 0.4156038 0.08439625 0.4873715 0.3420829 0.1705455 0.5817073 0.4182927 0.2782103 0.5217897 0.2 0.01373738 0.4978558 0.4884068 0.01373738 0.4978558 0.4884068 0.25 0.3465494 0.4034507 0.5817073 0.4182927 0.6263368 0.3736633 2.9738e-4 0.9624633 0.03723932 0.6103742 0.3856671 0.0039588 0.250001 0.3317606 0.4182384 0.00507867 0.9826282 0.01229317 0.00530337 0.9851432 0.009553491 0.5014171 0.498583 0.5014171 0.498583 0.9 0.1 0.35 0.65 0.4417168 0.5582833 0.4240246 0.5759754 0.1 0.9 0.1 0.9 0.4147621 0.5852379 0.1 0.9 0.45 0.55 0.1 0.9 0.5 0.5 0.03026738 0.9697327 0.03228741 0.9677126 0.03228741 0.9677126 0.9511761 0.04882392 0.03026738 0.9697327 0.7497937 0.2502063 0.7096469 0.2903531 0.526783 0.473217 0.3932964 0.6067036 0.03836936 0.8616307 0.1 0.5 0.5000001 0.5 0.5 0.5 0.4153954 0.08460459 6.966e-4 0.9993034 0.8474661 0.1525339 0.6000001 0.3999999 0.5034531 0.4965469 0.7990738 0.2009262 0.8474661 0.1525339 0.5 0.4153954 0.08460459 0.4999999 0.4156038 0.08439625 0.8326566 0.1673435 0.7659639 0.234036 0.8326566 0.1673435 0.8981149 0.1018851 0.7653474 0.2346525 0.8981149 0.1018851 0.8593429 0.1406571 0.7507262 0.2492739 0.8593429 0.1406571 0.9000001 0.09999999 0.05 0.95 0.9 0.1 0.9000001 0.09999999 0.2531065 0.5468936 0.2 0.2799956 0.5200044 0.2 0.2020328 0.5979673 0.2 0.2020328 0.5979673 0.2 0.2182577 0.5817423 0.2 0.5951001 0.4048999 0.6111078 0.3888922 0.6111078 0.3888922 0.6263368 0.3736633 0.6496376 0.3503625 0.9443324 0.05566768 0.9719456 0.02805433 3.001e-4 0.9753693 0.02433059 0.9443324 0.05566768 9.1756e-4 0.9626083 0.03647407 0.9000001 0.09999999 0.5000001 0.4999999 0.5469277 0.4530723 0.7653474 0.2346525 0.7659639 0.234036 0.4201222 0.5798779 0.4207817 0.5792184 0.7507262 0.2492739 0.450268 0.549732 0.2182577 0.5817423 0.2 0.2992106 0.5007894 0.2 0.01394477 0.4730745 0.5129808 0.6402999 0.3525337 0.00716641 2.1164e-4 0.9535979 0.04619047 0.2787715 0.5461649 0.1750637 2.1164e-4 0.9535979 0.04619047 2.9738e-4 0.9624633 0.03723932 0.2739678 0.5330383 0.1929939 0.3040988 0.5588473 0.1370538 3.1617e-4 0.963886 0.03579787 2.4487e-4 0.9412834 0.05847177 0.5792273 0.4207726 0.5397788 0.4602211 0.2500002 0.2499998 0.5 0.2543721 0.3400241 0.4056038 0.5888107 0.4111893 0.579346 0.4206541 0.2720451 0.3804598 0.3474951 0.2506118 0.2487576 0.5006307 3.7159e-4 0.9828041 0.01682431 0.002729 0.9895051 0.00776596 0.0027728 0.9865493 0.01067787 0.00412831 0.9710284 0.02484322 0.00414071 0.9841809 0.01167836 0.00317068 0.9858312 0.01099814 0.7499094 0.2500906 0.1955471 0.308377 0.2028116 0.2932643 0.1102914 0.3634829 0.5262257 0.06988972 0.3500386 0.1632422 0.4168296 0.00484506 0.9708245 0.02433045 0.1649016 0.4319894 0.203109 0.2 1.8859e-4 0.9762858 0.02352571 0.7339673 0.2393712 0.02666146 1.8859e-4 0.9762858 0.02352571 0.9763352 0.02366481 0.9841568 0.0158432 0.9761644 0.02383558 8.6879e-4 0.991612 0.007519259 0.9761644 0.02383558 0.9789525 0.02104753 0.7189215 0.2426633 0.03841528 0.7213989 0.2547002 0.02390085 1.8859e-4 0.9762858 0.02352571 0.9763352 0.02366481 0.7339673 0.2393712 0.02666146 0.03024684 0.3541687 0.4319301 0.1836543 0.02101481 0.3896735 0.4734217 0.1158901 0.01027012 0.3525307 0.3199088 0.3172904 3.0758e-4 0.9901485 0.00954388 0.5 0.5000001 0.5888107 0.4111893 0.579346 0.4206541 0.620227 0.3797729 0.21 0.475 0.315 0.2506118 0.2487576 0.5006307 0.2720451 0.3804598 0.3474951 0.2728641 0.3731476 0.3539883 0.5518134 0.4481866 0.5469277 0.4530723 0.2696729 0.3651636 0.3651636 0.6 0.4 0.9 0.1 0.9 0.1 0.1 0.9 0.1 0.9 0.1 0.9 0.1 0.9 0.1 0.9 0.1 0.9 0.1 0.9 0.1 0.9 0.1130603 0.8869397 0.1176553 0.8823447 0.07196974 0.9280303 0.1130603 0.8869397 0.9867284 0.01327167 0.9670265 0.0329735 0.1176553 0.8823447 0.9963662 0.003633749 0.03631698 0.9636831 0.03631698 0.9636831 0.9864941 0.01350584 0.03160673 0.9683933 0.03160673 0.9683933 0.9626107 0.03738929 0.03160673 0.9683933 0.01298273 0.9870173 0.01298273 0.9870173 0.9626107 0.03738929 0.03160673 0.9683933 0.9581802 0.0418198 0.01417761 0.9858224 0.01417761 0.9858224 0.9478191 0.05218091 0.07196974 0.9280303 0.95 0.05 0.5 0.5 0.2907033 0.6025982 0.1066985 0.03022019 0.18 0.4678679 0.3219119 0.03484815 0.1802273 0.5208416 0.264083 0.4505031 0.05244795 0.4454067 0.0516422 0.6971428 0.302416 4.4125e-4 0.5642691 0.1046161 0.2896387 0.04147612 0.3657741 0.2013389 0.3322176 0.1006694 0.6929624 0.2570376 0.05 0.6413435 0.2137812 0.04737532 0.09749999 0.2472849 0.5513575 0.1013576 0.09999999 0.1579764 0.2369647 0.1184824 0.4865765 0.18 0.72 0.1 0.2685974 0.563722 0.1676807 0.3788739 0.2500337 0.3510924 0.02 0.1303043 0.5588355 0.162357 0.1485032 0.2521877 0.3565873 0.2763924 0.1148325 0.5057936 0.0859331 0.1716023 0.2366711 0.2396189 0.3049249 0.06539189 0.3900643 0.7776 0.03999999 0.1824 0.81 0.19 0.49 0.51 0.5083702 0.4916298 0.1406883 0.07836525 0.1929543 0.5879923 0.05525801 0.1218603 0.5025055 0.3203761 0.07132509 0.2195459 0.6305298 0.07859922 0.01071777 0.1658051 0.1235848 0.6998923 0.16 0.84 0.1738493 0.01299833 0.8131524 0.07483099 0.09867825 0.3814293 0.4450614 0.1046252 0.5481359 0.347239 0.1108574 0.08277874 0.720853 0.08551082 0.08060898 0.00399751 0.1083045 0.8070891 0.05999999 0.94 0.0392 0.01999999 0.131712 0.809088 0.3884596 0.2234739 0.2383375 0.1497291 0.48457 0.1315584 0.2705136 0.1133581 0.2167653 0.359185 0.05611222 0.3679375 0.2851487 0.2952277 0.1284535 0.2911702 0.02642358 0.5158477 0.02167576 0.4360529 0.52 0.48 0.4989862 0.5010138 0.3333333 0.6666667 0.55272 0.36848 0.02 0.0588 0.4310267 0.5289732 0.04000004 0.3179178 0.1927643 0.3053343 0.1839836 0.2228817 0.2822492 0.2182273 0.2766419 0.9000001 0.1 0.84 0.16 0.04299999 0.817 0.14 0.1820137 0.3024932 0.2405881 0.274905 0.5 0.5 0.02795976 0.4856246 0.02795976 0.4584559 3.001e-4 0.9753693 0.02433059 2.9738e-4 0.9624633 0.03723932 0.9 0.1 0.7 0.3 0.9 0.1 0.7000001 0.3 0.15 0.85 0.9 0.1 0.1500007 0.8499992 0.15 0.85 0.75 0.25 0.1500057 0.8499944 0.15 0.85 0.15 0.85 0.15 0.85 0.75 0.25 0.15 0.85 0.75 0.25 0.8529938 0.1470062 0.25 0.7500001 0.2499999 0.7500001 0.6599831 0.25 0.09001688 0.2484462 0.7500001 0.00155372 0.1995618 0.5000001 0.3004383 0.1427151 0.5 0.357285 0.5 0.5 0.6599831 0.25 0.09001688 0.5358696 0.275 0.1891305 0.5 0.5 0.277636 0.3996212 0.3227429 0.4451435 0.4451435 0.109713 0.4562156 0.4562156 0.08756892 0.5 0.5 0.5 0.5 0.5851704 0.4148297 0.5 0.5 0.1851598 0.5 0.3148402 0.45 0.55 0.7500001 0.2499999 0.7500001 0.25 0.7500001 0.25 0.7500001 0.2499999 0.7500001 0.25 0.7500001 0.2499999 0.7500001 0.2499999 0.7500001 0.2499999 0.7500001 0.25 0.15 0.85 0.1500037 0.8499963 0.3470917 0.6529083 0.3473944 0.6526056 0.1500132 0.8499869 0.3462742 0.6537258 0.1500015 0.8499985 0.45 0.55 0.15 0.85 0.45 0.55 0.15 0.85 0.45 0.55 0.15 0.85 0.45 0.55 0.45 0.55 0.45 0.55 0.15 0.85 0.15 0.85 0.9 0.1 0.9 0.1 0.9 0.1 0.7 0.3 0.7 0.3 0.7 0.3 0.7 0.3 0.7000001 0.3 0.7 0.3 0.7 0.3 0.9 0.1 0.9 0.1 0.9 0.1 0.9 0.1 0.7 0.3 0.7 0.3 0.7 0.3 0.7 0.3 0.3448667 0.6551333 0.7 0.3 0.15 0.85 0.7 0.3 0.7 0.3 0.7 0.3 0.7 0.3 0.2499999 0.7500001 0.25 0.7500001 0.2499999 0.7500001 0.1829536 0.5 0.3170464 0.2079712 0.5 0.2920288 0.1630063 0.5 0.3369937 0.2079712 0.5 0.2920288 0.2326694 0.5 0.2673306 0.1995618 0.5000001 0.3004383 0.3413979 0.3600857 0.2985164 0.5 0.5 0.5417274 0.4018093 0.05646335 0.2837025 0.370262 0.3460355 0.6000124 0.3553936 0.04459402 0.2907861 0.3704937 0.3387202 0.6000124 0.3553936 0.04459402 0.2907861 0.3704937 0.3387202 0.2460874 0.3769563 0.3769563 0.4192493 0.5807507 0.5 0.5 0.2 0.8 0.2 0.8 0.45 0.55 0.2326694 0.5 0.2673306 0.2079712 0.5 0.2920288 0.1829536 0.5 0.3170464 0.1995618 0.5000001 0.3004383 0.1427151 0.5 0.357285 0.1630063 0.5 0.3369937 0.1427151 0.5 0.357285 0.7000001 0.3 0.3350925 0.1999999 0.4649075 0.317395 0.3429428 0.3396623 0.5358696 0.275 0.1891305 0.1235838 0.5456038 0.3308124 0.4821868 0.2878038 0.2300094 0.4821868 0.2878038 0.2300094 0.3129956 0.3418984 0.345106 0.1851598 0.5 0.3148402 0.5 0.5 0.4821868 0.2878038 0.2300094 0.3129956 0.3418984 0.345106 0.25 0.3414083 0.4085917 0.2774894 0.5435112 0.1789995 0.01394477 0.4730745 0.5129808 2.4487e-4 0.9412834 0.05847177 0.1 0.9 0.35 0.65 0.35 0.65 0.35 0.65 0.3 0.7 0.4 0.6 0.3 0.7 0.737582 0.2624181 0.3 0.7 0.4355561 0.5644439 0.3 0.7 0.1999999 0.8000001 0.702859 0.297141 0.7084503 0.2915497 0.35 0.65 0.3425142 0.6574858 0.603928 0.396072 0.7084503 0.2915497 0.603928 0.396072 0.3425142 0.6574858 0.35 0.65 0.35 0.65 0.35 0.65 0.3 0.7 0.3 0.7 0.3425142 0.6574858 0.4355561 0.5644439 0.3425142 0.6574858 0.5 0.5 0.1999999 0.8000001 0.5 0.5 0.4638999 0.5361002 0.2472475 0.2969567 0.4557957 0.3357887 0.6642113 0.634019 0.02547721 0.2391526 0.1013512 0.274509 0.7230169 0.00247416 0.4691902 0.4531775 0.07763239 0.2265375 0.6725258 0.1009367 0.5209082 0.4790918 0.4696976 0.09000629 0.4402961 0.95 0.05 0.7353361 0.2470086 0.0176553 0.7654207 0.2345793 0.9977202 0.0022798 0.6999999 0.3 0.899658 0.100342 0.603928 0.396072 0.8821038 0.1178962 0.5767605 0.1057395 0.3175 0.75 0.2500001 0.6 0.4 0.4 0.6 0.5500001 0.4499999 0.5000001 0.5 0.7501883 0.2498117 0.03836936 0.8616307 0.1 0.3464809 0.3035191 0.35 0.2555395 0.1818335 0.562627 0.25 0.7500001 0.25 0.7500001 0.4917952 0.5082048 0.05 0.95 0.3942274 0.3161752 0.2895975 0.35 0.65 0.6661729 0.29 0.04382716 0.5572679 0.4099517 0.03278046 0.75 0.25 0.8821038 0.1178962 0.657917 0.342083 0.4015931 0.598407 0.5504588 0.4495412 0.65 0.35 0.35 0.65 0.05 0.95 0.5000001 0.4999999 0.6 0.4 0.7216477 0.2783523 0.5896319 0.4103681 0.00150538 0.9970858 0.00140885 0.45 0.55 0.2 0.8 0.659648 0.340352 0.2 0.8 0.2 0.8 0.2 0.8 0.1988789 0.4164473 0.3846737 0.6500001 0.3499999 0.25 0.75 0.5197324 0.4802676 0.7148343 0.2851657 0.02999999 0.97 0.5 0.5 0.8109329 0.1890671 0.7490805 0.2509195 0.5397547 0.4602453 0.7328063 0.2671938 0.5 0.5 0.5000001 0.4999999 0.8500001 0.1499999 0.5 0.5 0.5 0.5 0.6238484 0.2706594 0.00376854 0.1017236 0.5 0.5 0.5 0.5 0.7093051 0.1875558 0.1031392 0.3091604 0.6908396 0.5512776 0.4487224 0.5752798 0.4247202 0.8861848 0.1138152 0.6719815 0.3280185 0.8263279 0.1736722 0.841511 0.1584891 0.8 0.2 0.888889 0.111111 0.5000001 0.4999999 0.449934 0.5500661 0.757682 0.2423181 0.2 0.8 0.3042114 0.6957887 0.35 0.65 0.6500002 0.3499998 0.4 0.6 0.45021 0.54979 0.2 0.8 0.3038135 0.6961865 0.3 0.7 0.7460364 0.2539637 0.4675325 0.2824675 0.25 0.4930736 0.09236263 0.408787 0.00577682 0.95 0.05 0.5192308 0.2307692 0.25 0.4766868 0.1334803 0.389643 1.9005e-4 0.95 0.05 0.8099999 0.1 0.09 0.9025 0.05 0.04749999 0.7735258 0.0519718 0.1745024 0.8977442 0.1022557 0.5302894 0.2945412 0.1751694 0.7086413 0.2913587 0.7989221 0.2010779 0.95 0.05 0.8 0.2 0.931 0.05 0.01899999 0.7616171 0.1 0.1383831 0.2494604 0.15 0.6005396 0.98 0.02 0.6537788 0.3462212 0.98 0.02 0.7750121 0.2249878 0.9426417 0.0289781 0.02838015 0.2 0.8000001 0.5 0.5 0.1422659 0.3077904 0.5499437 0.5 0.5000001 0.21 0.79 0.075755 0.8061357 0.1181093 0.2 0.8 0.05 0.5639583 0.3860417 0.15 0.85 0.3495564 0.09999999 0.1454436 0.405 0.15 0.85 0.5367034 0.1315 0.2421219 0.08967475 0.5 0.5 0.5999999 0.4000001 0.1 0.4497555 0.4502445 0.1352187 0.1147813 0.75 0.06869676 0.0502083 0.8810949 0.05 0.475 0.475 0.2042648 0.08238995 0.5633453 0.15 0.08155401 0.8225001 0.09594592 0.225 0.275 0.5 0.2925 0.3575 0.35 0.275 0.225 0.5 0.247377 0.702623 0.05 0.3017902 0.6482098 0.05 0.1 0.45 0.45 0.08733725 0.1026628 0.76 0.05 0.2699999 0.6300001 0.1 0.1584192 0.7915805 0.05000028 0.1073869 0.8926131 0.1618853 0.8381147 0.1652336 0.8177751 0.01699139 0.08581557 0.9141845 0.0819815 0.9180185 0.6009642 0.1975 0.1594098 0.04212598 0.3860021 0.05 0.563998 0.6459534 0.05 0.3040466 0.02562971 0.9743703 0.1118762 0.8881238 0.2400865 0.7599135 0.4446656 0.5553344 0.7088557 0.2833836 0.00776065 0.6181603 0.3818397 0.4743807 0.5256194 0.855 0.04999999 0.095 0.9 0.1 0.3392649 0.6607351 0.2823902 0.597688 0.1199218 0.7275581 0.227333 0.04510879 0.526783 0.473217 0.9977202 0.0022798 0.2823902 0.597688 0.1199218 0.192148 0.807852 0.75 0.2500001 0.4638999 0.5361002 0.2952056 0.3432616 0.3615328 0.3757269 0.579823 0.04445007 0.7497937 0.2502063 0.35 0.65 0.3 0.7 0.25 0.75 0.7096469 0.2903531 0.5504588 0.4495412 0.4015931 0.598407 0.75 0.25 0.6058467 0.3941533 0.7102616 0.2897384 0.1047851 0.8952149 0.03987658 0.9601234 0.65 0.35 0.2 0.8 0.2 0.8 0.2 0.8 0.04924082 0.7464635 0.2042957 0.2 0.8 0.09893681 0.4603448 0.4407184 0.526783 0.473217 0.6665264 0.3334736 0.5 0.5 0.0018207 0.5 0.4981793 0.5202528 0.02950142 0.4502457 0.418787 0.521953 0.05926007 0.5999999 0.4000001 0.15 0.85 0.65 0.35 0.2587876 0.3526505 0.3885619 0.2663422 0.6841483 0.02494726 0.02456229 0.05 0.475 0.475 0.06869676 0.0502083 0.8810949 0.08155401 0.8225001 0.09594592 0.2393233 0.3172013 0.4434755 0.2925 0.3575 0.35 0.65 0.35 0.4856558 0.5143443 0.3969865 0.6030135 0.4081675 0.5918325 0.65 0.35 0.4902238 0.5097763 0.4911421 0.5088578 0.4024319 0.5975682 0.4015032 0.5984967 0.91899 0.08100998 0.65 0.35 0.2 0.8 0.5000001 0.4999999 0.02999999 0.97 0.15 0.85 0.45 0.55 6.966e-4 0.9993034 0.02999999 0.97 0.02999999 0.97 0.2 0.8 0.2 0.8 0.8500001 0.1499999 0.5000001 0.4999999 0.5000001 0.4999999 0.5000001 0.4999999 0.02999999 0.97 0.2 0.8 0.15 0.85 0.15 0.85 0.15 0.85 0.3 0.7 0.15 0.85 0.05 0.95 0.3 0.7 0.15 0.85 0.3 0.7 0.3 0.7 0.3 0.7 0.6000001 0.3999999 0.3 0.7 0.3 0.7 0.45 0.55 0.45 0.55 0.888889 0.111111 0.7566789 0.2433211 0.95 0.05 0.6317711 0.3682289 0.95 0.05 0.0328985 0.9671015 0.1831143 0.8168857 0.3161043 0.6838956 0.2987309 0.701269 0.171969 0.8280311 0.04971567 0.9502843 0.95 0.05 0.4866711 0.5133289 0.4695005 0.5304996 0.3161043 0.6838956 0.76029 0.23971 0.7566789 0.2433211 0.07496666 0.9250333 0.5470544 0.4529456 0.5 0.5 0.4627366 0.5372634 0.6625767 0.3374233 0.3391033 0.6608967 0.4627366 0.5372634 0.6317711 0.3682289 0.2987309 0.701269 0.4230356 0.5769644 0.5506207 0.4493794 0.6043131 0.3956869 0.6043131 0.3956869 0.5506207 0.4493794 0.38416 0.57624 0.01959999 0.01999999 0.38416 0.57624 0.01999999 0.01959999 0.475 0.475 0.05 0.0027728 0.9865493 0.01067787 0.00412831 0.9710284 0.02484322 0.5 0.2 0.3 0.285 0.665 0.05 0.2822959 0.3842861 0.3334181 0.45125 0.05 0.45125 0.04749999 0.5 0.5 0.63175 0.27075 0.05 0.0475 0.7750001 0.1551724 0.06982758 0.1875 0.28125 0.28125 0.25 0.475 0.475 0.05 0.5 0.5 0.8 0.2 0.5000001 0.5 0.00414071 0.9841809 0.01167836 0.3 0.7 0.9 0.1 0.25 0.75 0.2375 0.7125 0.05 0.9 0.1 0.4999999 0.08653846 0.4134615 0.5 0.5 0.2 0.8 0.02999999 0.97 0.3 0.7 0.6000001 0.3999999 0.5 0.5 0.4 0.6 0.4 0.6 0.4 0.6 0.45 0.55 0.4 0.6 0.2 0.8 0.2 0.8 0.2 0.8 0.4 0.6 0.5 0.5 0.4 0.6 0.4 0.6 0.2 0.8 0.3 0.7 0.3 0.7 0.1 0.9 0.25 0.75 0.55 0.45 0.1 0.9 0.1 0.9 0.95 0.05 0.55 0.45 0.4 0.6 0.4 0.6 0.9761644 0.02383558 0.2 0.8 0.4 0.6 0.3 0.7 0.2 0.8 2.284e-4 0.679529 0.3124162 0.00782646 0.95 0.05 0.95 0.05 0.95 0.05 0.8 0.2 0.8 0.2 0.5144122 0.4855878 0.4704298 0.5295702 0.8 0.2 0.8 0.2 0.1 0.9 0.1 0.9 0.4704298 0.5295702 0.5144122 0.4855878 0.1 0.9 0.1 0.9 0.95 0.05 0.8 0.2 0.8 0.2 0.95 0.05 0.55 0.45 0.95 0.05 0.8 0.2 0.4704298 0.5295702 0.5144122 0.4855878 0.8 0.2 0.4704298 0.5295702 0.1 0.9 0.1 0.9 0.5144122 0.4855878 0.1 0.9 0.1 0.9 2.284e-4 0.679529 0.3124162 0.00782646 0.2 0.8 0.3 0.7 0.00144876 0.499222 0.499222 1.0734e-4 0.5 0.5 0.3769512 0.6230489 0.06747187 0.8351054 0.09742282 0.6000001 0.3999999 0.1482293 0.6678779 0.1838929 0.4917952 0.5082048 5.3423e-4 0.985152 0.01431378 0.9719456 0.02805433 3.001e-4 0.9753693 0.02433059 2.9738e-4 0.9624633 0.03723932 3.1617e-4 0.963886 0.03579787 0.00135982 0.983877 0.01476325 0.00100037 0.9787871 0.02021251 0.9 0.1 0.9000001 0.09999999 0.9 0.1 0.3662952 0.6337048 0.5034531 0.4965469 0.7990738 0.2009262 0.2625 0.429291 0.308209 0.3662952 0.6337048 0.7990738 0.2009262 0.4873715 0.3420829 0.1705455 0.5637107 0.2791871 0.1571022 0.3572173 0.4277436 0.2150391 0.4873715 0.3420829 0.1705455 0.4999999 0.4156038 0.08439625 0.5817073 0.4182927 0.01373738 0.4978558 0.4884068 0.2782103 0.5217897 0.2 0.01373738 0.4978558 0.4884068 0.5817073 0.4182927 0.25 0.3465494 0.4034507 0.6263368 0.3736633 0.6103742 0.3856671 0.0039588 2.9738e-4 0.9624633 0.03723932 0.250001 0.3317606 0.4182384 0.00507867 0.9826282 0.01229317 0.00530337 0.9851432 0.009553491 0.5014171 0.498583 0.5014171 0.498583 0.35 0.65 0.9 0.1 0.4417168 0.5582833 0.1 0.9 0.4240246 0.5759754 0.1 0.9 0.4147621 0.5852379 0.45 0.55 0.1 0.9 0.5 0.5 0.1 0.9 0.03026738 0.9697327 0.03228741 0.9677126 0.03228741 0.9677126 0.03026738 0.9697327 0.9511761 0.04882392 0.7497937 0.2502063 0.7096469 0.2903531 0.526783 0.473217 0.03836936 0.8616307 0.1 0.5 0.5 0.5 0.4153954 0.08460459 6.966e-4 0.9993034 0.8474661 0.1525339 0.6000001 0.3999999 0.8474661 0.1525339 0.7990738 0.2009262 0.5034531 0.4965469 0.5 0.4153954 0.08460459 0.4999999 0.4156038 0.08439625 0.8326566 0.1673435 0.7659639 0.234036 0.8326566 0.1673435 0.8981149 0.1018851 0.8981149 0.1018851 0.7653474 0.2346525 0.8593429 0.1406571 0.7507262 0.2492739 0.8593429 0.1406571 0.9000001 0.09999999 0.05 0.95 0.9000001 0.09999999 0.9 0.1 0.2531065 0.5468936 0.2 0.2020328 0.5979673 0.2 0.2020328 0.5979673 0.2 0.2182577 0.5817423 0.2 0.6111078 0.3888922 0.5951001 0.4048999 0.6111078 0.3888922 0.6263368 0.3736633 0.9719456 0.02805433 3.001e-4 0.9753693 0.02433059 0.5000001 0.4999999 0.9000001 0.09999999 0.7653474 0.2346525 0.4207817 0.5792184 0.4201222 0.5798779 0.7659639 0.234036 0.7507262 0.2492739 0.450268 0.549732 0.2182577 0.5817423 0.2 2.1164e-4 0.9535979 0.04619047 0.2787715 0.5461649 0.1750637 0.2739678 0.5330383 0.1929939 2.9738e-4 0.9624633 0.03723932 2.1164e-4 0.9535979 0.04619047 0.3040988 0.5588473 0.1370538 3.1617e-4 0.963886 0.03579787 0.5792273 0.4207726 0.5397788 0.4602211 0.2500002 0.2499998 0.5 0.2543721 0.3400241 0.4056038 0.5888107 0.4111893 0.579346 0.4206541 0.2720451 0.3804598 0.3474951 0.2506118 0.2487576 0.5006307 3.7159e-4 0.9828041 0.01682431 0.002729 0.9895051 0.00776596 0.0027728 0.9865493 0.01067787 0.00414071 0.9841809 0.01167836 0.00317068 0.9858312 0.01099814 0.1955471 0.308377 0.2028116 0.2932643 0.7499094 0.2500906 0.1102914 0.3634829 0.5262257 0.06988972 0.3500386 0.1632422 0.4168296 1.8859e-4 0.9762858 0.02352571 0.7339673 0.2393712 0.02666146 1.8859e-4 0.9762858 0.02352571 0.9763352 0.02366481 0.9761644 0.02383558 0.9841568 0.0158432 8.6879e-4 0.991612 0.007519259 0.9761644 0.02383558 0.7213989 0.2547002 0.02390085 1.8859e-4 0.9762858 0.02352571 0.7339673 0.2393712 0.02666146 0.9763352 0.02366481 0.03024684 0.3541687 0.4319301 0.1836543 0.02101481 0.3896735 0.1158901 0.4734216 0.5 0.5000001 0.620227 0.3797729 0.579346 0.4206541 0.5888107 0.4111893 0.21 0.475 0.315 0.2506118 0.2487576 0.5006307 0.2728641 0.3731476 0.3539883 0.2720451 0.3804598 0.3474951 0.6 0.4 0.9 0.1 0.9 0.1 0.1 0.9 0.1 0.9 0.1 0.9 0.1 0.9 0.1 0.9 0.1 0.9 0.1 0.9 0.1 0.9 0.1130603 0.8869397 0.1176553 0.8823447 0.07196974 0.9280303 0.9670265 0.0329735 0.9867284 0.01327167 0.1130603 0.8869397 0.1176553 0.8823447 0.9963662 0.003633749 0.03631698 0.9636831 0.03631698 0.9636831 0.9864941 0.01350584 0.03160673 0.9683933 0.9626107 0.03738929 0.03160673 0.9683933 0.03160673 0.9683933 0.01298273 0.9870173 0.01298273 0.9870173 0.03160673 0.9683933 0.9626107 0.03738929 0.9581802 0.0418198 0.01417761 0.9858224 0.9478191 0.05218091 0.01417761 0.9858224 0.07196974 0.9280303 0.95 0.05 0.2907033 0.6025982 0.1066985 0.03022019 0.18 0.4678679 0.3219119 0.03484815 0.1802273 0.5208416 0.264083 4.4125e-4 0.6971428 0.302416 0.5642691 0.1046161 0.2896387 0.04147612 0.6929624 0.2570376 0.05 0.6413435 0.2137812 0.04737532 0.09749999 0.2472849 0.5513575 0.1013576 0.09999999 0.2685974 0.563722 0.1676807 0.1303043 0.5588355 0.162357 0.1485032 0.2521877 0.3565873 0.2763924 0.1148325 0.5057936 0.0859331 0.1716023 0.2366711 0.2396189 0.3049249 0.06539189 0.3900643 0.03999999 0.7776 0.1824 0.5083702 0.4916298 0.49 0.51 0.81 0.19 0.1406883 0.07836525 0.1929543 0.5879923 0.05525801 0.1218603 0.5025055 0.3203761 0.07132509 0.2195459 0.6305298 0.07859922 0.01071777 0.1658051 0.1235848 0.6998923 0.16 0.84 0.1738493 0.01299833 0.8131524 0.07483099 0.09867825 0.3814293 0.4450614 0.1046252 0.5481359 0.347239 0.1108574 0.08277874 0.720853 0.08551082 0.08060898 0.00399751 0.1083045 0.8070891 0.0392 0.01999999 0.131712 0.809088 0.05999999 0.94 0.3884596 0.2234739 0.2383375 0.1497291 0.2167653 0.359185 0.05611222 0.3679375 0.48457 0.1315584 0.2705136 0.1133581 0.2851487 0.2952277 0.1284535 0.2911702 0.02642358 0.5158477 0.02167576 0.4360529 0.52 0.48 0.4989862 0.5010138 0.4310267 0.5289732 0.04000004 0.55272 0.36848 0.02 0.0588 0.9000001 0.1 0.04299999 0.817 0.14 0.84 0.16 2.9738e-4 0.9624633 0.03723932 3.001e-4 0.9753693 0.02433059 0.9 0.1 0.9 0.1 0.7 0.3 0.7000001 0.3 0.15 0.85 0.1500007 0.8499992 0.9 0.1 0.15 0.85 0.75 0.25 0.1500057 0.8499944 0.15 0.85 0.15 0.85 0.15 0.85 0.15 0.85 0.75 0.25 0.75 0.25 0.8529938 0.1470062 0.25 0.7500001 0.2499999 0.7500001 0.2484462 0.7500001 0.00155372 0.6599831 0.25 0.09001688 0.1995618 0.5000001 0.3004383 0.1427151 0.5 0.357285 0.5 0.5 0.6599831 0.25 0.09001688 0.5358696 0.275 0.1891305 0.5 0.5 0.4451435 0.4451435 0.109713 0.277636 0.3996212 0.3227429 0.4562156 0.4562156 0.08756892 0.5 0.5 0.5 0.5 0.5 0.5 0.5851704 0.4148297 0.1851598 0.5 0.3148402 0.45 0.55 0.7500001 0.2499999 0.7500001 0.25 0.7500001 0.25 0.7500001 0.2499999 0.7500001 0.25 0.7500001 0.2499999 0.7500001 0.2499999 0.7500001 0.25 0.7500001 0.2499999 0.15 0.85 0.3473944 0.6526056 0.3470917 0.6529083 0.1500037 0.8499963 0.3462742 0.6537258 0.1500132 0.8499869 0.1500015 0.8499985 0.45 0.55 0.15 0.85 0.45 0.55 0.15 0.85 0.45 0.55 0.15 0.85 0.45 0.55 0.15 0.85 0.45 0.55 0.45 0.55 0.15 0.85 0.9 0.1 0.9 0.1 0.9 0.1 0.7 0.3 0.7 0.3 0.7 0.3 0.7 0.3 0.7000001 0.3 0.7 0.3 0.7 0.3 0.9 0.1 0.9 0.1 0.9 0.1 0.9 0.1 0.7 0.3 0.7 0.3 0.7 0.3 0.7 0.3 0.7 0.3 0.3448667 0.6551333 0.7 0.3 0.15 0.85 0.7 0.3 0.7 0.3 0.7 0.3 0.2499999 0.7500001 0.25 0.7500001 0.2499999 0.7500001 0.1829536 0.5 0.3170464 0.2079712 0.5 0.2920288 0.1630063 0.5 0.3369937 0.2079712 0.5 0.2920288 0.2326694 0.5 0.2673306 0.1995618 0.5000001 0.3004383 0.3413979 0.3600857 0.2985164 0.5 0.5 0.5417274 0.4018093 0.05646335 0.2837025 0.370262 0.3460355 0.6000124 0.3553936 0.04459402 0.2907861 0.3704937 0.3387202 0.6000124 0.3553936 0.04459402 0.2460874 0.3769563 0.3769563 0.2907861 0.3704937 0.3387202 0.5 0.5 0.4192493 0.5807507 0.2 0.8 0.2 0.8 0.45 0.55 0.2079712 0.5 0.2920288 0.2326694 0.5 0.2673306 0.1829536 0.5 0.3170464 0.1995618 0.5000001 0.3004383 0.1427151 0.5 0.357285 0.1427151 0.5 0.357285 0.1630063 0.5 0.3369937 0.7000001 0.3 0.3350925 0.1999999 0.4649075 0.317395 0.3429428 0.3396623 0.5358696 0.275 0.1891305 0.1235838 0.5456038 0.3308124 0.4821868 0.2878038 0.2300094 0.4821868 0.2878038 0.2300094 0.3129956 0.3418984 0.345106 0.1851598 0.5 0.3148402 0.5 0.5 0.3129956 0.3418984 0.345106 0.4821868 0.2878038 0.2300094 0.1 0.9 0.35 0.65 0.35 0.65 0.35 0.65 0.3 0.7 0.4 0.6 0.3 0.7 0.737582 0.2624181 0.3 0.7 0.4355561 0.5644439 0.3 0.7 0.1999999 0.8000001 0.702859 0.297141 0.7084503 0.2915497 0.35 0.65 0.3425142 0.6574858 0.603928 0.396072 0.7084503 0.2915497 0.3425142 0.6574858 0.603928 0.396072 0.35 0.65 0.35 0.65 0.35 0.65 0.3 0.7 0.3 0.7 0.3425142 0.6574858 0.3425142 0.6574858 0.4355561 0.5644439 0.5 0.5 0.1999999 0.8000001 0.5 0.5 0.4638999 0.5361002 0.2472475 0.2969567 0.4557957 0.634019 0.02547721 0.2391526 0.1013512 0.3357887 0.6642113 0.274509 0.7230169 0.00247416 0.2265375 0.6725258 0.1009367 0.4691902 0.4531775 0.07763239 0.5209082 0.4790918 0.4696976 0.09000629 0.4402961 0.95 0.05 0.7654207 0.2345793 0.7353361 0.2470086 0.0176553 0.9977202 0.0022798 0.6999999 0.3 0.899658 0.100342 0.603928 0.396072 0.8821038 0.1178962 0.5767605 0.1057395 0.3175 0.75 0.2500001 0.6 0.4 0.5500001 0.4499999 0.4 0.6 0.5000001 0.5 0.7501883 0.2498117 0.03836936 0.8616307 0.1 0.2555395 0.1818335 0.562627 0.3464809 0.3035191 0.35 0.25 0.7500001 0.25 0.7500001 0.4917952 0.5082048 0.05 0.95 0.3942274 0.3161752 0.2895975 0.35 0.65 0.6661729 0.29 0.04382716 0.5572679 0.4099517 0.03278046 0.75 0.25 0.8821038 0.1178962 0.657917 0.342083 0.5504588 0.4495412 0.4015931 0.598407 0.65 0.35 0.35 0.65 0.05 0.95 0.5000001 0.4999999 0.6 0.4 0.7216477 0.2783523 0.00150538 0.9970858 0.00140885 0.5896319 0.4103681 0.45 0.55 0.659648 0.340352 0.2 0.8 0.2 0.8 0.2 0.8 0.2 0.8 0.1988789 0.4164473 0.3846737 0.6500001 0.3499999 0.7148343 0.2851657 0.5197324 0.4802676 0.25 0.75 0.5 0.5 0.02999999 0.97 0.8109329 0.1890671 0.7328063 0.2671938 0.5397547 0.4602453 0.7490805 0.2509195 0.5 0.5 0.5000001 0.4999999 0.8500001 0.1499999 0.5 0.5 0.6238484 0.2706594 0.00376854 0.1017236 0.5 0.5 0.5 0.5 0.7093051 0.1875558 0.1031392 0.5 0.5 0.5512776 0.4487224 0.3091604 0.6908396 0.8861848 0.1138152 0.5752798 0.4247202 0.8263279 0.1736722 0.6719815 0.3280185 0.841511 0.1584891 0.8 0.2 0.888889 0.111111 0.449934 0.5500661 0.5000001 0.4999999 0.757682 0.2423181 0.3042114 0.6957887 0.2 0.8 0.35 0.65 0.6500002 0.3499998 0.4 0.6 0.45021 0.54979 0.2 0.8 0.3038135 0.6961865 0.3 0.7 0.7460364 0.2539637 0.4930736 0.09236263 0.408787 0.00577682 0.95 0.05 0.4766868 0.1334803 0.389643 1.9005e-4 0.95 0.05 0.9025 0.05 0.04749999 0.7735258 0.0519718 0.1745024 0.8977442 0.1022557 0.5302894 0.2945412 0.1751694 0.7086413 0.2913587 0.7989221 0.2010779 0.95 0.05 0.8 0.2 0.931 0.05 0.01899999 0.7616171 0.1 0.1383831 0.2494604 0.15 0.6005396 0.98 0.02 0.6537788 0.3462212 0.98 0.02 0.7750121 0.2249878 0.2 0.8000001 0.1422659 0.3077904 0.5499437 0.21 0.79 0.075755 0.8061357 0.1181093 0.2 0.8 0.05 0.5639583 0.3860417 0.3495564 0.09999999 0.1454436 0.405 0.15 0.85 0.15 0.85 0.5367034 0.1315 0.2421219 0.08967475 0.5999999 0.4000001 0.06869676 0.0502083 0.8810949 0.1352187 0.1147813 0.75 0.2042648 0.08238995 0.5633453 0.15 0.08155401 0.8225001 0.09594592 0.225 0.275 0.5 0.2925 0.3575 0.35 0.275 0.225 0.5 0.247377 0.702623 0.05 0.3017902 0.6482098 0.05 0.08733725 0.1026628 0.76 0.05 0.2699999 0.6300001 0.1 0.1584192 0.7915805 0.05000028 0.1073869 0.8926131 0.1652336 0.8177751 0.01699139 0.0819815 0.9180185 0.6009642 0.1975 0.1594098 0.04212598 0.3860021 0.05 0.563998 0.6459534 0.05 0.3040466 0.02562971 0.9743703 0.1118762 0.8881238 0.2400865 0.7599135 0.4446656 0.5553344 0.6181603 0.3818397 0.7088557 0.2833836 0.00776065 0.4743807 0.5256194 0.855 0.04999999 0.095 0.9 0.1 0.3392649 0.6607351 0.2823902 0.597688 0.1199218 0.526783 0.473217 0.9977202 0.0022798 0.192148 0.807852 0.2823902 0.597688 0.1199218 0.75 0.2500001 0.4638999 0.5361002 0.7497937 0.2502063 0.3757269 0.579823 0.04445007 0.2952056 0.3432616 0.3615328 0.35 0.65 0.3 0.7 0.25 0.75 0.7096469 0.2903531 0.5504588 0.4495412 0.4015931 0.598407 0.75 0.25 0.6058467 0.3941533 0.03987658 0.9601234 0.2 0.8 0.2 0.8 0.04924082 0.7464635 0.2042957 0.526783 0.473217 0.6665264 0.3334736 0.5202528 0.02950142 0.4502457 0.5999999 0.4000001 0.418787 0.521953 0.05926007 0.15 0.85 0.65 0.35 0.2587876 0.3526505 0.3885619 0.06869676 0.0502083 0.8810949 0.2393233 0.3172013 0.4434755 0.08155401 0.8225001 0.09594592 0.65 0.35 0.2925 0.3575 0.35 0.4856558 0.5143443 0.65 0.35 0.4081675 0.5918325 0.3969865 0.6030135 0.4902238 0.5097763 0.4015032 0.5984967 0.91899 0.08100998 0.65 0.35 0.2 0.8 0.5000001 0.4999999 0.02999999 0.97 0.15 0.85 0.45 0.55 6.966e-4 0.9993034 0.02999999 0.97 0.02999999 0.97 0.2 0.8 0.2 0.8 0.8500001 0.1499999 0.5000001 0.4999999 0.5000001 0.4999999 0.5000001 0.4999999 0.02999999 0.97 0.2 0.8 0.15 0.85 0.15 0.85 0.15 0.85 0.3 0.7 0.15 0.85 0.3 0.7 0.05 0.95 0.15 0.85 0.3 0.7 0.3 0.7 0.3 0.7 0.6000001 0.3999999 0.3 0.7 0.45 0.55 0.3 0.7 0.45 0.55 0.888889 0.111111 0.7566789 0.2433211 0.95 0.05 0.6317711 0.3682289 0.95 0.05 0.0328985 0.9671015 0.3161043 0.6838956 0.1831143 0.8168857 0.2987309 0.701269 0.04971567 0.9502843 0.171969 0.8280311 0.95 0.05 0.4695005 0.5304996 0.4866711 0.5133289 0.3161043 0.6838956 0.76029 0.23971 0.7566789 0.2433211 0.5470544 0.4529456 0.07496666 0.9250333 0.5 0.5 0.4627366 0.5372634 0.6625767 0.3374233 0.6317711 0.3682289 0.4627366 0.5372634 0.3391033 0.6608967 0.2987309 0.701269 0.4230356 0.5769644 0.5506207 0.4493794 0.6043131 0.3956869 0.6043131 0.3956869 0.5506207 0.4493794 0.475 0.05 0.475 0.0027728 0.9865493 0.01067787 0.285 0.05 0.665 0.06982758 0.7750001 0.1551724 0.05 0.0475 0.63175 0.27075 0.05 0.475 0.475 0.8 0.2 0.5 0.5 0.5000001 0.5 0.00414071 0.9841809 0.01167836 0.3 0.7 0.9 0.1 0.1 0.9 0.05 0.2375 0.7125 0.25 0.75 0.2 0.8 0.02999999 0.97 0.3 0.7 0.6000001 0.3999999 0.5 0.5 0.49 0.51 0.81 0.19 0.4290934 0.5709067 0.16 0.84 0.05999999 0.94 0.52 0.48 0.84 0.16 0.5 0.5 0.38416 0.57624 0.01999999 0.01959999 0.81 0.19 0.49 0.51 0.16 0.84 0.05999999 0.94 0.52 0.48 0.84 0.16 0.285 0.665 0.05 0.2822959 0.3842861 0.3334181 0.5 0.2 0.3 0.4750001 0.475 0.05 0.45125 0.05 0.45125 0.04749999 0.7750001 0.1551724 0.06982758 0.722 0.1805 0.05 0.04749999 0.5 0.5 0.1875 0.28125 0.28125 0.25 0.475 0.475 0.05 0.8 0.2 0.5 0.5 0.3 0.7 0.5000001 0.5 0.9 0.1 0.9 0.1 0.2375 0.7125 0.05 0.25 0.75 0.5 0.5 0.4999999 0.08653846 0.4134615 0.285 0.05 0.665 0.4750001 0.05 0.475 0.05 0.04749999 0.722 0.1805 0.06982758 0.7750001 0.1551724 0.05 0.475 0.475 0.5 0.5 0.8 0.2 0.3 0.7 0.5000001 0.5 0.9 0.1 0.25 0.75 0.05 0.2375 0.7125 0.1 0.9</float_array>
          <technique_common>
            <accessor source="#geom-alice_lod0-skin1-weights-array" count="3778" stride="1">
              <param name="WEIGHT" type="float"/>
            </accessor>
          </technique_common>
        </source>
        <joints>
          <input semantic="JOINT" source="#geom-alice_lod0-skin1-joints"/>
          <input semantic="INV_BIND_MATRIX" source="#geom-alice_lod0-skin1-bind_poses"/>
        </joints>
        <vertex_weights count="2535">
          <input semantic="JOINT" source="#geom-alice_lod0-skin1-joints" offset="0"/>
          <input semantic="WEIGHT" source="#geom-alice_lod0-skin1-weights" offset="1"/>
          <vcount>1 1 1 1 1 1 1 1 1 1 1 1 1 1 1 1 1 1 1 1 1 2 2 2 2 2 2 1 1 2 2 1 1 1 1 2 2 1 1 1 2 2 2 1 1 1 2 2 2 2 2 2 2 1 1 2 1 2 2 1 1 1 1 1 1 2 2 1 1 2 2 2 2 2 1 1 1 1 1 1 1 2 4 1 1 2 2 2 2 2 2 2 2 2 2 2 2 2 2 2 1 1 2 2 2 2 2 2 2 2 2 2 2 2 2 2 1 2 2 1 4 2 2 1 4 1 1 4 1 2 1 2 3 3 2 2 3 3 3 2 3 3 3 3 2 1 2 2 2 2 2 3 2 2 3 3 3 3 3 2 3 3 3 3 2 2 3 3 3 3 3 2 2 2 2 2 2 2 2 2 2 2 2 2 2 2 2 2 2 2 1 1 2 2 1 2 3 2 2 3 2 2 2 2 2 2 3 3 1 2 2 2 1 2 2 2 1 2 2 2 2 2 2 2 3 3 3 3 3 2 2 2 2 2 2 2 3 2 3 2 2 1 1 1 1 2 1 2 2 2 2 2 2 3 3 3 3 3 3 3 3 3 3 3 3 2 2 3 3 2 2 3 3 3 3 3 3 3 3 2 4 3 4 3 4 3 3 3 2 2 1 2 1 3 2 2 3 3 3 2 3 4 4 4 3 2 2 2 2 3 3 3 3 2 2 3 2 2 2 2 2 2 2 2 2 2 2 2 2 2 2 2 2 2 2 2 2 2 2 2 2 2 2 2 2 2 2 2 2 2 2 2 2 3 4 4 4 3 4 4 3 4 4 4 3 3 4 4 4 4 4 3 2 2 2 4 4 4 4 2 3 4 3 4 4 2 4 4 4 4 4 4 2 2 2 4 3 4 4 2 2 3 4 2 4 3 3 2 2 2 2 2 2 2 2 2 1 2 1 2 2 1 1 2 1 2 2 1 2 2 2 2 1 3 3 3 3 2 1 3 3 2 3 3 1 3 2 2 2 2 3 1 1 1 1 1 2 1 1 1 1 1 1 2 2 2 2 2 2 2 2 2 2 2 2 2 2 2 2 2 2 2 2 2 2 2 2 2 2 2 2 2 2 2 2 2 2 2 2 2 2 2 2 2 2 2 2 2 2 2 2 2 2 2 2 1 1 2 2 2 3 3 3 3 3 3 3 2 3 3 3 3 3 3 3 2 2 2 2 1 2 1 1 1 1 1 1 1 1 3 3 1 3 3 1 1 1 1 1 3 3 3 2 3 1 3 1 1 3 3 1 3 3 3 1 3 1 2 3 3 1 3 3 3 3 2 1 1 1 2 2 2 2 2 1 2 1 1 1 1 2 2 1 2 1 2 2 1 2 1 1 2 2 2 1 2 2 2 2 1 2 2 2 2 2 2 2 2 1 1 1 1 2 2 1 1 1 2 1 1 2 3 2 4 3 3 3 2 3 1 1 1 1 1 1 1 1 1 1 1 1 1 1 1 1 2 1 3 2 1 1 1 1 1 1 1 1 1 1 1 1 2 1 1 1 1 1 1 1 1 1 1 1 1 1 1 1 1 1 1 1 1 1 1 1 1 1 1 1 1 2 1 2 1 1 1 2 1 1 1 1 1 1 1 2 1 3 2 1 2 2 2 2 2 3 3 3 2 2 2 2 3 1 2 3 3 2 2 2 2 2 2 2 2 2 2 1 2 2 3 2 2 2 2 2 2 3 1 1 1 1 1 1 1 1 1 1 1 1 1 2 2 2 2 2 2 2 2 2 2 2 2 2 1 2 2 4 1 2 2 3 2 2 2 2 2 2 2 1 2 2 2 2 2 2 2 2 1 2 2 2 2 2 2 2 1 1 1 1 3 4 2 3 4 2 3 3 3 2 1 1 1 1 1 1 1 1 1 1 3 2 2 1 2 2 1 1 3 3 3 2 2 1 2 2 1 3 2 2 3 2 1 2 3 2 3 2 4 2 4 2 1 1 2 3 3 3 3 4 3 3 3 3 3 3 3 4 3 3 2 2 3 2 2 4 3 3 1 1 2 2 2 2 1 3 2 2 3 2 2 1 1 3 3 1 1 1 1 1 2 2 1 1 3 2 1 1 1 1 1 1 1 1 1 1 1 2 2 3 3 2 2 1 1 1 1 2 2 1 1 2 2 2 2 1 1 1 1 1 1 2 1 1 2 2 2 2 2 1 1 2 2 3 1 2 1 3 1 1 1 1 1 1 1 2 2 1 2 3 3 1 3 2 2 2 3 4 3 3 3 3 3 2 2 2 2 2 2 2 2 2 2 2 1 1 1 2 2 1 2 1 1 2 2 2 1 1 1 1 1 1 1 1 1 2 1 2 2 2 2 2 2 2 1 2 1 2 2 2 2 2 2 2 2 2 2 2 2 2 2 2 2 2 2 1 1 1 1 1 1 1 1 1 1 1 1 1 1 1 1 1 1 1 1 1 1 1 1 1 1 1 1 1 1 1 1 1 1 1 1 1 1 1 1 1 1 1 1 1 1 1 1 1 1 1 2 1 2 1 2 2 1 1 2 2 2 2 2 2 1 1 1 1 1 1 1 1 2 1 2 2 2 2 1 1 2 2 2 1 1 1 1 1 1 1 2 2 2 2 2 2 1 1 2 1 1 1 1 1 1 1 1 1 2 2 1 1 2 1 1 1 1 1 1 1 1 1 1 1 1 1 1 1 1 1 1 1 1 1 1 1 1 1 1 1 1 1 1 1 1 1 1 1 1 1 1 1 1 1 1 1 1 1 1 1 1 1 1 1 1 1 1 1 1 1 1 1 1 1 1 1 1 1 1 1 1 1 1 1 1 1 1 1 1 1 1 1 2 2 1 1 4 4 3 3 3 3 3 3 4 2 4 3 4 3 2 2 2 3 2 2 1 2 3 2 3 2 2 2 1 1 2 2 1 2 1 1 1 1 1 1 1 1 1 1 1 1 1 1 1 1 1 2 2 2 2 1 2 1 2 2 1 1 1 1 2 2 1 1 1 2 2 2 1 1 1 2 2 2 2 2 2 2 2 1 1 2 2 1 1 1 2 2 1 2 2 2 2 1 1 1 1 1 1 1 2 4 1 1 2 2 2 2 2 2 2 2 2 2 2 2 2 2 1 1 2 2 2 2 2 2 2 2 2 2 2 2 2 2 2 1 1 2 2 4 2 2 1 4 1 1 2 2 3 2 3 2 3 2 3 3 3 3 3 2 2 1 2 2 2 2 3 2 2 3 3 3 3 3 2 3 3 3 2 3 2 3 3 3 3 3 2 2 2 2 2 2 2 2 2 2 2 2 2 2 2 2 2 2 2 1 1 2 2 1 3 2 3 2 2 2 2 2 2 3 3 1 2 2 2 1 2 2 2 1 2 2 2 2 2 2 2 3 3 3 3 2 2 2 2 2 3 2 2 1 1 2 2 2 2 2 2 3 3 3 3 3 3 3 3 2 2 3 3 2 2 3 3 3 3 3 3 3 4 2 3 4 3 3 3 2 2 1 2 1 3 2 3 3 3 2 4 4 2 2 2 2 3 3 3 3 2 2 2 2 2 2 2 2 2 2 2 2 2 2 2 2 2 2 2 2 2 2 2 2 2 2 2 2 2 2 2 2 2 2 2 2 3 4 4 3 4 3 4 4 3 4 4 4 4 3 2 2 2 4 4 4 4 2 3 4 3 4 4 4 2 4 4 4 4 4 2 2 3 4 2 3 2 3 3 2 2 2 2 2 2 2 2 2 2 1 1 2 1 2 1 2 1 2 2 1 2 2 2 2 1 3 3 3 3 2 1 3 3 2 3 3 1 3 2 2 2 2 3 1 1 1 1 2 1 1 1 1 1 1 1 2 2 2 2 2 2 2 2 2 2 2 2 2 2 2 2 2 2 2 2 2 2 2 2 2 2 2 2 2 2 2 2 2 2 2 2 2 2 2 2 2 2 2 2 2 2 2 2 2 2 2 2 1 1 2 2 2 3 3 3 3 3 3 3 2 3 3 3 3 3 3 3 2 2 2 2 1 1 2 1 1 1 1 1 1 1 1 3 3 3 3 1 1 1 1 1 3 3 3 2 3 1 3 1 1 3 3 1 3 3 3 1 3 1 2 3 3 1 2 1 1 1 2 2 2 2 2 1 1 2 1 1 1 2 1 2 2 2 1 2 1 2 2 2 2 2 2 2 2 2 2 1 2 2 2 2 2 2 1 1 2 1 2 1 1 2 1 1 2 3 4 2 3 3 3 2 3 1 1 1 1 1 1 1 1 1 1 1 1 2 1 2 3 1 1 1 1 1 1 1 1 1 1 1 2 1 1 1 1 1 1 1 1 1 1 1 1 1 1 1 1 1 1 1 1 1 1 1 1 1 1 1 1 1 1 2 2 1 1 1 2 1 1 1 1 1 1 2 1 3 1 2 2 2 2 2 2 3 3 3 2 2 2 2 1 3 2 3 3 2 2 2 2 2 2 2 2 2 2 1 2 3 2 2 2 2 2 2 2 3 1 1 1 1 1 1 1 1 1 1 1 2 2 2 2 2 2 2 2 2 2 2 2 2 2 1 4 2 2 1 3 2 2 2 2 2 2 2 1 2 2 2 2 2 2 2 2 2 1 2 2 2 2 2 2 2 1 4 2 4 2 3 3 2 1 1 1 1 1 1 1 1 1 3 2 2 1 2 2 1 3 3 3 2 2 2 2 2 3 1 2 3 2 3 4 2 2 4 1 1 2 3 3 4 3 3 3 3 3 3 4 3 3 2 3 2 4 3 3 1 2 2 2 2 2 3 2 3 2 2 1 1 3 1 1 1 1 2 2 1 1 2 3 1 1 1 1 1 1 1 1 1 1 2 2 2 3 3 2 1 1 2 2 1 1 2 2 2 2 1 1 1 1 1 2 2 1 2 2 3 1 1 1 1 1 2 2 1 1 3 2 3 2 2 3 3 3 3 2 3 2 2 2 2 2 2 2 2 1 1 2 1 2 2 1 1 2 2 2 1 1 1 1 1 1 1 1 1 2 2 1 2 2 2 2 2 2 1 2 1 2 2 2 2 2 2 2 2 2 2 2 2 2 2 2 2 2 2 1 1 1 1 1 1 1 1 1 1 1 1 1 1 1 1 1 1 1 1 1 1 1 1 1 1 1 1 1 1 1 1 1 1 1 1 1 1 1 1 1 1 1 1 1 1 1 1 1 1 1 2 2 1 1 2 1 2 1 2 2 2 2 2 2 1 1 1 1 1 1 1 1 2 1 2 2 2 2 2 1 1 2 2 1 1 1 1 1 1 1 2 2 2 2 2 2 1 1 2 1 1 1 1 1 1 1 1 1 2 2 1 1 2 1 1 1 1 1 1 1 1 1 1 1 1 1 1 1 1 1 1 1 1 1 1 1 1 1 1 1 1 1 1 1 1 1 1 1 1 1 1 1 1 1 1 1 1 1 1 1 1 1 1 1 1 1 1 1 1 1 1 1 1 1 1 1 1 1 1 1 1 1 1 1 1 1 1 1 1 1 1 1 2 2 1 1 3 3 3 3 4 3 2 2 2 3 2 2 1 2 3 2 2 2 1 1 2 2 1 2 2 2 2 2 2 2 2 2 4 2 2 2 2 2 2 3 3 3 3 4 3 4 2 4 3 2 2 2 2 2 1 2 3 2 2 3 3 3 4 3 3 2 2 2 2 2 1 2 3 2</vcount>
          <v>37 0 37 0 37 0 37 0 37 0 37 0 37 0 44 0 44 0 44 0 44 0 44 0 44 0 44 0 37 0 37 0 44 0 44 0 1 0 1 0 1 0 1 1 14 2 1 3 2 4 1 5 2 6 1 7 2 8 1 9 2 10 1 11 2 12 1 0 2 0 1 13 2 14 1 15 2 16 2 0 2 0 1 0 1 0 1 17 2 18 1 19 2 20 2 0 2 0 2 0 1 21 2 22 1 23 2 24 1 25 2 26 2 0 2 0 2 0 1 27 2 28 1 29 2 30 1 31 2 32 1 33 2 34 1 35 4 36 1 37 2 38 1 39 4 40 1 0 1 0 1 41 4 42 1 0 1 43 2 44 4 45 5 46 1 0 1 0 1 0 1 0 1 0 1 0 1 47 2 48 1 49 2 50 1 0 1 0 1 51 14 52 1 53 14 54 1 55 2 56 1 57 2 58 1 59 2 60 2 0 2 0 2 0 2 0 2 0 2 0 2 0 1 61 2 62 0 63 1 64 2 65 65 66 2 0 2 0 4 67 5 68 4 69 5 70 4 71 5 72 4 73 5 74 4 75 5 76 4 77 5 78 4 79 5 80 4 81 5 82 4 83 5 84 4 85 5 86 4 87 5 88 4 89 5 90 4 91 5 92 4 93 5 94 4 95 5 96 5 0 5 0 4 97 5 98 4 99 5 100 4 101 5 102 4 103 5 104 4 105 5 106 1 107 2 108 4 109 5 110 4 111 5 112 4 113 5 114 4 115 5 116 4 117 5 118 4 119 5 120 4 121 5 122 4 123 5 124 5 0 4 125 5 126 4 127 5 128 5 0 0 129 1 130 2 131 65 132 1 133 2 134 1 135 2 136 2 0 14 137 15 138 16 139 55 140 16 0 16 0 14 141 15 142 16 143 45 144 16 0 15 145 16 146 16 0 15 147 16 148 14 149 15 150 16 151 14 152 15 153 16 154 15 155 45 156 15 157 45 158 14 159 15 160 45 161 0 162 1 163 14 164 0 165 1 166 14 167 1 168 14 169 0 170 1 171 14 172 0 173 1 174 14 175 0 176 1 177 14 178 0 179 1 180 14 181 45 182 46 183 15 0 45 184 46 185 45 186 46 187 15 188 45 189 45 190 46 191 15 192 45 193 15 194 45 195 46 196 45 197 46 198 15 199 45 200 14 201 15 202 45 203 14 204 15 205 45 206 15 207 45 208 46 209 14 210 15 211 45 212 14 213 15 214 45 215 14 216 15 217 1 218 14 219 15 220 1 221 14 222 15 223 1 224 14 225 15 226 1 227 14 228 15 229 14 230 15 231 1 232 14 233 0 234 1 235 14 236 1 237 14 238 15 239 1 240 14 241 15 242 0 243 1 244 14 245 0 246 1 247 14 248 14 249 15 250 14 251 15 252 45 253 46 254 15 255 45 256 45 257 46 258 45 259 46 260 45 261 46 262 45 263 46 264 45 265 46 266 45 267 46 268 45 269 46 270 45 271 46 272 45 273 46 274 45 275 46 276 45 277 46 278 45 279 46 280 46 281 47 282 45 283 46 284 16 285 17 286 16 0 16 0 15 287 16 288 16 289 17 290 16 0 14 291 15 292 14 293 15 294 45 295 14 296 15 297 14 298 15 299 14 300 15 301 45 302 15 303 45 304 45 305 46 306 15 307 45 308 15 309 45 310 45 311 46 312 45 313 46 314 14 315 15 316 45 317 14 318 15 319 45 320 45 0 45 321 46 322 45 323 46 324 45 325 46 326 45 0 45 327 46 328 45 329 46 330 45 331 46 332 45 0 45 333 46 334 45 335 46 336 45 337 46 338 45 339 46 340 15 341 45 342 45 343 46 344 45 345 46 346 1 347 14 348 15 349 1 350 14 351 15 352 1 353 14 354 15 355 1 356 14 357 15 358 1 359 14 360 15 361 1 362 14 363 1 364 14 365 1 366 14 367 1 368 14 369 1 370 14 371 1 372 14 373 1 374 14 375 0 376 1 377 14 378 1 379 14 380 0 381 1 382 14 383 45 384 46 385 15 386 45 387 15 0 15 0 15 0 15 0 14 388 15 389 15 0 45 390 46 391 45 392 46 393 45 394 46 395 45 396 46 397 45 398 46 399 45 400 46 401 1 402 14 403 15 404 1 405 14 406 15 407 1 408 14 409 15 410 1 411 14 412 15 413 0 414 1 415 14 416 1 417 14 418 15 419 0 420 1 421 14 422 0 423 1 424 14 425 1 426 14 427 15 428 1 429 14 430 15 431 0 432 1 433 14 434 0 435 1 436 14 437 15 438 45 439 14 440 15 441 15 442 45 443 46 444 1 445 14 446 15 447 15 448 45 449 14 450 15 451 1 452 14 453 15 454 15 455 45 456 46 457 0 458 1 459 14 460 0 461 1 462 14 463 0 464 1 465 14 466 0 467 1 468 14 469 0 470 1 471 14 472 0 473 1 474 14 475 1 476 71 477 0 478 1 479 71 480 81 481 0 482 1 483 81 484 0 485 1 486 65 487 81 488 0 489 1 490 14 491 0 492 1 493 71 494 76 495 0 496 1 497 14 498 1 499 14 500 15 501 0 502 1 503 14 504 1 505 14 506 1 507 14 508 1 0 1 509 14 510 1 0 0 511 1 512 14 513 1 514 14 515 1 516 14 517 1 518 14 519 15 520 1 521 14 522 15 523 0 524 1 525 14 526 1 527 14 528 1 529 14 530 15 531 0 532 1 533 65 534 81 535 0 536 1 537 65 538 68 539 0 540 1 541 65 542 68 543 0 544 1 545 14 546 15 547 45 548 15 549 45 550 14 551 15 552 14 553 15 554 15 555 45 556 46 557 15 558 45 559 46 560 1 561 14 562 15 563 1 564 14 565 15 566 14 567 15 568 14 569 15 570 1 571 14 572 15 573 45 574 46 575 45 576 46 577 45 578 46 579 45 580 46 581 45 582 46 583 45 584 46 585 45 586 46 587 45 588 46 589 45 590 46 591 45 592 46 593 45 594 46 595 45 596 46 597 45 598 46 599 45 600 46 601 45 602 46 603 46 604 47 605 46 606 47 607 45 608 46 609 46 610 47 611 45 612 46 613 45 614 46 615 46 616 47 617 45 618 46 619 45 620 46 621 46 622 47 623 45 624 46 625 45 626 46 627 45 628 46 629 46 630 47 631 45 632 46 633 46 634 47 635 45 636 46 637 45 638 46 639 46 640 47 641 45 642 46 643 71 644 82 645 71 646 76 647 0 648 71 649 81 650 0 651 71 652 81 653 82 654 0 655 65 656 81 657 82 658 65 659 66 660 68 661 69 662 65 663 66 664 68 665 65 666 66 667 81 668 82 669 71 670 74 671 76 672 79 673 71 674 74 675 82 676 74 677 75 678 82 679 83 680 71 681 74 682 75 683 82 684 71 685 74 686 76 687 79 688 75 689 79 690 80 691 74 692 75 693 83 694 75 695 79 696 80 697 86 698 0 699 71 700 81 701 82 702 71 703 74 704 82 705 83 706 74 707 75 708 82 709 83 710 74 711 75 712 82 713 83 714 75 715 80 716 83 717 75 718 83 719 75 720 83 721 75 722 83 723 71 724 74 725 81 726 82 727 74 728 75 729 82 730 83 731 75 732 81 733 82 734 83 735 74 736 75 737 82 738 83 739 75 740 83 741 75 742 82 743 83 744 65 745 66 746 81 747 82 748 66 749 82 750 83 751 66 752 81 753 82 754 83 755 66 756 74 757 82 758 83 759 67 760 83 761 66 762 67 763 82 764 83 765 65 766 66 767 81 768 82 769 66 770 67 771 82 772 83 773 65 774 66 775 81 776 82 777 66 778 67 779 82 780 83 781 66 782 67 783 82 784 83 785 67 786 83 787 65 788 66 789 68 790 69 791 66 792 67 793 82 794 83 795 65 796 66 797 82 798 66 799 67 800 69 801 70 802 65 803 66 804 68 805 69 806 67 807 83 808 67 809 83 810 66 811 67 812 83 813 66 814 67 815 69 816 70 817 67 818 70 819 66 820 67 821 69 822 70 823 0 824 1 825 14 826 0 827 1 828 14 829 47 830 48 831 47 832 48 833 47 834 48 835 47 836 48 837 47 838 48 839 48 840 49 841 47 842 48 843 47 844 48 845 48 846 49 847 48 0 47 848 48 849 48 0 47 850 48 851 47 852 48 853 48 0 48 0 47 854 48 855 48 0 48 856 49 857 47 858 48 859 48 0 48 860 49 861 48 862 51 863 48 864 49 865 48 866 49 867 48 0 48 868 49 869 51 870 48 871 49 872 50 873 48 874 49 875 50 876 48 877 49 878 50 879 48 880 51 881 48 0 48 882 49 883 51 884 48 885 51 886 53 887 48 888 51 889 48 890 53 891 54 892 48 893 53 894 54 895 48 0 48 896 53 897 54 898 48 899 51 900 48 901 51 902 51 903 52 904 48 905 51 906 48 907 51 908 52 909 52 0 52 0 52 0 54 0 54 0 53 910 54 911 50 0 50 0 50 0 50 0 50 0 50 0 46 912 47 913 46 914 47 915 46 916 47 917 46 918 47 919 46 920 47 921 46 922 47 923 46 924 47 925 46 926 47 927 46 928 47 929 46 930 47 931 46 932 47 933 46 934 47 935 46 936 47 937 46 938 47 939 46 940 47 941 46 942 47 943 46 944 47 945 46 946 47 947 46 948 47 949 46 950 47 951 46 952 47 953 46 954 47 955 46 956 47 957 46 958 47 959 46 960 47 961 46 962 47 963 46 964 47 965 47 966 48 967 47 968 48 969 47 970 48 971 47 972 48 973 47 974 48 975 47 976 48 977 47 978 48 979 47 980 48 981 47 982 48 983 47 984 48 985 47 986 48 987 47 988 48 989 47 990 48 991 47 992 48 993 47 994 48 995 47 996 48 997 47 998 48 999 47 1000 48 1001 47 1002 48 1003 47 1004 48 1005 47 1006 48 1007 47 1008 48 1009 47 1010 48 1011 47 1012 48 1013 47 1014 48 1015 48 0 48 0 48 1016 49 1017 48 1018 49 1019 48 1020 49 1021 48 1022 49 1023 50 1024 48 1025 49 1026 50 1027 48 1028 49 1029 50 1030 48 1031 49 1032 50 1033 48 1034 49 1035 50 1036 48 1037 49 1038 50 1039 48 1040 53 1041 54 1042 48 1043 51 1044 48 1045 53 1046 54 1047 48 1048 53 1049 54 1050 48 1051 53 1052 54 1053 48 1054 53 1055 54 1056 48 1057 53 1058 54 1059 48 1060 53 1061 54 1062 48 1063 53 1064 54 1065 51 1066 52 1067 48 1068 51 1069 53 1070 54 1071 53 1072 54 1073 52 0 53 1074 54 1075 54 0 52 0 52 0 52 0 54 0 54 0 54 0 50 0 48 1076 49 1077 50 1078 48 1079 49 1080 50 1081 50 0 48 1082 49 1083 50 1084 48 1085 49 1086 50 1087 50 0 50 0 50 0 50 0 50 0 48 1088 49 1089 50 1090 48 1091 49 1092 50 1093 48 1094 49 1095 50 1096 47 1097 48 1098 48 1099 51 1100 52 1101 54 0 48 1102 53 1103 54 1104 54 0 54 0 48 1105 51 1106 53 1107 48 1108 51 1109 52 1110 52 0 48 1111 51 1112 53 1113 48 1114 51 1115 53 1116 48 1117 53 1118 54 1119 54 0 48 1120 51 1121 52 1122 52 0 48 1123 51 1124 48 1125 51 1126 53 1127 48 1128 53 1129 54 1130 54 0 1 1131 14 1132 15 1133 1 1134 14 1135 15 1136 1 1137 14 1138 15 1139 0 1140 1 1141 14 1142 1 1143 4 1144 2 0 2 0 32 0 17 1145 32 1146 17 1147 32 1148 17 1149 32 1150 17 1151 32 1152 17 1153 32 1154 32 0 17 1155 32 1156 32 0 32 0 32 0 32 0 17 1157 32 1158 17 1159 32 1160 17 0 17 1161 32 1162 17 0 17 1163 32 1164 17 1165 32 1166 32 0 17 1167 32 1168 17 0 17 0 17 1169 32 1170 17 1171 32 1172 17 1173 32 1174 17 0 17 1175 32 1176 17 1177 32 1178 17 1179 32 1180 17 1181 32 1182 17 0 17 1183 32 1184 17 1185 32 1186 17 1187 32 1188 17 1189 32 1190 17 1191 32 1192 17 1193 32 1194 17 1195 32 1196 17 1197 32 1198 17 0 32 0 32 0 17 0 17 1199 32 1200 17 1201 32 1202 32 0 32 0 17 0 17 1203 32 1204 17 0 32 0 15 1205 16 1206 17 1207 24 1208 26 1209 17 1210 26 1211 17 1212 24 1213 26 1214 30 1215 17 1216 22 1217 24 1218 17 1219 22 1220 30 1221 17 1222 22 1223 24 1224 17 1225 26 1226 17 1227 24 1228 26 1229 17 0 17 0 17 0 17 0 17 0 17 0 17 0 17 0 17 0 17 0 17 0 17 0 17 0 17 0 17 0 17 0 17 1230 18 1231 17 0 17 1232 18 1233 38 1234 17 1235 18 1236 17 0 17 0 17 0 17 0 17 0 17 0 17 0 17 0 17 0 17 0 17 0 17 0 17 1237 43 1238 17 0 17 0 17 0 17 0 17 0 17 0 17 0 17 0 17 0 17 0 17 0 17 0 17 0 17 0 17 0 17 0 17 0 17 0 17 0 17 0 17 0 17 0 17 0 17 0 17 0 17 0 17 0 17 0 17 1239 45 1240 17 0 17 1241 45 1242 17 0 17 0 17 0 17 1243 32 1244 17 0 17 0 17 0 17 0 17 0 17 0 17 0 17 1245 42 1246 17 0 17 1247 42 1248 45 1249 17 1250 42 1251 17 0 17 1252 45 1253 17 1254 45 1255 17 1256 45 1257 17 1258 45 1259 17 1260 45 1261 14 1262 15 1263 45 1264 14 1265 15 1266 45 1267 15 1268 17 1269 45 1270 17 1271 45 1272 17 1273 45 1274 15 1275 45 1276 15 1277 45 1278 17 1279 42 1280 45 1281 45 0 17 1282 42 1283 17 1284 42 1285 45 1286 17 1287 42 1288 45 1289 17 1290 42 1291 17 1292 42 1293 42 1294 43 1295 17 1296 42 1297 17 1298 42 1299 42 1300 43 1301 17 1302 42 1303 15 1304 45 1305 15 1306 45 1307 42 1308 43 1309 17 0 17 1310 42 1311 42 1312 43 1313 17 1314 42 1315 43 1316 42 1317 43 1318 42 1319 43 1320 42 1321 43 1322 42 1323 43 1324 42 1325 43 1326 42 1327 43 1328 15 1329 42 1330 43 1331 43 0 43 0 43 0 43 0 43 0 43 0 43 0 43 0 43 0 43 0 43 0 43 0 43 0 17 1332 30 1333 17 1334 30 1335 17 1336 30 1337 17 1338 30 1339 17 1340 30 1341 17 1342 30 1343 17 1344 30 1345 17 1346 30 1347 17 1348 30 1349 17 1350 30 1351 17 1352 30 1353 17 1354 30 1355 17 1356 28 1357 30 0 17 1358 30 1359 17 1360 30 1361 17 1362 24 1363 26 1364 30 1365 30 0 17 1366 30 1367 17 1368 30 1369 17 1370 22 1371 30 1372 17 1373 30 1374 17 1375 30 1376 17 1377 30 1378 17 1379 30 1380 17 1381 30 1382 17 1383 30 1384 17 1385 30 1386 17 0 17 1387 28 1388 17 1389 28 1390 17 1391 28 1392 17 1393 28 1394 17 1395 18 1396 17 1397 28 1398 17 1399 28 1400 17 1401 18 1402 17 0 17 1403 28 1404 17 1405 28 1406 17 1407 28 1408 17 1409 28 1410 17 1411 28 1412 17 1413 18 1414 17 1415 30 1416 17 0 17 0 17 0 17 0 17 1417 26 1418 27 1419 17 1420 22 1421 24 1422 26 1423 17 1424 18 1425 17 1426 26 1427 27 1428 17 1429 22 1430 24 1431 26 1432 17 1433 26 1434 17 1435 26 1436 27 1437 17 1438 24 1439 26 1440 17 1441 22 1442 24 1443 17 1444 22 1445 17 0 17 0 17 0 17 0 17 0 17 0 17 0 17 0 17 0 17 0 17 1446 18 1447 38 1448 17 1449 18 1450 17 1451 18 1452 17 0 17 1453 18 1454 17 1455 18 1456 17 0 17 0 17 1457 18 1458 40 1459 17 1460 18 1461 38 1462 17 1463 18 1464 38 1465 17 1466 40 1467 17 1468 40 1469 17 0 17 1470 40 1471 17 1472 40 1473 17 0 17 1474 40 1475 41 1476 17 1477 40 1478 40 1479 41 1480 17 1481 38 1482 40 1483 40 1484 41 1485 40 0 38 1486 40 1487 17 1488 38 1489 40 1490 17 1491 38 1492 17 1493 38 1494 40 1495 17 1496 38 1497 17 1498 18 1499 34 1500 38 1501 17 1502 38 1503 17 1504 18 1505 34 1506 38 1507 40 1508 41 1509 40 0 40 0 38 1510 40 1511 17 1512 35 1513 36 1514 17 1515 34 1516 35 1517 17 1518 34 1519 35 1520 17 1521 35 1522 36 1523 17 1524 34 1525 35 1526 38 1527 17 1528 35 1529 38 1530 17 1531 35 1532 38 1533 17 1534 35 1535 38 1536 17 1537 35 1538 38 1539 17 1540 34 1541 38 1542 17 1543 34 1544 38 1545 17 1546 35 1547 36 1548 17 1549 34 1550 35 1551 38 1552 17 1553 35 1554 38 1555 17 1556 34 1557 38 1558 17 1559 34 1560 17 1561 34 1562 17 1563 34 1564 35 1565 17 1566 34 1567 17 1568 34 1569 17 1570 18 1571 34 1572 38 1573 17 1574 18 1575 34 1576 17 1577 18 1578 34 1579 34 0 34 0 17 1580 34 1581 17 1582 34 1583 17 1584 34 1585 17 1586 34 1587 34 0 16 1588 17 1589 55 1590 16 1591 17 1592 16 1593 17 1594 17 1595 18 1596 34 1597 17 1598 34 1599 16 1600 17 1601 17 0 17 0 16 1602 17 1603 43 1604 16 1605 17 1606 45 1607 16 0 16 0 16 0 16 0 16 0 16 1608 17 1609 17 1610 43 1611 17 0 17 0 16 1612 17 1613 43 1614 16 1615 17 1616 17 0 17 0 17 0 17 0 17 0 17 0 17 0 17 0 17 0 17 0 17 0 17 1617 45 1618 15 1619 16 1620 16 1621 17 1622 45 1623 16 1624 17 1625 45 1626 16 1627 17 1628 17 1629 45 1630 17 0 17 0 17 0 17 0 17 1631 45 1632 17 1633 45 1634 45 0 45 0 15 1635 16 1636 17 1637 42 1638 17 1639 42 1640 17 1641 42 1642 17 0 17 0 17 0 17 0 17 0 17 0 17 1643 42 1644 17 0 17 0 17 1645 42 1646 17 1647 42 1648 17 1649 42 1650 42 1651 43 1652 42 1653 43 1654 43 0 43 0 42 1655 43 1656 42 1657 43 1658 15 1659 42 1660 43 1661 15 0 42 1662 43 1663 43 0 15 1664 42 1665 43 1666 15 0 43 0 43 0 43 0 43 0 43 0 43 0 16 1667 17 1668 17 1669 40 1670 40 0 40 1671 41 1672 35 1673 40 1674 41 1675 17 1676 38 1677 40 1678 40 0 17 1679 38 1680 40 1681 38 1682 40 1683 17 1684 38 1685 17 1686 35 1687 17 1688 34 1689 35 1690 17 1691 34 1692 35 1693 36 1694 17 1695 35 1696 36 1697 17 1698 34 1699 35 1700 17 1701 35 1702 38 1703 17 1704 34 1705 35 1706 17 1707 35 1708 38 1709 17 1710 35 1711 17 1712 34 1713 17 1714 34 1715 17 1716 34 1717 17 1718 35 1719 17 1720 34 1721 17 1722 34 1723 17 1724 34 1725 17 1726 34 1727 17 1728 38 1729 17 1730 35 1731 17 0 17 0 17 0 17 1732 30 1733 17 1734 30 1735 30 0 17 1736 30 1737 30 0 30 0 17 1738 30 1739 17 1740 30 1741 15 1742 45 1743 30 0 30 0 30 0 30 0 30 0 30 0 30 0 30 0 30 0 17 1744 30 1745 30 0 17 1746 30 1747 17 1748 30 1749 17 1750 30 1751 17 1752 28 1753 17 1754 30 1755 17 1756 30 1757 17 1758 30 1759 30 0 17 1760 30 1761 30 0 17 1762 30 1763 17 1764 30 1765 17 1766 30 1767 17 1768 30 1769 17 1770 30 1771 17 1772 30 1773 17 1774 30 1775 17 1776 30 1777 17 1778 30 1779 17 1780 30 1781 17 1782 30 1783 17 1784 30 1785 17 1786 30 1787 17 1788 30 1789 17 1790 30 1791 17 1792 30 1793 17 1794 30 1795 17 1796 28 1797 20 0 20 0 20 0 20 0 20 0 20 0 20 0 20 0 20 0 20 0 20 0 20 0 20 0 20 0 20 0 20 0 20 0 20 0 20 0 20 0 20 0 20 0 20 0 20 0 20 0 20 0 20 0 20 0 20 0 20 0 20 0 20 0 20 0 20 0 20 0 20 0 20 0 20 0 20 0 20 0 20 0 20 0 20 0 20 0 20 0 20 0 20 0 20 0 20 0 20 0 20 0 9 1798 10 1799 9 0 9 1800 10 1801 9 0 9 1802 10 1803 9 1804 10 1805 9 0 9 0 9 1806 10 1807 9 1808 10 1809 9 1810 10 1811 9 1812 10 1813 9 1814 10 1815 9 1816 10 1817 9 0 9 0 9 0 9 0 9 0 9 0 9 0 9 0 9 1818 10 1819 9 0 9 1820 10 1821 9 1822 10 1823 9 1824 10 1825 9 1826 10 1827 9 0 9 0 9 1828 10 1829 9 1830 10 1831 9 1832 10 1833 9 0 9 0 9 0 9 0 9 0 9 0 9 0 9 1834 10 1835 9 1836 10 1837 9 1838 10 1839 9 1840 10 1841 9 1842 10 1843 9 1844 10 1845 9 0 9 0 9 1846 10 1847 10 0 10 0 10 0 10 0 10 0 10 0 10 0 10 0 10 0 9 1848 10 1849 9 1850 10 1851 9 0 9 0 9 1852 10 1853 9 0 9 0 9 0 9 0 9 0 9 0 9 0 9 0 8 0 9 0 9 0 8 0 9 0 9 0 8 0 9 0 9 0 8 0 9 0 9 0 9 0 9 0 9 0 9 0 9 0 9 0 9 0 9 0 9 0 8 0 9 0 9 0 9 0 9 0 8 0 9 0 9 0 9 0 9 0 9 0 9 0 8 0 8 0 9 0 9 0 8 0 8 0 8 0 8 0 8 0 8 0 8 0 8 0 8 0 8 0 8 0 8 0 8 0 8 0 8 0 8 0 8 0 8 0 8 0 8 0 8 0 8 0 8 0 8 0 10 0 10 0 10 0 9 0 9 0 9 0 9 0 9 0 9 0 9 0 9 1854 10 1855 9 1856 10 1857 10 0 10 0 75 1858 80 1859 83 1860 86 1861 75 1862 80 1863 83 1864 86 1865 1 1866 72 1867 77 1868 0 1869 1 1870 14 1871 0 1872 1 1873 14 1874 1 1875 72 1876 77 1877 1 1878 72 1879 77 1880 1 1881 72 1882 77 1883 72 1884 73 1885 77 1886 78 1887 72 1888 77 1889 72 1890 73 1891 77 1892 78 1893 72 1894 73 1895 77 1896 72 1897 73 1898 77 1899 78 1900 72 1901 73 1902 78 1903 72 1904 73 1905 72 1906 73 1907 1 1908 72 1909 0 1910 1 1911 14 1912 1 1913 72 1914 72 1915 73 1916 73 0 72 1917 73 1918 72 1919 73 1920 78 1921 73 1922 78 1923 73 1924 77 1925 78 1926 73 1927 78 1928 17 1929 30 1930 17 1931 30 1932 30 0 30 0 17 1933 30 1934 17 1935 30 1936 2 0 1 1937 2 1938 17 0 37 0 37 0 37 0 37 0 37 0 37 0 37 0 44 0 44 0 44 0 44 0 44 0 44 0 44 0 1 0 1 0 1 1939 3 1940 1 1941 3 1942 1 1943 3 1944 1 1945 3 1946 1 0 1 1947 3 1948 3 0 1 1949 3 1950 1 1951 3 1952 3 0 3 0 1 0 1 0 1 1953 3 1954 1 1955 3 1956 3 0 3 0 3 0 1 1957 3 1958 1 1959 3 1960 1 1961 3 1962 3 0 3 0 3 0 1 1963 3 1964 1 1965 3 1966 1 1967 3 1968 1 1969 6 1970 1 1971 3 1972 1 1973 3 1974 1 1975 6 1976 1 1977 6 1978 1 0 1 0 6 1979 7 1980 1 1981 3 1982 1 0 1 0 1 0 1 1983 3 1984 1 1985 3 1986 1 0 1 1987 14 1988 1 1989 3 1990 1 1991 3 1992 1 1993 3 1994 3 0 3 0 3 0 3 0 3 0 3 0 3 0 1 1995 3 1996 0 1997 1 1998 3 1999 68 2000 3 0 3 0 6 2001 7 2002 6 2003 7 2004 6 2005 7 2006 6 2007 7 2008 6 2009 7 2010 6 2011 7 2012 6 2013 7 2014 6 2015 7 2016 6 2017 7 2018 6 2019 7 2020 6 2021 7 2022 6 2023 7 2024 6 2025 7 2026 6 2027 7 2028 7 0 7 0 6 2029 7 2030 6 2031 7 2032 6 2033 7 2034 6 2035 7 2036 6 2037 7 2038 1 2039 3 2040 6 2041 7 2042 6 2043 7 2044 6 2045 7 2046 6 2047 7 2048 6 2049 7 2050 6 2051 7 2052 6 2053 7 2054 6 2055 7 2056 6 2057 7 2058 7 0 7 0 6 2059 7 2060 6 2061 7 2062 0 2063 1 2064 3 2065 68 2066 1 2067 3 2068 1 2069 3 2070 3 0 14 2071 15 2072 16 2073 45 2074 16 0 16 0 15 2075 16 2076 15 2077 16 2078 14 2079 15 2080 16 2081 15 2082 55 2083 14 2084 15 2085 55 2086 15 2087 55 2088 0 2089 1 2090 14 2091 1 2092 14 2093 0 2094 1 2095 14 2096 0 2097 1 2098 14 2099 0 2100 1 2101 14 2102 0 2103 1 2104 14 2105 0 2106 1 2107 14 2108 55 2109 56 2110 55 2111 56 2112 15 0 55 2113 56 2114 15 2115 55 2116 15 2117 55 2118 55 2119 56 2120 15 2121 55 2122 56 2123 15 2124 55 2125 55 2126 56 2127 14 2128 15 2129 55 2130 14 2131 15 2132 55 2133 15 2134 55 2135 56 2136 14 2137 15 2138 55 2139 14 2140 15 2141 55 2142 14 2143 15 2144 1 2145 14 2146 15 2147 1 2148 14 2149 15 2150 1 2151 14 2152 15 2153 14 2154 15 2155 1 2156 14 2157 15 2158 1 2159 14 2160 1 2161 14 2162 15 2163 0 2164 1 2165 14 2166 1 2167 14 2168 15 2169 0 2170 1 2171 14 2172 0 2173 1 2174 14 2175 14 2176 15 2177 14 2178 15 2179 15 2180 55 2181 55 2182 56 2183 55 2184 56 2185 55 2186 56 2187 55 2188 56 2189 55 2190 56 2191 55 2192 56 2193 55 2194 56 2195 55 2196 56 2197 55 2198 56 2199 55 2200 56 2201 55 2202 56 2203 55 2204 56 2205 55 2206 56 2207 55 2208 56 2209 56 2210 57 2211 16 2212 17 2213 16 0 16 0 15 2214 16 2215 16 2216 17 2217 16 0 14 2218 15 2219 55 2220 14 2221 15 2222 14 2223 15 2224 55 2225 15 2226 55 2227 55 2228 56 2229 15 2230 55 2231 55 2232 56 2233 55 2234 56 2235 15 2236 55 2237 14 2238 15 2239 55 2240 14 2241 15 2242 55 2243 55 0 55 2244 56 2245 55 2246 56 2247 55 2248 56 2249 55 0 55 2250 56 2251 55 2252 56 2253 55 2254 56 2255 55 0 55 2256 56 2257 55 2258 56 2259 55 2260 56 2261 55 2262 56 2263 15 2264 55 2265 55 2266 56 2267 55 2268 56 2269 1 2270 14 2271 15 2272 1 2273 14 2274 15 2275 1 2276 14 2277 15 2278 1 2279 14 2280 15 2281 1 2282 14 2283 1 2284 14 2285 1 2286 14 2287 1 2288 14 2289 1 2290 14 2291 0 2292 1 2293 14 2294 15 2295 55 2296 55 2297 56 2298 15 0 15 0 55 2299 56 2300 55 2301 56 2302 55 2303 56 2304 55 2305 56 2306 55 2307 56 2308 55 2309 56 2310 1 2311 14 2312 15 2313 0 2314 1 2315 14 2316 1 2317 14 2318 15 2319 1 2320 14 2321 15 2322 0 2323 1 2324 14 2325 0 2326 1 2327 14 2328 1 2329 14 2330 15 2331 0 2332 1 2333 14 2334 15 2335 55 2336 14 2337 15 2338 15 2339 55 2340 56 2341 1 2342 14 2343 15 2344 15 2345 55 2346 14 2347 15 2348 1 2349 14 2350 15 2351 15 2352 55 2353 56 2354 0 2355 1 2356 14 2357 0 2358 1 2359 14 2360 0 2361 1 2362 14 2363 0 2364 1 2365 14 2366 0 2367 1 2368 14 2369 0 2370 1 2371 76 2372 84 2373 1 2374 76 2375 0 2376 1 2377 84 2378 0 2379 1 2380 68 2381 84 2382 0 2383 1 2384 14 2385 1 2386 14 2387 15 2388 0 2389 1 2390 14 2391 1 2392 14 2393 1 2394 14 2395 1 0 1 2396 14 2397 1 0 0 2398 1 2399 14 2400 1 2401 14 2402 1 2403 14 2404 15 2405 0 2406 1 2407 14 2408 1 2409 14 2410 15 2411 1 2412 14 2413 0 2414 1 2415 68 2416 84 2417 0 2418 1 2419 65 2420 68 2421 15 2422 55 2423 14 2424 15 2425 14 2426 15 2427 15 2428 55 2429 15 2430 55 2431 56 2432 15 2433 55 2434 56 2435 1 2436 14 2437 15 2438 1 2439 14 2440 15 2441 55 2442 56 2443 55 2444 56 2445 55 2446 56 2447 55 2448 56 2449 55 2450 56 2451 55 2452 56 2453 55 2454 56 2455 55 2456 56 2457 55 2458 56 2459 55 2460 56 2461 55 2462 56 2463 55 2464 56 2465 55 2466 56 2467 55 2468 56 2469 56 2470 57 2471 56 2472 57 2473 55 2474 56 2475 55 2476 56 2477 56 2478 57 2479 55 2480 56 2481 55 2482 56 2483 56 2484 57 2485 55 2486 56 2487 56 2488 57 2489 55 2490 56 2491 55 2492 56 2493 55 2494 56 2495 55 2496 56 2497 55 2498 56 2499 56 2500 57 2501 56 2502 57 2503 55 2504 56 2505 56 2506 57 2507 55 2508 56 2509 55 2510 56 2511 76 2512 85 2513 0 2514 76 2515 84 2516 0 2517 76 2518 84 2519 85 2520 0 2521 68 2522 84 2523 85 2524 65 2525 68 2526 69 2527 68 2528 69 2529 84 2530 85 2531 76 2532 79 2533 85 2534 79 2535 80 2536 85 2537 86 2538 76 2539 79 2540 80 2541 85 2542 79 2543 80 2544 86 2545 0 2546 76 2547 84 2548 85 2549 76 2550 79 2551 85 2552 86 2553 79 2554 80 2555 85 2556 86 2557 79 2558 80 2559 85 2560 86 2561 75 2562 80 2563 86 2564 80 2565 86 2566 80 2567 86 2568 80 2569 86 2570 76 2571 79 2572 84 2573 85 2574 79 2575 80 2576 85 2577 86 2578 80 2579 84 2580 85 2581 86 2582 79 2583 80 2584 85 2585 86 2586 80 2587 86 2588 80 2589 85 2590 86 2591 68 2592 69 2593 84 2594 85 2595 69 2596 85 2597 86 2598 69 2599 84 2600 85 2601 86 2602 69 2603 79 2604 85 2605 86 2606 69 2607 70 2608 85 2609 86 2610 70 2611 86 2612 68 2613 69 2614 84 2615 85 2616 68 2617 69 2618 84 2619 85 2620 69 2621 70 2622 85 2623 86 2624 69 2625 70 2626 85 2627 86 2628 69 2629 70 2630 85 2631 86 2632 70 2633 86 2634 68 2635 69 2636 68 2637 69 2638 85 2639 69 2640 70 2641 85 2642 86 2643 70 2644 86 2645 69 2646 70 2647 86 2648 70 2649 86 2650 0 2651 1 2652 14 2653 0 2654 1 2655 14 2656 57 2657 58 2658 57 2659 58 2660 57 2661 58 2662 57 2663 58 2664 57 2665 58 2666 57 2667 58 2668 58 2669 59 2670 57 2671 58 2672 58 2673 59 2674 57 2675 58 2676 58 0 58 0 57 2677 58 2678 58 0 57 2679 58 2680 58 0 57 2681 58 2682 58 0 57 2683 58 2684 58 2685 59 2686 58 0 58 2687 59 2688 58 2689 61 2690 58 2691 59 2692 58 2693 59 2694 58 0 58 2695 59 2696 60 2697 58 2698 59 2699 61 2700 58 2701 59 2702 60 2703 58 2704 59 2705 60 2706 58 2707 61 2708 58 0 58 2709 59 2710 61 2711 58 2712 61 2713 63 2714 58 2715 61 2716 58 2717 63 2718 64 2719 58 2720 63 2721 64 2722 58 0 58 2723 63 2724 64 2725 58 2726 61 2727 58 2728 61 2729 58 2730 61 2731 61 2732 62 2733 58 2734 61 2735 62 2736 62 0 62 0 62 0 64 0 63 2737 64 2738 64 0 60 0 60 0 60 0 60 0 60 0 60 0 56 2739 57 2740 56 2741 57 2742 56 2743 57 2744 56 2745 57 2746 56 2747 57 2748 56 2749 57 2750 56 2751 57 2752 56 2753 57 2754 56 2755 57 2756 56 2757 57 2758 56 2759 57 2760 56 2761 57 2762 56 2763 57 2764 56 2765 57 2766 56 2767 57 2768 56 2769 57 2770 56 2771 57 2772 56 2773 57 2774 56 2775 57 2776 56 2777 57 2778 56 2779 57 2780 56 2781 57 2782 56 2783 57 2784 56 2785 57 2786 56 2787 57 2788 56 2789 57 2790 56 2791 57 2792 57 2793 58 2794 57 2795 58 2796 57 2797 58 2798 57 2799 58 2800 57 2801 58 2802 57 2803 58 2804 57 2805 58 2806 57 2807 58 2808 57 2809 58 2810 57 2811 58 2812 57 2813 58 2814 57 2815 58 2816 57 2817 58 2818 57 2819 58 2820 57 2821 58 2822 57 2823 58 2824 57 2825 58 2826 57 2827 58 2828 57 2829 58 2830 57 2831 58 2832 57 2833 58 2834 57 2835 58 2836 57 2837 58 2838 57 2839 58 2840 57 2841 58 2842 58 0 58 0 58 2843 59 2844 58 2845 59 2846 58 2847 59 2848 58 2849 59 2850 60 2851 58 2852 59 2853 60 2854 58 2855 59 2856 60 2857 58 2858 59 2859 60 2860 58 2861 59 2862 60 2863 58 2864 59 2865 60 2866 58 2867 63 2868 64 2869 58 2870 61 2871 58 2872 63 2873 64 2874 58 2875 63 2876 64 2877 58 2878 63 2879 64 2880 58 2881 63 2882 64 2883 58 2884 63 2885 64 2886 58 2887 63 2888 64 2889 58 2890 63 2891 64 2892 58 2893 61 2894 61 2895 62 2896 63 2897 64 2898 63 2899 64 2900 62 0 64 0 63 2901 64 2902 62 0 62 0 62 0 64 0 64 0 64 0 60 0 60 0 58 2903 59 2904 60 2905 58 2906 59 2907 60 2908 58 2909 59 2910 60 2911 58 2912 59 2913 60 2914 60 0 60 0 60 0 60 0 60 0 58 2915 59 2916 60 2917 58 2918 59 2919 60 2920 58 2921 59 2922 60 2923 57 2924 58 2925 58 2926 61 2927 62 2928 64 0 58 2929 63 2930 64 2931 64 0 64 0 58 2932 61 2933 63 2934 58 2935 61 2936 62 2937 62 0 58 2938 61 2939 63 2940 58 2941 61 2942 63 2943 58 2944 63 2945 64 2946 64 0 58 2947 61 2948 62 2949 62 0 58 2950 61 2951 58 2952 63 2953 64 2954 58 2955 61 2956 63 2957 64 0 1 2958 6 2959 3 0 3 0 33 0 17 2960 33 2961 17 2962 33 2963 17 2964 33 2965 17 2966 33 2967 17 2968 33 2969 33 0 33 0 17 2970 33 2971 33 0 33 0 33 0 17 2972 33 2973 17 0 17 2974 33 2975 17 2976 33 2977 17 2978 33 2979 17 0 17 2980 33 2981 33 0 17 2982 33 2983 17 2984 33 2985 17 2986 33 2987 17 2988 33 2989 17 2990 33 2991 17 2992 33 2993 17 2994 33 2995 17 2996 33 2997 17 2998 33 2999 17 3000 33 3001 17 0 17 3002 33 3003 17 3004 33 3005 17 3006 33 3007 17 3008 33 3009 17 3010 33 3011 17 3012 33 3013 33 0 33 0 17 3014 33 3015 17 0 17 3016 33 3017 33 0 33 0 17 3018 33 3019 17 0 33 0 15 3020 16 3021 17 3022 25 3023 27 3024 17 3025 25 3026 27 3027 31 3028 17 3029 27 3030 17 3031 23 3032 25 3033 17 3034 23 3035 25 3036 17 3037 23 3038 31 3039 17 3040 27 3041 17 3042 25 3043 27 3044 17 0 17 0 17 0 17 0 17 0 17 0 17 0 17 0 17 0 17 0 17 0 17 0 17 3045 19 3046 17 0 17 3047 19 3048 17 3049 19 3050 39 3051 17 0 17 0 17 0 17 0 17 0 17 0 17 0 17 0 17 0 17 0 17 0 17 3052 43 3053 17 0 17 0 17 0 17 0 17 0 17 0 17 0 17 0 17 0 17 0 17 0 17 0 17 0 17 0 17 0 17 0 17 0 17 0 17 0 17 0 17 0 17 0 17 0 17 0 17 0 17 0 17 0 17 0 17 0 17 0 17 3054 55 3055 17 3056 55 3057 17 0 17 0 17 0 17 3058 33 3059 17 0 17 0 17 0 17 0 17 0 17 0 17 3060 42 3061 17 0 17 3062 42 3063 55 3064 17 0 17 3065 42 3066 17 3067 55 3068 17 3069 55 3070 17 3071 55 3072 17 3073 55 3074 17 3075 55 3076 14 3077 15 3078 55 3079 15 3080 17 3081 55 3082 14 3083 15 3084 55 3085 17 3086 55 3087 17 3088 55 3089 15 3090 55 3091 15 3092 55 3093 55 0 17 3094 42 3095 55 3096 17 3097 42 3098 17 3099 42 3100 55 3101 17 3102 42 3103 55 3104 17 3105 42 3106 17 3107 42 3108 42 3109 43 3110 17 3111 42 3112 17 3113 42 3114 42 3115 43 3116 17 3117 42 3118 15 3119 55 3120 15 3121 55 3122 42 3123 43 3124 17 0 17 3125 42 3126 17 3127 42 3128 43 3129 42 3130 43 3131 42 3132 43 3133 42 3134 43 3135 42 3136 43 3137 42 3138 43 3139 42 3140 43 3141 42 3142 43 3143 15 3144 42 3145 43 3146 43 0 43 0 43 0 43 0 43 0 43 0 43 0 43 0 43 0 43 0 43 0 17 3147 31 3148 17 3149 31 3150 17 3151 31 3152 17 3153 31 3154 17 3155 31 3156 17 3157 31 3158 17 3159 31 3160 17 3161 31 3162 17 3163 31 3164 17 3165 31 3166 17 3167 31 3168 17 3169 31 3170 17 3171 29 3172 17 3173 31 3174 31 0 17 3175 25 3176 27 3177 31 3178 17 3179 31 3180 17 3181 31 3182 31 0 17 3183 23 3184 31 3185 17 3186 31 3187 17 3188 31 3189 17 3190 31 3191 17 3192 31 3193 17 3194 31 3195 17 3196 31 3197 17 3198 31 3199 17 0 17 3200 31 3201 17 3202 29 3203 17 3204 29 3205 17 3206 29 3207 17 3208 29 3209 17 3210 19 3211 17 3212 29 3213 17 3214 29 3215 17 3216 19 3217 17 0 17 3218 29 3219 17 3220 29 3221 17 3222 29 3223 17 3224 29 3225 17 3226 29 3227 17 3228 19 3229 17 3230 31 3231 17 0 17 3232 23 3233 25 3234 27 3235 17 3236 19 3237 17 3238 23 3239 25 3240 27 3241 17 3242 27 3243 17 3244 25 3245 27 3246 17 3247 23 3248 25 3249 17 3250 23 3251 17 0 17 0 17 0 17 0 17 0 17 0 17 0 17 0 17 0 17 3252 19 3253 39 3254 17 3255 19 3256 17 3257 19 3258 17 0 17 3259 19 3260 17 3261 19 3262 17 0 17 3263 19 3264 41 3265 17 3266 19 3267 39 3268 17 3269 19 3270 39 3271 17 3272 41 3273 17 3274 41 3275 17 3276 41 3277 17 3278 41 3279 17 3280 41 3281 17 3282 39 3283 41 3284 41 0 39 3285 41 3286 17 3287 39 3288 41 3289 17 3290 39 3291 17 3292 39 3293 41 3294 17 3295 19 3296 34 3297 39 3298 17 3299 39 3300 17 3301 39 3302 17 3303 19 3304 34 3305 39 3306 41 0 41 0 39 3307 41 3308 17 3309 34 3310 36 3311 17 3312 34 3313 36 3314 17 3315 34 3316 36 3317 39 3318 17 3319 36 3320 39 3321 17 3322 36 3323 39 3324 17 3325 36 3326 39 3327 17 3328 36 3329 39 3330 17 3331 34 3332 39 3333 17 3334 34 3335 39 3336 17 3337 34 3338 36 3339 39 3340 17 3341 36 3342 39 3343 17 3344 34 3345 39 3346 17 3347 34 3348 17 3349 34 3350 36 3351 17 3352 34 3353 17 3354 19 3355 34 3356 39 3357 17 3358 19 3359 34 3360 17 3361 19 3362 34 3363 34 0 17 3364 34 3365 17 3366 34 3367 17 3368 34 3369 17 3370 34 3371 16 3372 17 3373 16 3374 17 3375 45 3376 16 3377 17 3378 17 3379 19 3380 34 3381 17 3382 34 3383 16 3384 17 3385 17 0 17 0 16 3386 17 3387 43 3388 16 0 16 0 16 0 16 0 16 3389 17 3390 17 3391 43 3392 17 0 17 0 16 3393 17 3394 16 3395 17 3396 43 3397 17 0 17 0 17 0 17 0 17 0 17 0 17 0 17 0 17 0 17 0 17 3398 55 3399 15 3400 16 3401 16 3402 17 3403 16 3404 17 3405 55 3406 16 3407 17 3408 55 3409 17 3410 55 3411 17 0 17 0 17 3412 55 3413 17 3414 55 3415 55 0 55 0 15 3416 16 3417 17 3418 42 3419 17 3420 42 3421 17 3422 42 3423 17 0 17 0 17 0 17 0 17 0 17 3424 42 3425 17 3426 42 3427 43 0 42 3428 43 3429 42 3430 43 3431 15 3432 42 3433 43 3434 15 0 43 0 43 0 43 0 43 0 16 3435 17 3436 17 3437 41 3438 41 0 41 0 17 3439 39 3440 41 3441 39 3442 41 3443 17 3444 39 3445 41 3446 17 3447 39 3448 17 3449 36 3450 17 3451 34 3452 36 3453 17 3454 34 3455 36 3456 17 3457 34 3458 36 3459 17 3460 36 3461 39 3462 17 3463 36 3464 17 3465 36 3466 39 3467 17 3468 34 3469 17 3470 36 3471 17 3472 34 3473 17 3474 34 3475 17 3476 34 3477 17 3478 34 3479 17 3480 39 3481 17 3482 36 3483 17 0 17 0 17 3484 31 3485 31 0 17 3486 31 3487 17 3488 31 3489 31 0 31 0 17 3490 31 3491 17 3492 31 3493 15 3494 55 3495 31 0 31 0 31 0 31 0 31 0 31 0 31 0 31 0 31 0 17 3496 31 3497 17 3498 31 3499 31 0 17 3500 31 3501 17 3502 31 3503 17 3504 29 3505 17 3506 31 3507 17 3508 31 3509 17 3510 31 3511 31 0 17 3512 31 3513 31 0 17 3514 31 3515 17 3516 31 3517 17 3518 31 3519 17 3520 31 3521 17 3522 31 3523 17 3524 31 3525 17 3526 31 3527 17 3528 31 3529 17 3530 31 3531 17 3532 31 3533 17 3534 31 3535 17 3536 31 3537 17 3538 31 3539 17 3540 31 3541 17 3542 31 3543 17 3544 31 3545 17 3546 31 3547 17 3548 29 3549 21 0 21 0 21 0 21 0 21 0 21 0 21 0 21 0 21 0 21 0 21 0 21 0 21 0 21 0 21 0 21 0 21 0 21 0 21 0 21 0 21 0 21 0 21 0 21 0 21 0 21 0 21 0 21 0 21 0 21 0 21 0 21 0 21 0 21 0 21 0 21 0 21 0 21 0 21 0 21 0 21 0 21 0 21 0 21 0 21 0 21 0 21 0 21 0 21 0 21 0 21 0 12 3550 13 3551 12 3552 13 3553 12 0 12 0 12 3554 13 3555 12 0 12 3556 13 3557 12 0 12 3558 13 3559 12 3560 13 3561 12 3562 13 3563 12 3564 13 3565 12 3566 13 3567 12 3568 13 3569 12 0 12 0 12 0 12 0 12 0 12 0 12 0 12 0 12 3570 13 3571 12 0 12 3572 13 3573 12 3574 13 3575 12 3576 13 3577 12 3578 13 3579 12 3580 13 3581 12 0 12 0 12 3582 13 3583 12 3584 13 3585 12 0 12 0 12 0 12 0 12 0 12 0 12 0 12 3586 13 3587 12 3588 13 3589 12 3590 13 3591 12 3592 13 3593 12 3594 13 3595 12 3596 13 3597 12 0 12 0 12 3598 13 3599 13 0 13 0 13 0 13 0 13 0 13 0 13 0 13 0 13 0 12 3600 13 3601 12 3602 13 3603 12 0 12 0 12 3604 13 3605 12 0 12 0 12 0 12 0 12 0 12 0 11 0 12 0 12 0 12 0 12 0 11 0 12 0 12 0 12 0 11 0 12 0 12 0 11 0 12 0 12 0 12 0 12 0 12 0 12 0 12 0 12 0 12 0 12 0 12 0 11 0 12 0 12 0 11 0 12 0 12 0 12 0 12 0 12 0 12 0 12 0 11 0 11 0 12 0 12 0 11 0 11 0 11 0 11 0 11 0 11 0 11 0 11 0 11 0 11 0 11 0 11 0 11 0 11 0 11 0 11 0 11 0 11 0 11 0 11 0 11 0 11 0 11 0 11 0 13 0 13 0 13 0 12 0 12 0 12 0 12 0 12 0 12 0 12 0 12 3606 13 3607 12 3608 13 3609 13 0 13 0 1 3610 72 3611 77 3612 0 3613 1 3614 14 3615 1 3616 72 3617 77 3618 72 3619 77 3620 78 3621 72 3622 73 3623 77 3624 78 3625 73 3626 77 3627 78 3628 77 3629 78 3630 77 3631 78 3632 1 3633 77 3634 0 3635 1 3636 14 3637 1 3638 77 3639 77 3640 78 3641 78 0 73 3642 78 3643 73 3644 77 3645 78 3646 77 3647 78 3648 17 3649 31 3650 17 3651 31 3652 31 0 31 0 17 3653 31 3654 17 3655 31 3656 3 0 1 3657 3 3658 75 3659 83 3660 75 3661 83 3662 8 3663 11 3664 75 3665 83 3666 67 3667 83 3668 67 3669 83 3670 67 3671 83 3672 67 3673 70 3674 75 3675 80 3676 83 3677 86 3678 80 3679 86 3680 80 3681 86 3682 80 3683 86 3684 70 3685 86 3686 70 3687 86 3688 70 3689 86 3690 1 3691 72 3692 77 3693 1 3694 72 3695 77 3696 1 3697 72 3698 77 3699 1 3700 72 3701 77 3702 72 3703 73 3704 77 3705 78 3706 72 3707 73 3708 77 3709 72 3710 73 3711 77 3712 78 3713 72 3714 77 3715 72 3716 73 3717 77 3718 78 3719 72 3720 73 3721 78 3722 72 3723 73 3724 72 3725 73 3726 1 3727 72 3728 1 3729 72 3730 72 3731 73 3732 73 0 73 3733 78 3734 72 3735 73 3736 78 3737 72 3738 73 3739 73 3740 78 3741 73 3742 77 3743 78 3744 1 3745 72 3746 77 3747 1 3748 72 3749 77 3750 72 3751 73 3752 77 3753 78 3754 72 3755 77 3756 78 3757 73 3758 77 3759 78 3760 77 3761 78 3762 77 3763 78 3764 1 3765 77 3766 1 3767 77 3768 77 3769 78 3770 78 0 77 3771 78 3772 73 3773 77 3774 78 3775 73 3776 78 3777</v>
        </vertex_weights>
      </skin>
    </controller>
  </library_controllers>
  <library_lights>
    <light id="EnvironmentAmbientLight" name="EnvironmentAmbientLight">
      <technique_common>
        <ambient>
          <color>0 0 0</color>
        </ambient>
      </technique_common>
    </light>
  </library_lights>
  <library_images>
    <image id="alice_diff_png">
      <init_from>./alice_diff.png</init_from>
    </image>
  </library_images>
  <library_visual_scenes>
    <visual_scene id="MaxScene">
      <node name="EnvironmentAmbientLight">
        <instance_light url="#EnvironmentAmbientLight"/>
      </node>
      <node id="node-Bip001_Pelvis" name="Bip001_Pelvis" sid="joint0" type="JOINT">
        <translate>1.34176e-6 -7.055361 250.8312</translate>
        <rotate>0.7071068 3.21721e-7 0.7071068 -179.9998</rotate>
        <scale>0.3937008 0.3937008 0.3937008</scale>
        <node id="node-Bip001_Spine" name="Bip001_Spine" sid="joint1" type="JOINT">
          <translate>51.05048 -0.05597687 6.4855e-5</translate>
          <rotate>0.005388472 0.001798542 -0.9999838 -0.04562595</rotate>
          <node id="node-Bip001_Bow_l" name="Bip001_Bow_l" sid="joint2" type="JOINT">
            <translate>29.26855 -65.68074 26.95326</translate>
            <rotate>-0.2911483 0.9537082 -0.07532218 -103.1616</rotate>
            <extra>
              <technique profile="OpenCOLLADA">
                <cast_shadows sid="cast_shadows" type="bool">1</cast_shadows>
                <receive_shadows sid="receive_shadows" type="bool">1</receive_shadows>
                <primary_visibility sid="primary_visibility" type="bool">1</primary_visibility>
                <secondary_visibility sid="secondary_visibility" type="bool">1</secondary_visibility>
              </technique>
            </extra>
          </node>
          <node id="node-Bip001_Bow_r" name="Bip001_Bow_r" sid="joint3" type="JOINT">
            <translate>29.26837 -65.68057 -26.95362</translate>
            <rotate>0.2911479 -0.9537079 -0.07532727 -103.1616</rotate>
            <extra>
              <technique profile="OpenCOLLADA">
                <cast_shadows sid="cast_shadows" type="bool">1</cast_shadows>
                <receive_shadows sid="receive_shadows" type="bool">1</receive_shadows>
                <primary_visibility sid="primary_visibility" type="bool">1</primary_visibility>
                <secondary_visibility sid="secondary_visibility" type="bool">1</secondary_visibility>
              </technique>
            </extra>
          </node>
          <node id="node-Bip001_BowLeg01_l" name="Bip001_BowLeg01_l" sid="joint4" type="JOINT">
            <translate>5.54895 -84.39182 19.26747</translate>
            <rotate>0.0803004 0.04513855 0.9957482 -142.8761</rotate>
            <node id="node-Bip001_BowLeg01_l02" name="Bip001_BowLeg01_l02" sid="joint5" type="JOINT">
              <translate>84.66241 -0.08496094 7.62939e-6</translate>
              <rotate>-8.06023e-7 -2.51569e-6 1 -3.647101</rotate>
              <extra>
                <technique profile="OpenCOLLADA">
                  <cast_shadows sid="cast_shadows" type="bool">1</cast_shadows>
                  <receive_shadows sid="receive_shadows" type="bool">1</receive_shadows>
                  <primary_visibility sid="primary_visibility" type="bool">1</primary_visibility>
                  <secondary_visibility sid="secondary_visibility" type="bool">1</secondary_visibility>
                </technique>
              </extra>
            </node>
            <extra>
              <technique profile="OpenCOLLADA">
                <cast_shadows sid="cast_shadows" type="bool">1</cast_shadows>
                <receive_shadows sid="receive_shadows" type="bool">1</receive_shadows>
                <primary_visibility sid="primary_visibility" type="bool">1</primary_visibility>
                <secondary_visibility sid="secondary_visibility" type="bool">1</secondary_visibility>
              </technique>
            </extra>
          </node>
          <node id="node-Bip001_BowLeg01_r" name="Bip001_BowLeg01_r" sid="joint6" type="JOINT">
            <translate>5.54895 -84.39172 -19.26794</translate>
            <rotate>-0.08030043 -0.04514409 0.9957479 -142.8761</rotate>
            <node id="node-Bip001_BowLeg01_r02" name="Bip001_BowLeg01_r02" sid="joint7" type="JOINT">
              <translate>84.66251 -0.08502197 7.62939e-6</translate>
              <rotate>-1.69924e-7 -2.51753e-6 1 -3.647134</rotate>
              <extra>
                <technique profile="OpenCOLLADA">
                  <cast_shadows sid="cast_shadows" type="bool">1</cast_shadows>
                  <receive_shadows sid="receive_shadows" type="bool">1</receive_shadows>
                  <primary_visibility sid="primary_visibility" type="bool">1</primary_visibility>
                  <secondary_visibility sid="secondary_visibility" type="bool">1</secondary_visibility>
                </technique>
              </extra>
            </node>
            <extra>
              <technique profile="OpenCOLLADA">
                <cast_shadows sid="cast_shadows" type="bool">1</cast_shadows>
                <receive_shadows sid="receive_shadows" type="bool">1</receive_shadows>
                <primary_visibility sid="primary_visibility" type="bool">1</primary_visibility>
                <secondary_visibility sid="secondary_visibility" type="bool">1</secondary_visibility>
              </technique>
            </extra>
          </node>
          <node id="node-Bip001_L_Calf" name="Bip001_L_Calf" sid="joint8" type="JOINT">
            <translate>-320.2602 1.808771 54.67383</translate>
            <rotate>-0.01605317 0.9998711 -2.15631e-4 -181.0119</rotate>
            <node id="node-Bip001_L_Foot" name="Bip001_L_Foot" sid="joint9" type="JOINT">
              <translate>325.1314 -9.53674e-7 -1.90735e-5</translate>
              <rotate>0.9909844 -0.04647836 -0.1256565 -16.02143</rotate>
              <node id="node-Bip001_L_Toe0" name="Bip001_L_Toe0" sid="joint10" type="JOINT">
                <translate>34.79181 55.88223 0</translate>
                <rotate>1.69038e-7 -1.8859e-7 -1 -90</rotate>
                <extra>
                  <technique profile="OpenCOLLADA">
                    <cast_shadows sid="cast_shadows" type="bool">1</cast_shadows>
                    <receive_shadows sid="receive_shadows" type="bool">1</receive_shadows>
                    <primary_visibility sid="primary_visibility" type="bool">1</primary_visibility>
                    <secondary_visibility sid="secondary_visibility" type="bool">1</secondary_visibility>
                  </technique>
                </extra>
              </node>
              <extra>
                <technique profile="OpenCOLLADA">
                  <cast_shadows sid="cast_shadows" type="bool">1</cast_shadows>
                  <receive_shadows sid="receive_shadows" type="bool">1</receive_shadows>
                  <primary_visibility sid="primary_visibility" type="bool">1</primary_visibility>
                  <secondary_visibility sid="secondary_visibility" type="bool">1</secondary_visibility>
                </technique>
              </extra>
            </node>
            <extra>
              <technique profile="OpenCOLLADA">
                <cast_shadows sid="cast_shadows" type="bool">1</cast_shadows>
                <receive_shadows sid="receive_shadows" type="bool">1</receive_shadows>
                <primary_visibility sid="primary_visibility" type="bool">1</primary_visibility>
                <secondary_visibility sid="secondary_visibility" type="bool">1</secondary_visibility>
              </technique>
            </extra>
          </node>
          <node id="node-Bip001_R_Calf" name="Bip001_R_Calf" sid="joint11" type="JOINT">
            <translate>-320.2602 1.809078 -54.67387</translate>
            <rotate>-0.01605326 0.9998711 2.18496e-4 -178.9882</rotate>
            <node id="node-Bip001_R_Foot" name="Bip001_R_Foot" sid="joint12" type="JOINT">
              <translate>325.1313 6.19888e-6 0</translate>
              <rotate>-0.9909845 0.04647802 -0.1256565 -16.02143</rotate>
              <node id="node-Bip001_R_Toe0" name="Bip001_R_Toe0" sid="joint13" type="JOINT">
                <translate>34.7918 55.88223 -3.8147e-6</translate>
                <rotate>-2.38976e-7 2.37861e-7 -1 -90</rotate>
                <extra>
                  <technique profile="OpenCOLLADA">
                    <cast_shadows sid="cast_shadows" type="bool">1</cast_shadows>
                    <receive_shadows sid="receive_shadows" type="bool">1</receive_shadows>
                    <primary_visibility sid="primary_visibility" type="bool">1</primary_visibility>
                    <secondary_visibility sid="secondary_visibility" type="bool">1</secondary_visibility>
                  </technique>
                </extra>
              </node>
              <extra>
                <technique profile="OpenCOLLADA">
                  <cast_shadows sid="cast_shadows" type="bool">1</cast_shadows>
                  <receive_shadows sid="receive_shadows" type="bool">1</receive_shadows>
                  <primary_visibility sid="primary_visibility" type="bool">1</primary_visibility>
                  <secondary_visibility sid="secondary_visibility" type="bool">1</secondary_visibility>
                </technique>
              </extra>
            </node>
            <extra>
              <technique profile="OpenCOLLADA">
                <cast_shadows sid="cast_shadows" type="bool">1</cast_shadows>
                <receive_shadows sid="receive_shadows" type="bool">1</receive_shadows>
                <primary_visibility sid="primary_visibility" type="bool">1</primary_visibility>
                <secondary_visibility sid="secondary_visibility" type="bool">1</secondary_visibility>
              </technique>
            </extra>
          </node>
          <node id="node-Bip001_Spine1" name="Bip001_Spine1" sid="joint14" type="JOINT">
            <translate>70.33087 -0.05600357 -3.06929e-7</translate>
            <node id="node-Bip001_Spine2" name="Bip001_Spine2" sid="joint15" type="JOINT">
              <translate>70.33093 -0.06742668 -5.03671e-7</translate>
              <node id="node-Bip001_Neck" name="Bip001_Neck" sid="joint16" type="JOINT">
                <translate>97.47882 -17.06939 -2.39021e-5</translate>
                <node id="node-Bip001_Head" name="Bip001_Head" sid="joint17" type="JOINT">
                  <translate>44.57281 1.06096e-5 1.73249e-6</translate>
                  <rotate>-4.45033e-9 -1.11798e-5 1 -0.04570763</rotate>
                  <node id="node-Bip001_Cheek_l" name="Bip001_Cheek_l" sid="joint18" type="JOINT">
                    <translate>51.55884 55.17093 37.78342</translate>
                    <rotate>-0.2515381 0.2442177 -0.9365289 -95.53266</rotate>
                    <extra>
                      <technique profile="OpenCOLLADA">
                        <cast_shadows sid="cast_shadows" type="bool">1</cast_shadows>
                        <receive_shadows sid="receive_shadows" type="bool">1</receive_shadows>
                        <primary_visibility sid="primary_visibility" type="bool">1</primary_visibility>
                        <secondary_visibility sid="secondary_visibility" type="bool">1</secondary_visibility>
                      </technique>
                    </extra>
                  </node>
                  <node id="node-Bip001_Cheek_r" name="Bip001_Cheek_r" sid="joint19" type="JOINT">
                    <translate>51.55872 55.17114 -37.78312</translate>
                    <rotate>0.2515395 -0.2442136 -0.9365295 -95.53267</rotate>
                    <extra>
                      <technique profile="OpenCOLLADA">
                        <cast_shadows sid="cast_shadows" type="bool">1</cast_shadows>
                        <receive_shadows sid="receive_shadows" type="bool">1</receive_shadows>
                        <primary_visibility sid="primary_visibility" type="bool">1</primary_visibility>
                        <secondary_visibility sid="secondary_visibility" type="bool">1</secondary_visibility>
                      </technique>
                    </extra>
                  </node>
                  <node id="node-Bip001_Eye_l" name="Bip001_Eye_l" sid="joint20" type="JOINT">
                    <translate>79.09167 49.00022 34.84281</translate>
                    <rotate>1.06637e-8 2.87169e-6 -1 -89.5745</rotate>
                    <extra>
                      <technique profile="OpenCOLLADA">
                        <cast_shadows sid="cast_shadows" type="bool">1</cast_shadows>
                        <receive_shadows sid="receive_shadows" type="bool">1</receive_shadows>
                        <primary_visibility sid="primary_visibility" type="bool">1</primary_visibility>
                        <secondary_visibility sid="secondary_visibility" type="bool">1</secondary_visibility>
                      </technique>
                    </extra>
                  </node>
                  <node id="node-Bip001_Eye_r" name="Bip001_Eye_r" sid="joint21" type="JOINT">
                    <translate>79.0918 49.0004 -34.84254</translate>
                    <rotate>1.06637e-8 2.87169e-6 -1 -89.5745</rotate>
                    <extra>
                      <technique profile="OpenCOLLADA">
                        <cast_shadows sid="cast_shadows" type="bool">1</cast_shadows>
                        <receive_shadows sid="receive_shadows" type="bool">1</receive_shadows>
                        <primary_visibility sid="primary_visibility" type="bool">1</primary_visibility>
                        <secondary_visibility sid="secondary_visibility" type="bool">1</secondary_visibility>
                      </technique>
                    </extra>
                  </node>
                  <node id="node-Bip001_Eyebrow01_l" name="Bip001_Eyebrow01_l" sid="joint22" type="JOINT">
                    <translate>116.6785 55.19492 51.79632</translate>
                    <rotate>-0.1772439 0.4797859 -0.8592963 -91.82465</rotate>
                    <extra>
                      <technique profile="OpenCOLLADA">
                        <cast_shadows sid="cast_shadows" type="bool">1</cast_shadows>
                        <receive_shadows sid="receive_shadows" type="bool">1</receive_shadows>
                        <primary_visibility sid="primary_visibility" type="bool">1</primary_visibility>
                        <secondary_visibility sid="secondary_visibility" type="bool">1</secondary_visibility>
                      </technique>
                    </extra>
                  </node>
                  <node id="node-Bip001_Eyebrow01_r" name="Bip001_Eyebrow01_r" sid="joint23" type="JOINT">
                    <translate>116.6785 55.1952 -51.79602</translate>
                    <rotate>0.1772438 -0.4797812 -0.8592989 -91.82465</rotate>
                    <extra>
                      <technique profile="OpenCOLLADA">
                        <cast_shadows sid="cast_shadows" type="bool">1</cast_shadows>
                        <receive_shadows sid="receive_shadows" type="bool">1</receive_shadows>
                        <primary_visibility sid="primary_visibility" type="bool">1</primary_visibility>
                        <secondary_visibility sid="secondary_visibility" type="bool">1</secondary_visibility>
                      </technique>
                    </extra>
                  </node>
                  <node id="node-Bip001_Eyebrow02_l" name="Bip001_Eyebrow02_l" sid="joint24" type="JOINT">
                    <translate>119.9692 66.68247 39.90905</translate>
                    <rotate>-0.2151225 0.2156682 -0.9524755 -92.73559</rotate>
                    <extra>
                      <technique profile="OpenCOLLADA">
                        <cast_shadows sid="cast_shadows" type="bool">1</cast_shadows>
                        <receive_shadows sid="receive_shadows" type="bool">1</receive_shadows>
                        <primary_visibility sid="primary_visibility" type="bool">1</primary_visibility>
                        <secondary_visibility sid="secondary_visibility" type="bool">1</secondary_visibility>
                      </technique>
                    </extra>
                  </node>
                  <node id="node-Bip001_Eyebrow02_r" name="Bip001_Eyebrow02_r" sid="joint25" type="JOINT">
                    <translate>119.9694 66.68272 -39.90868</translate>
                    <rotate>0.2151224 -0.2156627 -0.9524767 -92.73557</rotate>
                    <extra>
                      <technique profile="OpenCOLLADA">
                        <cast_shadows sid="cast_shadows" type="bool">1</cast_shadows>
                        <receive_shadows sid="receive_shadows" type="bool">1</receive_shadows>
                        <primary_visibility sid="primary_visibility" type="bool">1</primary_visibility>
                        <secondary_visibility sid="secondary_visibility" type="bool">1</secondary_visibility>
                      </technique>
                    </extra>
                  </node>
                  <node id="node-Bip001_Eyebrow03_l" name="Bip001_Eyebrow03_l" sid="joint26" type="JOINT">
                    <translate>118.9691 73.21274 23.04908</translate>
                    <rotate>-0.16582 0.03805775 -0.9854214 -91.56726</rotate>
                    <extra>
                      <technique profile="OpenCOLLADA">
                        <cast_shadows sid="cast_shadows" type="bool">1</cast_shadows>
                        <receive_shadows sid="receive_shadows" type="bool">1</receive_shadows>
                        <primary_visibility sid="primary_visibility" type="bool">1</primary_visibility>
                        <secondary_visibility sid="secondary_visibility" type="bool">1</secondary_visibility>
                      </technique>
                    </extra>
                  </node>
                  <node id="node-Bip001_Eyebrow03_r" name="Bip001_Eyebrow03_r" sid="joint27" type="JOINT">
                    <translate>118.9691 73.21287 -23.04865</translate>
                    <rotate>0.16582 -0.03805238 -0.9854216 -91.56729</rotate>
                    <extra>
                      <technique profile="OpenCOLLADA">
                        <cast_shadows sid="cast_shadows" type="bool">1</cast_shadows>
                        <receive_shadows sid="receive_shadows" type="bool">1</receive_shadows>
                        <primary_visibility sid="primary_visibility" type="bool">1</primary_visibility>
                        <secondary_visibility sid="secondary_visibility" type="bool">1</secondary_visibility>
                      </technique>
                    </extra>
                  </node>
                  <node id="node-Bip001_EyelidBottom_l" name="Bip001_EyelidBottom_l" sid="joint28" type="JOINT">
                    <translate>74.58057 35.79362 37.73499</translate>
                    <rotate>-2.69757e-8 2.87196e-6 -1 -99.87372</rotate>
                    <extra>
                      <technique profile="OpenCOLLADA">
                        <cast_shadows sid="cast_shadows" type="bool">1</cast_shadows>
                        <receive_shadows sid="receive_shadows" type="bool">1</receive_shadows>
                        <primary_visibility sid="primary_visibility" type="bool">1</primary_visibility>
                        <secondary_visibility sid="secondary_visibility" type="bool">1</secondary_visibility>
                      </technique>
                    </extra>
                  </node>
                  <node id="node-Bip001_EyelidBottom_r" name="Bip001_EyelidBottom_r" sid="joint29" type="JOINT">
                    <translate>74.58069 35.79387 -37.7348</translate>
                    <rotate>-2.69757e-8 2.87196e-6 -1 -99.87372</rotate>
                    <extra>
                      <technique profile="OpenCOLLADA">
                        <cast_shadows sid="cast_shadows" type="bool">1</cast_shadows>
                        <receive_shadows sid="receive_shadows" type="bool">1</receive_shadows>
                        <primary_visibility sid="primary_visibility" type="bool">1</primary_visibility>
                        <secondary_visibility sid="secondary_visibility" type="bool">1</secondary_visibility>
                      </technique>
                    </extra>
                  </node>
                  <node id="node-Bip001_EyelidUp_l" name="Bip001_EyelidUp_l" sid="joint30" type="JOINT">
                    <translate>74.93103 35.63152 35.23585</translate>
                    <rotate>-0.03917851 0.03443005 -0.9986389 -60.92417</rotate>
                    <extra>
                      <technique profile="OpenCOLLADA">
                        <cast_shadows sid="cast_shadows" type="bool">1</cast_shadows>
                        <receive_shadows sid="receive_shadows" type="bool">1</receive_shadows>
                        <primary_visibility sid="primary_visibility" type="bool">1</primary_visibility>
                        <secondary_visibility sid="secondary_visibility" type="bool">1</secondary_visibility>
                      </technique>
                    </extra>
                  </node>
                  <node id="node-Bip001_EyelidUP_r" name="Bip001_EyelidUP_r" sid="joint31" type="JOINT">
                    <translate>74.93127 35.63173 -35.23565</translate>
                    <rotate>0.03917839 -0.0344243 -0.9986391 -60.92417</rotate>
                    <extra>
                      <technique profile="OpenCOLLADA">
                        <cast_shadows sid="cast_shadows" type="bool">1</cast_shadows>
                        <receive_shadows sid="receive_shadows" type="bool">1</receive_shadows>
                        <primary_visibility sid="primary_visibility" type="bool">1</primary_visibility>
                        <secondary_visibility sid="secondary_visibility" type="bool">1</secondary_visibility>
                      </technique>
                    </extra>
                  </node>
                  <node id="node-Bip001_Headbow_l" name="Bip001_Headbow_l" sid="joint32" type="JOINT">
                    <translate>209.2448 6.279415 9.216565</translate>
                    <rotate>-0.1472708 0.9568994 0.2503095 -50.79637</rotate>
                    <extra>
                      <technique profile="OpenCOLLADA">
                        <cast_shadows sid="cast_shadows" type="bool">1</cast_shadows>
                        <receive_shadows sid="receive_shadows" type="bool">1</receive_shadows>
                        <primary_visibility sid="primary_visibility" type="bool">1</primary_visibility>
                        <secondary_visibility sid="secondary_visibility" type="bool">1</secondary_visibility>
                      </technique>
                    </extra>
                  </node>
                  <node id="node-Bip001_Headbow_r" name="Bip001_Headbow_r" sid="joint33" type="JOINT">
                    <translate>209.245 6.279476 -9.216467</translate>
                    <rotate>0.1472702 -0.9569008 0.2503044 -50.79638</rotate>
                    <extra>
                      <technique profile="OpenCOLLADA">
                        <cast_shadows sid="cast_shadows" type="bool">1</cast_shadows>
                        <receive_shadows sid="receive_shadows" type="bool">1</receive_shadows>
                        <primary_visibility sid="primary_visibility" type="bool">1</primary_visibility>
                        <secondary_visibility sid="secondary_visibility" type="bool">1</secondary_visibility>
                      </technique>
                    </extra>
                  </node>
                  <node id="node-Bip001_Jaw" name="Bip001_Jaw" sid="joint34" type="JOINT">
                    <translate>45.55872 -4.100782 -4.44089e-4</translate>
                    <rotate>6.02102e-8 -2.77459e-6 1 -235.6229</rotate>
                    <node id="node-Bip001_LipBottom_l" name="Bip001_LipBottom_l" sid="joint35" type="JOINT">
                      <translate>80.71344 -22.54883 7.25815</translate>
                      <rotate>0.06668204 0.2615065 0.9628956 -29.5705</rotate>
                      <extra>
                        <technique profile="OpenCOLLADA">
                          <cast_shadows sid="cast_shadows" type="bool">1</cast_shadows>
                          <receive_shadows sid="receive_shadows" type="bool">1</receive_shadows>
                          <primary_visibility sid="primary_visibility" type="bool">1</primary_visibility>
                          <secondary_visibility sid="secondary_visibility" type="bool">1</secondary_visibility>
                        </technique>
                      </extra>
                    </node>
                    <node id="node-Bip001_LipBottom_r" name="Bip001_LipBottom_r" sid="joint36" type="JOINT">
                      <translate>80.71347 -22.54871 -7.258262</translate>
                      <rotate>-0.06668151 -0.2615099 0.9628947 -29.57047</rotate>
                      <extra>
                        <technique profile="OpenCOLLADA">
                          <cast_shadows sid="cast_shadows" type="bool">1</cast_shadows>
                          <receive_shadows sid="receive_shadows" type="bool">1</receive_shadows>
                          <primary_visibility sid="primary_visibility" type="bool">1</primary_visibility>
                          <secondary_visibility sid="secondary_visibility" type="bool">1</secondary_visibility>
                        </technique>
                      </extra>
                    </node>
                    <node id="node-Bip001_Teeth_bottom" name="Bip001_Teeth_bottom" sid="joint37" type="JOINT">
                      <translate>67.31949 -14.12317 3.04837e-4</translate>
                      <rotate>3.26586e-7 -2.85916e-6 1 -27.60596</rotate>
                      <extra>
                        <technique profile="OpenCOLLADA">
                          <cast_shadows sid="cast_shadows" type="bool">1</cast_shadows>
                          <receive_shadows sid="receive_shadows" type="bool">1</receive_shadows>
                          <primary_visibility sid="primary_visibility" type="bool">1</primary_visibility>
                          <secondary_visibility sid="secondary_visibility" type="bool">1</secondary_visibility>
                        </technique>
                      </extra>
                    </node>
                    <extra>
                      <technique profile="OpenCOLLADA">
                        <cast_shadows sid="cast_shadows" type="bool">1</cast_shadows>
                        <receive_shadows sid="receive_shadows" type="bool">1</receive_shadows>
                        <primary_visibility sid="primary_visibility" type="bool">1</primary_visibility>
                        <secondary_visibility sid="secondary_visibility" type="bool">1</secondary_visibility>
                      </technique>
                    </extra>
                  </node>
                  <node id="node-Bip001_LipCorner_l" name="Bip001_LipCorner_l" sid="joint38" type="JOINT">
                    <translate>23.38977 71.62782 18.80671</translate>
                    <rotate>-0.1299159 0.1428194 -0.9811853 -97.41855</rotate>
                    <extra>
                      <technique profile="OpenCOLLADA">
                        <cast_shadows sid="cast_shadows" type="bool">1</cast_shadows>
                        <receive_shadows sid="receive_shadows" type="bool">1</receive_shadows>
                        <primary_visibility sid="primary_visibility" type="bool">1</primary_visibility>
                        <secondary_visibility sid="secondary_visibility" type="bool">1</secondary_visibility>
                      </technique>
                    </extra>
                  </node>
                  <node id="node-Bip001_LipCorner_r" name="Bip001_LipCorner_r" sid="joint39" type="JOINT">
                    <translate>23.38983 71.62804 -18.80632</translate>
                    <rotate>0.129916 -0.142814 -0.981186 -97.41856</rotate>
                    <extra>
                      <technique profile="OpenCOLLADA">
                        <cast_shadows sid="cast_shadows" type="bool">1</cast_shadows>
                        <receive_shadows sid="receive_shadows" type="bool">1</receive_shadows>
                        <primary_visibility sid="primary_visibility" type="bool">1</primary_visibility>
                        <secondary_visibility sid="secondary_visibility" type="bool">1</secondary_visibility>
                      </technique>
                    </extra>
                  </node>
                  <node id="node-Bip001_LipUp_l" name="Bip001_LipUp_l" sid="joint40" type="JOINT">
                    <translate>27.55621 77.73059 8.267658</translate>
                    <rotate>-1.25902e-8 2.84843e-6 -1 -90.5065</rotate>
                    <extra>
                      <technique profile="OpenCOLLADA">
                        <cast_shadows sid="cast_shadows" type="bool">1</cast_shadows>
                        <receive_shadows sid="receive_shadows" type="bool">1</receive_shadows>
                        <primary_visibility sid="primary_visibility" type="bool">1</primary_visibility>
                        <secondary_visibility sid="secondary_visibility" type="bool">1</secondary_visibility>
                      </technique>
                    </extra>
                  </node>
                  <node id="node-Bip001_LipUp_r" name="Bip001_LipUp_r" sid="joint41" type="JOINT">
                    <translate>27.55621 77.73063 -8.267233</translate>
                    <rotate>-1.25899e-8 2.84843e-6 -1 -90.5065</rotate>
                    <extra>
                      <technique profile="OpenCOLLADA">
                        <cast_shadows sid="cast_shadows" type="bool">1</cast_shadows>
                        <receive_shadows sid="receive_shadows" type="bool">1</receive_shadows>
                        <primary_visibility sid="primary_visibility" type="bool">1</primary_visibility>
                        <secondary_visibility sid="secondary_visibility" type="bool">1</secondary_visibility>
                      </technique>
                    </extra>
                  </node>
                  <node id="node-Bip001_Ponytail1" name="Bip001_Ponytail1" sid="joint42" type="JOINT">
                    <translate>19.86871 -75.09506 -1.89635e-4</translate>
                    <rotate>-1.25833e-8 -2.68905e-6 1 -162.1786</rotate>
                    <node id="node-Bip001_Ponytail11" name="Bip001_Ponytail11" sid="joint43" type="JOINT">
                      <translate>108.6455 -0.1072693 5.05767e-5</translate>
                      <rotate>-4.32571e-7 -3.00332e-6 1 -16.39204</rotate>
                      <extra>
                        <technique profile="OpenCOLLADA">
                          <cast_shadows sid="cast_shadows" type="bool">1</cast_shadows>
                          <receive_shadows sid="receive_shadows" type="bool">1</receive_shadows>
                          <primary_visibility sid="primary_visibility" type="bool">1</primary_visibility>
                          <secondary_visibility sid="secondary_visibility" type="bool">1</secondary_visibility>
                        </technique>
                      </extra>
                    </node>
                    <extra>
                      <technique profile="OpenCOLLADA">
                        <cast_shadows sid="cast_shadows" type="bool">1</cast_shadows>
                        <receive_shadows sid="receive_shadows" type="bool">1</receive_shadows>
                        <primary_visibility sid="primary_visibility" type="bool">1</primary_visibility>
                        <secondary_visibility sid="secondary_visibility" type="bool">1</secondary_visibility>
                      </technique>
                    </extra>
                  </node>
                  <node id="node-Bip001_Teeth_up" name="Bip001_Teeth_up" sid="joint44" type="JOINT">
                    <translate>23.02698 59.39692 1.07549e-4</translate>
                    <rotate>-1.67942e-7 2.70718e-6 -1 -86.71084</rotate>
                    <extra>
                      <technique profile="OpenCOLLADA">
                        <cast_shadows sid="cast_shadows" type="bool">1</cast_shadows>
                        <receive_shadows sid="receive_shadows" type="bool">1</receive_shadows>
                        <primary_visibility sid="primary_visibility" type="bool">1</primary_visibility>
                        <secondary_visibility sid="secondary_visibility" type="bool">1</secondary_visibility>
                      </technique>
                    </extra>
                  </node>
                  <extra>
                    <technique profile="OpenCOLLADA">
                      <cast_shadows sid="cast_shadows" type="bool">1</cast_shadows>
                      <receive_shadows sid="receive_shadows" type="bool">1</receive_shadows>
                      <primary_visibility sid="primary_visibility" type="bool">1</primary_visibility>
                      <secondary_visibility sid="secondary_visibility" type="bool">1</secondary_visibility>
                    </technique>
                  </extra>
                </node>
                <node id="node-Bip001_L_Clavicle" name="Bip001_L_Clavicle" sid="joint45" type="JOINT">
                  <translate>-9.859924 0.1793789 38.51817</translate>
                  <rotate>0.4754519 -0.09085187 0.875038 -174.3989</rotate>
                  <node id="node-Bip001_L_UpperArm" name="Bip001_L_UpperArm" sid="joint46" type="JOINT">
                    <translate>77.2594 2.86102e-6 6.10352e-5</translate>
                    <rotate>-0.728007 -0.5830753 0.3605953 -16.19083</rotate>
                    <node id="node-Bip001_L_Forearm" name="Bip001_L_Forearm" sid="joint47" type="JOINT">
                      <translate>113.1909 -1.52588e-5 -1.2207e-4</translate>
                      <rotate>-2.67726e-7 -3.11488e-6 1 -10.44454</rotate>
                      <node id="node-Bip001_L_Hand" name="Bip001_L_Hand" sid="joint48" type="JOINT">
                        <translate>124.2312 -1.14441e-5 6.10352e-5</translate>
                        <rotate>0.9990851 -0.03022839 0.0302518 -90.00683</rotate>
                        <node id="node-Bip001_L_Finger0" name="Bip001_L_Finger0" sid="joint49" type="JOINT">
                          <translate>38.05522 2.233154 -34.82543</translate>
                          <rotate>-0.9322996 -0.3615835 0.00864678 -55.79778</rotate>
                          <node id="node-Bip001_L_Finger01" name="Bip001_L_Finger01" sid="joint50" type="JOINT">
                            <translate>28.89117 0 -6.10352e-5</translate>
                            <rotate>-3.95096e-7 -8.19684e-6 1 -5.064529</rotate>
                            <extra>
                              <technique profile="OpenCOLLADA">
                                <cast_shadows sid="cast_shadows" type="bool">1</cast_shadows>
                                <receive_shadows sid="receive_shadows" type="bool">1</receive_shadows>
                                <primary_visibility sid="primary_visibility" type="bool">1</primary_visibility>
                                <secondary_visibility sid="secondary_visibility" type="bool">1</secondary_visibility>
                              </technique>
                            </extra>
                          </node>
                          <extra>
                            <technique profile="OpenCOLLADA">
                              <cast_shadows sid="cast_shadows" type="bool">1</cast_shadows>
                              <receive_shadows sid="receive_shadows" type="bool">1</receive_shadows>
                              <primary_visibility sid="primary_visibility" type="bool">1</primary_visibility>
                              <secondary_visibility sid="secondary_visibility" type="bool">1</secondary_visibility>
                            </technique>
                          </extra>
                        </node>
                        <node id="node-Bip001_L_Finger1" name="Bip001_L_Finger1" sid="joint51" type="JOINT">
                          <translate>67.59373 -5.523804 -23.93807</translate>
                          <rotate>0.01466619 -0.9939295 0.109037 -11.22864</rotate>
                          <node id="node-Bip001_L_Finger11" name="Bip001_L_Finger11" sid="joint52" type="JOINT">
                            <translate>32.16895 0 3.05176e-5</translate>
                            <rotate>-9.37771e-7 -3.90193e-7 -1 -13.32365</rotate>
                            <extra>
                              <technique profile="OpenCOLLADA">
                                <cast_shadows sid="cast_shadows" type="bool">1</cast_shadows>
                                <receive_shadows sid="receive_shadows" type="bool">1</receive_shadows>
                                <primary_visibility sid="primary_visibility" type="bool">1</primary_visibility>
                                <secondary_visibility sid="secondary_visibility" type="bool">1</secondary_visibility>
                              </technique>
                            </extra>
                          </node>
                          <extra>
                            <technique profile="OpenCOLLADA">
                              <cast_shadows sid="cast_shadows" type="bool">1</cast_shadows>
                              <receive_shadows sid="receive_shadows" type="bool">1</receive_shadows>
                              <primary_visibility sid="primary_visibility" type="bool">1</primary_visibility>
                              <secondary_visibility sid="secondary_visibility" type="bool">1</secondary_visibility>
                            </technique>
                          </extra>
                        </node>
                        <node id="node-Bip001_L_Finger2" name="Bip001_L_Finger2" sid="joint53" type="JOINT">
                          <translate>68.15045 -0.6156006 4.011997</translate>
                          <rotate>1 3.67188e-7 -5.60978e-6 -9.467983</rotate>
                          <node id="node-Bip001_L_Finger21" name="Bip001_L_Finger21" sid="joint54" type="JOINT">
                            <translate>34.93236 -1.2207e-4 -2.28882e-5</translate>
                            <rotate>-6.8095e-9 -5.76207e-8 -1 -20.05357</rotate>
                            <extra>
                              <technique profile="OpenCOLLADA">
                                <cast_shadows sid="cast_shadows" type="bool">1</cast_shadows>
                                <receive_shadows sid="receive_shadows" type="bool">1</receive_shadows>
                                <primary_visibility sid="primary_visibility" type="bool">1</primary_visibility>
                                <secondary_visibility sid="secondary_visibility" type="bool">1</secondary_visibility>
                              </technique>
                            </extra>
                          </node>
                          <extra>
                            <technique profile="OpenCOLLADA">
                              <cast_shadows sid="cast_shadows" type="bool">1</cast_shadows>
                              <receive_shadows sid="receive_shadows" type="bool">1</receive_shadows>
                              <primary_visibility sid="primary_visibility" type="bool">1</primary_visibility>
                              <secondary_visibility sid="secondary_visibility" type="bool">1</secondary_visibility>
                            </technique>
                          </extra>
                        </node>
                        <extra>
                          <technique profile="OpenCOLLADA">
                            <cast_shadows sid="cast_shadows" type="bool">1</cast_shadows>
                            <receive_shadows sid="receive_shadows" type="bool">1</receive_shadows>
                            <primary_visibility sid="primary_visibility" type="bool">1</primary_visibility>
                            <secondary_visibility sid="secondary_visibility" type="bool">1</secondary_visibility>
                          </technique>
                        </extra>
                      </node>
                      <extra>
                        <technique profile="OpenCOLLADA">
                          <cast_shadows sid="cast_shadows" type="bool">1</cast_shadows>
                          <receive_shadows sid="receive_shadows" type="bool">1</receive_shadows>
                          <primary_visibility sid="primary_visibility" type="bool">1</primary_visibility>
                          <secondary_visibility sid="secondary_visibility" type="bool">1</secondary_visibility>
                        </technique>
                      </extra>
                    </node>
                    <extra>
                      <technique profile="OpenCOLLADA">
                        <cast_shadows sid="cast_shadows" type="bool">1</cast_shadows>
                        <receive_shadows sid="receive_shadows" type="bool">1</receive_shadows>
                        <primary_visibility sid="primary_visibility" type="bool">1</primary_visibility>
                        <secondary_visibility sid="secondary_visibility" type="bool">1</secondary_visibility>
                      </technique>
                    </extra>
                  </node>
                  <extra>
                    <technique profile="OpenCOLLADA">
                      <cast_shadows sid="cast_shadows" type="bool">1</cast_shadows>
                      <receive_shadows sid="receive_shadows" type="bool">1</receive_shadows>
                      <primary_visibility sid="primary_visibility" type="bool">1</primary_visibility>
                      <secondary_visibility sid="secondary_visibility" type="bool">1</secondary_visibility>
                    </technique>
                  </extra>
                </node>
                <node id="node-Bip001_R_Clavicle" name="Bip001_R_Clavicle" sid="joint55" type="JOINT">
                  <translate>-9.859741 0.1795918 -38.51822</translate>
                  <rotate>-0.4754521 0.09084945 0.8750381 -174.399</rotate>
                  <node id="node-Bip001_R_UpperArm" name="Bip001_R_UpperArm" sid="joint56" type="JOINT">
                    <translate>77.25937 1.14441e-5 1.2207e-4</translate>
                    <rotate>0.7280071 0.5830751 0.3605955 -16.19082</rotate>
                    <node id="node-Bip001_R_Forearm" name="Bip001_R_Forearm" sid="joint57" type="JOINT">
                      <translate>113.1909 -2.28882e-5 0</translate>
                      <rotate>-8.82011e-8 2.55031e-6 1 -10.44454</rotate>
                      <node id="node-Bip001_R_Hand" name="Bip001_R_Hand" sid="joint58" type="JOINT">
                        <translate>124.2314 -9.53674e-6 0</translate>
                        <rotate>-0.9990851 0.03022851 0.03025164 -90.00681</rotate>
                        <node id="node-Bip001_R_Finger0" name="Bip001_R_Finger0" sid="joint59" type="JOINT">
                          <translate>38.05518 2.233337 34.82542</translate>
                          <rotate>0.9322996 0.3615837 0.008646546 -55.79777</rotate>
                          <node id="node-Bip001_R_Finger01" name="Bip001_R_Finger01" sid="joint60" type="JOINT">
                            <translate>28.89124 1.2207e-4 3.05176e-5</translate>
                            <rotate>5.5984e-7 1.12912e-5 1 -5.064527</rotate>
                            <extra>
                              <technique profile="OpenCOLLADA">
                                <cast_shadows sid="cast_shadows" type="bool">1</cast_shadows>
                                <receive_shadows sid="receive_shadows" type="bool">1</receive_shadows>
                                <primary_visibility sid="primary_visibility" type="bool">1</primary_visibility>
                                <secondary_visibility sid="secondary_visibility" type="bool">1</secondary_visibility>
                              </technique>
                            </extra>
                          </node>
                          <extra>
                            <technique profile="OpenCOLLADA">
                              <cast_shadows sid="cast_shadows" type="bool">1</cast_shadows>
                              <receive_shadows sid="receive_shadows" type="bool">1</receive_shadows>
                              <primary_visibility sid="primary_visibility" type="bool">1</primary_visibility>
                              <secondary_visibility sid="secondary_visibility" type="bool">1</secondary_visibility>
                            </technique>
                          </extra>
                        </node>
                        <node id="node-Bip001_R_Finger1" name="Bip001_R_Finger1" sid="joint61" type="JOINT">
                          <translate>67.59372 -5.52356 23.93804</translate>
                          <rotate>-0.01466613 0.9939295 0.1090367 -11.22863</rotate>
                          <node id="node-Bip001_R_Finger11" name="Bip001_R_Finger11" sid="joint62" type="JOINT">
                            <translate>32.16893 0 2.28882e-5</translate>
                            <rotate>1.95469e-6 -4.93329e-7 -1 -13.32367</rotate>
                            <extra>
                              <technique profile="OpenCOLLADA">
                                <cast_shadows sid="cast_shadows" type="bool">1</cast_shadows>
                                <receive_shadows sid="receive_shadows" type="bool">1</receive_shadows>
                                <primary_visibility sid="primary_visibility" type="bool">1</primary_visibility>
                                <secondary_visibility sid="secondary_visibility" type="bool">1</secondary_visibility>
                              </technique>
                            </extra>
                          </node>
                          <extra>
                            <technique profile="OpenCOLLADA">
                              <cast_shadows sid="cast_shadows" type="bool">1</cast_shadows>
                              <receive_shadows sid="receive_shadows" type="bool">1</receive_shadows>
                              <primary_visibility sid="primary_visibility" type="bool">1</primary_visibility>
                              <secondary_visibility sid="secondary_visibility" type="bool">1</secondary_visibility>
                            </technique>
                          </extra>
                        </node>
                        <node id="node-Bip001_R_Finger2" name="Bip001_R_Finger2" sid="joint63" type="JOINT">
                          <translate>68.15039 -0.6153564 -4.012005</translate>
                          <rotate>-1 -6.11231e-7 -7.42873e-6 -9.467971</rotate>
                          <node id="node-Bip001_R_Finger21" name="Bip001_R_Finger21" sid="joint64" type="JOINT">
                            <translate>34.9325 -6.10352e-5 -1.52588e-5</translate>
                            <rotate>1.33227e-7 -8.422e-7 -1 -20.05359</rotate>
                            <extra>
                              <technique profile="OpenCOLLADA">
                                <cast_shadows sid="cast_shadows" type="bool">1</cast_shadows>
                                <receive_shadows sid="receive_shadows" type="bool">1</receive_shadows>
                                <primary_visibility sid="primary_visibility" type="bool">1</primary_visibility>
                                <secondary_visibility sid="secondary_visibility" type="bool">1</secondary_visibility>
                              </technique>
                            </extra>
                          </node>
                          <extra>
                            <technique profile="OpenCOLLADA">
                              <cast_shadows sid="cast_shadows" type="bool">1</cast_shadows>
                              <receive_shadows sid="receive_shadows" type="bool">1</receive_shadows>
                              <primary_visibility sid="primary_visibility" type="bool">1</primary_visibility>
                              <secondary_visibility sid="secondary_visibility" type="bool">1</secondary_visibility>
                            </technique>
                          </extra>
                        </node>
                        <extra>
                          <technique profile="OpenCOLLADA">
                            <cast_shadows sid="cast_shadows" type="bool">1</cast_shadows>
                            <receive_shadows sid="receive_shadows" type="bool">1</receive_shadows>
                            <primary_visibility sid="primary_visibility" type="bool">1</primary_visibility>
                            <secondary_visibility sid="secondary_visibility" type="bool">1</secondary_visibility>
                          </technique>
                        </extra>
                      </node>
                      <extra>
                        <technique profile="OpenCOLLADA">
                          <cast_shadows sid="cast_shadows" type="bool">1</cast_shadows>
                          <receive_shadows sid="receive_shadows" type="bool">1</receive_shadows>
                          <primary_visibility sid="primary_visibility" type="bool">1</primary_visibility>
                          <secondary_visibility sid="secondary_visibility" type="bool">1</secondary_visibility>
                        </technique>
                      </extra>
                    </node>
                    <extra>
                      <technique profile="OpenCOLLADA">
                        <cast_shadows sid="cast_shadows" type="bool">1</cast_shadows>
                        <receive_shadows sid="receive_shadows" type="bool">1</receive_shadows>
                        <primary_visibility sid="primary_visibility" type="bool">1</primary_visibility>
                        <secondary_visibility sid="secondary_visibility" type="bool">1</secondary_visibility>
                      </technique>
                    </extra>
                  </node>
                  <extra>
                    <technique profile="OpenCOLLADA">
                      <cast_shadows sid="cast_shadows" type="bool">1</cast_shadows>
                      <receive_shadows sid="receive_shadows" type="bool">1</receive_shadows>
                      <primary_visibility sid="primary_visibility" type="bool">1</primary_visibility>
                      <secondary_visibility sid="secondary_visibility" type="bool">1</secondary_visibility>
                    </technique>
                  </extra>
                </node>
                <extra>
                  <technique profile="OpenCOLLADA">
                    <cast_shadows sid="cast_shadows" type="bool">1</cast_shadows>
                    <receive_shadows sid="receive_shadows" type="bool">1</receive_shadows>
                    <primary_visibility sid="primary_visibility" type="bool">1</primary_visibility>
                    <secondary_visibility sid="secondary_visibility" type="bool">1</secondary_visibility>
                  </technique>
                </extra>
              </node>
              <extra>
                <technique profile="OpenCOLLADA">
                  <cast_shadows sid="cast_shadows" type="bool">1</cast_shadows>
                  <receive_shadows sid="receive_shadows" type="bool">1</receive_shadows>
                  <primary_visibility sid="primary_visibility" type="bool">1</primary_visibility>
                  <secondary_visibility sid="secondary_visibility" type="bool">1</secondary_visibility>
                </technique>
              </extra>
            </node>
            <extra>
              <technique profile="OpenCOLLADA">
                <cast_shadows sid="cast_shadows" type="bool">1</cast_shadows>
                <receive_shadows sid="receive_shadows" type="bool">1</receive_shadows>
                <primary_visibility sid="primary_visibility" type="bool">1</primary_visibility>
                <secondary_visibility sid="secondary_visibility" type="bool">1</secondary_visibility>
              </technique>
            </extra>
          </node>
          <extra>
            <technique profile="OpenCOLLADA">
              <cast_shadows sid="cast_shadows" type="bool">1</cast_shadows>
              <receive_shadows sid="receive_shadows" type="bool">1</receive_shadows>
              <primary_visibility sid="primary_visibility" type="bool">1</primary_visibility>
              <secondary_visibility sid="secondary_visibility" type="bool">1</secondary_visibility>
            </technique>
          </extra>
        </node>
        <node id="node-Bip001_SkirtBack_l" name="Bip001_SkirtBack_l" sid="joint65" type="JOINT">
          <translate>58.02496 -59.26197 33.26088</translate>
          <rotate>0.07494745 0.1928342 0.9783649 -139.7992</rotate>
          <node id="node-Bip001_SkirtBack_l02" name="Bip001_SkirtBack_l02" sid="joint66" type="JOINT">
            <translate>167.335 -0.125 2.28882e-5</translate>
            <rotate>-6.02506e-7 -2.77527e-6 1 -20.30072</rotate>
            <node id="node-Bip001_SkirtBack_l03" name="Bip001_SkirtBack_l03" sid="joint67" type="JOINT">
              <translate>167.3634 -0.1321106 -1.71661e-5</translate>
              <rotate>-1.70666e-6 -3.05541e-6 1 -7.782128</rotate>
              <extra>
                <technique profile="OpenCOLLADA">
                  <cast_shadows sid="cast_shadows" type="bool">1</cast_shadows>
                  <receive_shadows sid="receive_shadows" type="bool">1</receive_shadows>
                  <primary_visibility sid="primary_visibility" type="bool">1</primary_visibility>
                  <secondary_visibility sid="secondary_visibility" type="bool">1</secondary_visibility>
                </technique>
              </extra>
            </node>
            <extra>
              <technique profile="OpenCOLLADA">
                <cast_shadows sid="cast_shadows" type="bool">1</cast_shadows>
                <receive_shadows sid="receive_shadows" type="bool">1</receive_shadows>
                <primary_visibility sid="primary_visibility" type="bool">1</primary_visibility>
                <secondary_visibility sid="secondary_visibility" type="bool">1</secondary_visibility>
              </technique>
            </extra>
          </node>
          <extra>
            <technique profile="OpenCOLLADA">
              <cast_shadows sid="cast_shadows" type="bool">1</cast_shadows>
              <receive_shadows sid="receive_shadows" type="bool">1</receive_shadows>
              <primary_visibility sid="primary_visibility" type="bool">1</primary_visibility>
              <secondary_visibility sid="secondary_visibility" type="bool">1</secondary_visibility>
            </technique>
          </extra>
        </node>
        <node id="node-Bip001_SkirtBack_r" name="Bip001_SkirtBack_r" sid="joint68" type="JOINT">
          <translate>58.0249 -59.26205 -33.26074</translate>
          <rotate>-0.07494606 -0.1928357 0.9783647 -139.7992</rotate>
          <node id="node-Bip001_SkirtBack_r02" name="Bip001_SkirtBack_r02" sid="joint69" type="JOINT">
            <translate>167.3351 -0.124939 0</translate>
            <rotate>-5.64057e-7 -2.59485e-6 1 -20.30072</rotate>
            <node id="node-Bip001_SkirtBack_r03" name="Bip001_SkirtBack_r03" sid="joint70" type="JOINT">
              <translate>167.3634 -0.1321106 1.71661e-5</translate>
              <rotate>-4.81676e-7 -2.39036e-6 1 -7.78213</rotate>
              <extra>
                <technique profile="OpenCOLLADA">
                  <cast_shadows sid="cast_shadows" type="bool">1</cast_shadows>
                  <receive_shadows sid="receive_shadows" type="bool">1</receive_shadows>
                  <primary_visibility sid="primary_visibility" type="bool">1</primary_visibility>
                  <secondary_visibility sid="secondary_visibility" type="bool">1</secondary_visibility>
                </technique>
              </extra>
            </node>
            <extra>
              <technique profile="OpenCOLLADA">
                <cast_shadows sid="cast_shadows" type="bool">1</cast_shadows>
                <receive_shadows sid="receive_shadows" type="bool">1</receive_shadows>
                <primary_visibility sid="primary_visibility" type="bool">1</primary_visibility>
                <secondary_visibility sid="secondary_visibility" type="bool">1</secondary_visibility>
              </technique>
            </extra>
          </node>
          <extra>
            <technique profile="OpenCOLLADA">
              <cast_shadows sid="cast_shadows" type="bool">1</cast_shadows>
              <receive_shadows sid="receive_shadows" type="bool">1</receive_shadows>
              <primary_visibility sid="primary_visibility" type="bool">1</primary_visibility>
              <secondary_visibility sid="secondary_visibility" type="bool">1</secondary_visibility>
            </technique>
          </extra>
        </node>
        <node id="node-Bip001_SkirtFront_l" name="Bip001_SkirtFront_l" sid="joint71" type="JOINT">
          <translate>59.90887 55.7303 34.62201</translate>
          <rotate>0.281237 0.5318959 0.7987443 -201.9906</rotate>
          <node id="node-Bip001_Bib_l" name="Bip001_Bib_l" sid="joint72" type="JOINT">
            <translate>10.25107 -8.435509 6.519196</translate>
            <rotate>0.9997665 -0.02088418 -0.005541141 -84.91563</rotate>
            <node id="node-Bip001_Bib_l02" name="Bip001_Bib_l02" sid="joint73" type="JOINT">
              <translate>201.726 -0.1381836 -2.86102e-5</translate>
              <rotate>7.89215e-7 2.69186e-6 -1 -22.20558</rotate>
              <extra>
                <technique profile="OpenCOLLADA">
                  <cast_shadows sid="cast_shadows" type="bool">1</cast_shadows>
                  <receive_shadows sid="receive_shadows" type="bool">1</receive_shadows>
                  <primary_visibility sid="primary_visibility" type="bool">1</primary_visibility>
                  <secondary_visibility sid="secondary_visibility" type="bool">1</secondary_visibility>
                </technique>
              </extra>
            </node>
            <extra>
              <technique profile="OpenCOLLADA">
                <cast_shadows sid="cast_shadows" type="bool">1</cast_shadows>
                <receive_shadows sid="receive_shadows" type="bool">1</receive_shadows>
                <primary_visibility sid="primary_visibility" type="bool">1</primary_visibility>
                <secondary_visibility sid="secondary_visibility" type="bool">1</secondary_visibility>
              </technique>
            </extra>
          </node>
          <node id="node-Bip001_SkirtFront_l02" name="Bip001_SkirtFront_l02" sid="joint74" type="JOINT">
            <translate>144.459 -0.1346083 3.05176e-5</translate>
            <rotate>-7.95942e-4 -0.9999997 -2.47412e-6 -14.84784</rotate>
            <node id="node-Bip001_SkirtFront_l03" name="Bip001_SkirtFront_l03" sid="joint75" type="JOINT">
              <translate>169.0349 -0.14642 -6.10352e-5</translate>
              <rotate>-7.96652e-4 -0.9999997 -2.45757e-6 -16.58792</rotate>
              <extra>
                <technique profile="OpenCOLLADA">
                  <cast_shadows sid="cast_shadows" type="bool">1</cast_shadows>
                  <receive_shadows sid="receive_shadows" type="bool">1</receive_shadows>
                  <primary_visibility sid="primary_visibility" type="bool">1</primary_visibility>
                  <secondary_visibility sid="secondary_visibility" type="bool">1</secondary_visibility>
                </technique>
              </extra>
            </node>
            <extra>
              <technique profile="OpenCOLLADA">
                <cast_shadows sid="cast_shadows" type="bool">1</cast_shadows>
                <receive_shadows sid="receive_shadows" type="bool">1</receive_shadows>
                <primary_visibility sid="primary_visibility" type="bool">1</primary_visibility>
                <secondary_visibility sid="secondary_visibility" type="bool">1</secondary_visibility>
              </technique>
            </extra>
          </node>
          <extra>
            <technique profile="OpenCOLLADA">
              <cast_shadows sid="cast_shadows" type="bool">1</cast_shadows>
              <receive_shadows sid="receive_shadows" type="bool">1</receive_shadows>
              <primary_visibility sid="primary_visibility" type="bool">1</primary_visibility>
              <secondary_visibility sid="secondary_visibility" type="bool">1</secondary_visibility>
            </technique>
          </extra>
        </node>
        <node id="node-Bip001_SkirtFront_r" name="Bip001_SkirtFront_r" sid="joint76" type="JOINT">
          <translate>59.909 55.73018 -34.62219</translate>
          <rotate>-0.2812383 -0.5318969 0.7987432 -201.9905</rotate>
          <node id="node-Bip001_Bib_r" name="Bip001_Bib_r" sid="joint77" type="JOINT">
            <translate>10.25122 -8.435512 -6.519226</translate>
            <rotate>-0.9997665 0.02088416 -0.005541588 -84.91562</rotate>
            <node id="node-Bip001_Bib_r02" name="Bip001_Bib_r02" sid="joint78" type="JOINT">
              <translate>201.7259 -0.1383057 -7.24792e-5</translate>
              <rotate>-6.37606e-7 2.46614e-6 -1 -22.20556</rotate>
              <extra>
                <technique profile="OpenCOLLADA">
                  <cast_shadows sid="cast_shadows" type="bool">1</cast_shadows>
                  <receive_shadows sid="receive_shadows" type="bool">1</receive_shadows>
                  <primary_visibility sid="primary_visibility" type="bool">1</primary_visibility>
                  <secondary_visibility sid="secondary_visibility" type="bool">1</secondary_visibility>
                </technique>
              </extra>
            </node>
            <extra>
              <technique profile="OpenCOLLADA">
                <cast_shadows sid="cast_shadows" type="bool">1</cast_shadows>
                <receive_shadows sid="receive_shadows" type="bool">1</receive_shadows>
                <primary_visibility sid="primary_visibility" type="bool">1</primary_visibility>
                <secondary_visibility sid="secondary_visibility" type="bool">1</secondary_visibility>
              </technique>
            </extra>
          </node>
          <node id="node-Bip001_SkirtFront_r02" name="Bip001_SkirtFront_r02" sid="joint79" type="JOINT">
            <translate>144.4591 -0.1345911 6.10352e-5</translate>
            <rotate>7.95311e-4 0.9999997 2.21189e-6 -14.84785</rotate>
            <node id="node-Bip001_SkirtFront_r03" name="Bip001_SkirtFront_r03" sid="joint80" type="JOINT">
              <translate>169.0349 -0.1463904 1.2207e-4</translate>
              <rotate>7.96066e-4 0.9999997 2.05864e-6 -16.58794</rotate>
              <extra>
                <technique profile="OpenCOLLADA">
                  <cast_shadows sid="cast_shadows" type="bool">1</cast_shadows>
                  <receive_shadows sid="receive_shadows" type="bool">1</receive_shadows>
                  <primary_visibility sid="primary_visibility" type="bool">1</primary_visibility>
                  <secondary_visibility sid="secondary_visibility" type="bool">1</secondary_visibility>
                </technique>
              </extra>
            </node>
            <extra>
              <technique profile="OpenCOLLADA">
                <cast_shadows sid="cast_shadows" type="bool">1</cast_shadows>
                <receive_shadows sid="receive_shadows" type="bool">1</receive_shadows>
                <primary_visibility sid="primary_visibility" type="bool">1</primary_visibility>
                <secondary_visibility sid="secondary_visibility" type="bool">1</secondary_visibility>
              </technique>
            </extra>
          </node>
          <extra>
            <technique profile="OpenCOLLADA">
              <cast_shadows sid="cast_shadows" type="bool">1</cast_shadows>
              <receive_shadows sid="receive_shadows" type="bool">1</receive_shadows>
              <primary_visibility sid="primary_visibility" type="bool">1</primary_visibility>
              <secondary_visibility sid="secondary_visibility" type="bool">1</secondary_visibility>
            </technique>
          </extra>
        </node>
        <node id="node-Bip001_SkirtSide_l" name="Bip001_SkirtSide_l" sid="joint81" type="JOINT">
          <translate>61.49023 -12.15699 78.33799</translate>
          <rotate>0.3734306 -9.1954e-5 0.9276581 -179.9546</rotate>
          <node id="node-Bip001_SkirtSide_l02" name="Bip001_SkirtSide_l02" sid="joint82" type="JOINT">
            <translate>149.1609 -0.1465578 -1.2207e-4</translate>
            <rotate>-7.96521e-4 -0.9999997 -2.69075e-6 -21.83936</rotate>
            <node id="node-Bip001_SkirtSide_l03" name="Bip001_SkirtSide_l03" sid="joint83" type="JOINT">
              <translate>184.0589 -0.1339898 3.05176e-5</translate>
              <rotate>-7.97277e-4 -0.9999997 -2.33771e-6 -10.06378</rotate>
              <extra>
                <technique profile="OpenCOLLADA">
                  <cast_shadows sid="cast_shadows" type="bool">1</cast_shadows>
                  <receive_shadows sid="receive_shadows" type="bool">1</receive_shadows>
                  <primary_visibility sid="primary_visibility" type="bool">1</primary_visibility>
                  <secondary_visibility sid="secondary_visibility" type="bool">1</secondary_visibility>
                </technique>
              </extra>
            </node>
            <extra>
              <technique profile="OpenCOLLADA">
                <cast_shadows sid="cast_shadows" type="bool">1</cast_shadows>
                <receive_shadows sid="receive_shadows" type="bool">1</receive_shadows>
                <primary_visibility sid="primary_visibility" type="bool">1</primary_visibility>
                <secondary_visibility sid="secondary_visibility" type="bool">1</secondary_visibility>
              </technique>
            </extra>
          </node>
          <extra>
            <technique profile="OpenCOLLADA">
              <cast_shadows sid="cast_shadows" type="bool">1</cast_shadows>
              <receive_shadows sid="receive_shadows" type="bool">1</receive_shadows>
              <primary_visibility sid="primary_visibility" type="bool">1</primary_visibility>
              <secondary_visibility sid="secondary_visibility" type="bool">1</secondary_visibility>
            </technique>
          </extra>
        </node>
        <node id="node-Bip001_SkirtSide_r" name="Bip001_SkirtSide_r" sid="joint84" type="JOINT">
          <translate>61.4903 -12.15719 -78.33801</translate>
          <rotate>-0.3734306 9.09318e-5 0.9276581 -179.9544</rotate>
          <node id="node-Bip001_SkirtSide_r02" name="Bip001_SkirtSide_r02" sid="joint85" type="JOINT">
            <translate>149.1609 -0.1465511 1.2207e-4</translate>
            <rotate>7.96525e-4 0.9999997 2.82191e-6 -21.83937</rotate>
            <node id="node-Bip001_SkirtSide_r03" name="Bip001_SkirtSide_r03" sid="joint86" type="JOINT">
              <translate>184.059 -0.1339869 -6.10352e-5</translate>
              <rotate>7.98253e-4 0.9999997 3.14699e-6 -10.06377</rotate>
              <extra>
                <technique profile="OpenCOLLADA">
                  <cast_shadows sid="cast_shadows" type="bool">1</cast_shadows>
                  <receive_shadows sid="receive_shadows" type="bool">1</receive_shadows>
                  <primary_visibility sid="primary_visibility" type="bool">1</primary_visibility>
                  <secondary_visibility sid="secondary_visibility" type="bool">1</secondary_visibility>
                </technique>
              </extra>
            </node>
            <extra>
              <technique profile="OpenCOLLADA">
                <cast_shadows sid="cast_shadows" type="bool">1</cast_shadows>
                <receive_shadows sid="receive_shadows" type="bool">1</receive_shadows>
                <primary_visibility sid="primary_visibility" type="bool">1</primary_visibility>
                <secondary_visibility sid="secondary_visibility" type="bool">1</secondary_visibility>
              </technique>
            </extra>
          </node>
          <extra>
            <technique profile="OpenCOLLADA">
              <cast_shadows sid="cast_shadows" type="bool">1</cast_shadows>
              <receive_shadows sid="receive_shadows" type="bool">1</receive_shadows>
              <primary_visibility sid="primary_visibility" type="bool">1</primary_visibility>
              <secondary_visibility sid="secondary_visibility" type="bool">1</secondary_visibility>
            </technique>
          </extra>
        </node>
        <extra>
          <technique profile="OpenCOLLADA">
            <cast_shadows sid="cast_shadows" type="bool">1</cast_shadows>
            <receive_shadows sid="receive_shadows" type="bool">1</receive_shadows>
            <primary_visibility sid="primary_visibility" type="bool">1</primary_visibility>
            <secondary_visibility sid="secondary_visibility" type="bool">1</secondary_visibility>
          </technique>
        </extra>
      </node>
      <node id="node-alice_lod0" name="alice_lod0">
        <instance_controller url="#geom-alice_lod0-skin1">
          <skeleton>#node-Bip001_Pelvis</skeleton>
          <bind_material>
            <technique_common>
              <instance_material symbol="alice_mat" target="#alice_mat-material">
                <bind_vertex_input semantic="CHANNEL1" input_semantic="TEXCOORD" input_set="0"/>
              </instance_material>
            </technique_common>
          </bind_material>
        </instance_controller>
        <extra>
          <technique profile="OpenCOLLADA">
            <cast_shadows sid="cast_shadows" type="bool">1</cast_shadows>
            <receive_shadows sid="receive_shadows" type="bool">1</receive_shadows>
            <primary_visibility sid="primary_visibility" type="bool">1</primary_visibility>
            <secondary_visibility sid="secondary_visibility" type="bool">1</secondary_visibility>
          </technique>
        </extra>
      </node>
    </visual_scene>
  </library_visual_scenes>
  <scene>
    <instance_visual_scene url="#MaxScene"/>
  </scene>
</COLLADA>