<?xml version="1.0" encoding="utf-8"?>
<COLLADA xmlns="http://www.collada.org/2005/11/COLLADASchema" version="1.4.1" xmlns:xsi="http://www.w3.org/2001/XMLSchema-instance">
  <asset>
    <contributor>
      <author>Centrixe</author>
      <authoring_tool>OpenCOLLADA for 3ds Max;  Version: 1.6;  Revision: 68</authoring_tool>
    </contributor>
    <created>2022-09-12T12:07:29</created>
    <modified>2022-09-12T12:07:29</modified>
    <unit name="inch" meter="0.0254"/>
    <up_axis>Z_UP</up_axis>
  </asset>
  <library_effects>
    <effect id="alice_mat">
      <profile_COMMON>
        <newparam sid="alice_diff_png-surface">
          <surface type="2D">
            <init_from>alice_diff_png</init_from>
          </surface>
        </newparam>
        <newparam sid="alice_diff_png-sampler">
          <sampler2D>
            <source>alice_diff_png-surface</source>
          </sampler2D>
        </newparam>
        <technique sid="common">
          <phong>
            <emission>
              <color>0 0 0 1</color>
            </emission>
            <ambient>
              <color>0.2 0.2 0.2 1</color>
            </ambient>
            <diffuse>
              <texture texture="alice_diff_png-sampler" texcoord="CHANNEL1"/>
            </diffuse>
            <specular>
              <color>0.2 0.2 0.2 1</color>
            </specular>
            <shininess>
              <float>43.21928</float>
            </shininess>
            <reflective>
              <color>0 0 0 1</color>
            </reflective>
            <transparent opaque="A_ONE">
              <color>1 1 1 1</color>
            </transparent>
            <transparency>
              <float>1</float>
            </transparency>
          </phong>
        </technique>
      </profile_COMMON>
      <extra>
        <technique profile="OpenCOLLADA3dsMax">
          <extended_shader>
            <opacity_type sid="opacity_type" type="int">0</opacity_type>
            <falloff_type sid="falloff_type" type="int">0</falloff_type>
            <falloff sid="falloff" type="float">0</falloff>
            <index_of_refraction sid="index_of_refraction" type="float">1.5</index_of_refraction>
            <wire_size sid="wire_size" type="float">1</wire_size>
            <wire_units sid="wire_units" type="int">0</wire_units>
            <apply_reflection_dimming sid="apply_reflection_dimming" type="bool">0</apply_reflection_dimming>
            <dim_level sid="dim_level" type="float">0</dim_level>
            <reflection_level sid="reflection_level" type="float">3</reflection_level>
          </extended_shader>
          <shader>
            <ambient_diffuse_texture_lock sid="ambient_diffuse_texture_lock" type="bool">1</ambient_diffuse_texture_lock>
            <ambient_diffuse_lock sid="ambient_diffuse_lock" type="bool">0</ambient_diffuse_lock>
            <diffuse_specular_lock sid="diffuse_specular_lock" type="bool">0</diffuse_specular_lock>
            <use_self_illum_color sid="use_self_illum_color" type="bool">0</use_self_illum_color>
            <self_illumination sid="self_illumination" type="float">0</self_illumination>
            <specular_level sid="specular_level" type="float">1</specular_level>
            <soften sid="soften" type="float">0.1</soften>
          </shader>
        </technique>
      </extra>
    </effect>
  </library_effects>
  <library_materials>
    <material id="alice_mat-material" name="alice_mat">
      <instance_effect url="#alice_mat"/>
    </material>
  </library_materials>
  <library_geometries>
    <geometry id="geom-alice_lod1" name="alice_lod1">
      <mesh>
        <source id="geom-alice_lod1-positions">
          <float_array id="geom-alice_lod1-positions-array" count="5646">17.52076 42.72055 743.8597 8.42675e-5 43.27207 747.5184 8.99633e-5 27.64227 740.7428 18.34803 34.02062 739.0649 44.63905 34.87412 739.3894 57.53203 51.08855 748.0887 44.63905 34.87412 739.3894 53.95776 41.44635 740.5277 57.53203 51.08855 748.0887 110.6587 68.65147 738.0097 79.35211 81.56286 670.9054 39.99926 73.32283 696.3205 57.53203 51.08855 748.0887 18.34803 34.02062 739.0649 21.00231 30.04579 719.9011 44.63905 34.87412 739.3894 19.88709 43.50643 703.6606 48.94991 53.10846 685.1672 76.17168 38.50894 738.4069 110.7278 49.91331 731.7551 110.6587 68.65147 738.0097 100.4117 62.62935 731.0477 32.27831 48.66428 707.5685 39.99926 73.32283 696.3205 53.95776 41.44635 740.5277 73.68324 64.13216 669.5312 100.4117 62.62935 731.0477 79.35211 81.56286 670.9054 71.61709 46.07371 727.8838 48.94991 53.10846 685.1672 32.27831 48.66428 707.5685 53.95776 41.44635 740.5277 27.22609 49.61557 697.9993 32.27831 48.66428 707.5685 48.94991 53.10846 685.1672 2.350398 59.69309 696.8176 1.99013e-5 49.65783 707.7526 16.76999 53.16527 706.4272 32.27831 48.66428 707.5685 32.27831 48.66428 707.5685 16.76999 53.16527 706.4272 39.99926 73.32283 696.3205 8.42675e-5 43.27207 747.5184 17.52076 42.72055 743.8597 13.51857 56.90955 711.5382 1.92703e-5 58.75201 714.7062 1.99013e-5 49.65783 707.7526 1.92703e-5 58.75201 714.7062 13.51857 56.90955 711.5382 16.76999 53.16527 706.4272 39.99926 73.32283 696.3205 11.68706 23.9203 737.2745 8.80169e-5 24.24565 736.3993 76.17168 38.50894 738.4069 53.95776 41.44635 740.5277 44.63905 34.87412 739.3894 79.35211 81.56286 670.9054 110.6587 68.65147 738.0097 110.7278 49.91331 731.7551 73.68324 64.13216 669.5312 53.95776 41.44635 740.5277 100.4117 62.62935 731.0477 57.53203 51.08855 748.0887 76.17168 38.50894 738.4069 110.7278 49.91331 731.7551 71.61709 46.07371 727.8838 73.68324 64.13216 669.5312 110.7278 49.91331 731.7551 73.68324 64.13216 669.5312 100.4117 62.62935 731.0477 58.16156 114.768 622.2563 12.35321 121.6604 618.5616 12.35321 121.6604 618.5616 58.16156 114.768 622.2563 90.92915 170.4526 535.8815 25.10662 175.7379 531.4522 39.99926 73.32283 696.3205 79.35211 81.56286 670.9054 100.4117 62.62935 731.0477 53.95776 41.44635 740.5277 5.74098e-4 -15.9557 937.4431 6.17404e-4 -58.05362 890.2641 25.91034 -27.19665 918.1561 37.90417 10.4872 935.3652 25.02182 -1.450055 946.7757 11.42126 -13.92774 940.8239 83.98382 -47.5839 871.6229 74.31081 -44.14632 890.056 41.63067 -64.4622 869.0275 23.57262 -63.31767 714.4218 40.55676 -46.02887 714.9299 37.73102 -45.03518 734.9849 22.73743 -62.64989 735.8554 50.22538 -27.87321 715.8144 49.4812 -24.73533 733.2321 79.78653 53.65701 872.2539 48.67809 56.52503 857.0261 97.37908 56.38617 883.2513 92.61076 51.97068 883.4963 79.78653 53.65701 872.2539 97.37908 56.38617 883.2513 81.38789 -35.89711 880.4864 105.0202 -16.63993 897.1936 83.98382 -47.5839 871.6229 96.22655 -33.66082 870.6443 105.0202 -16.63993 897.1936 81.38789 -35.89711 880.4864 67.11584 -48.7949 862.5805 71.05523 -39.33135 846.9116 85.31316 -29.35272 851.4424 67.11584 -48.7949 862.5805 96.22655 -33.66082 870.6443 64.97633 -70.9302 815.3582 67.11584 -48.7949 862.5805 38.54757 -74.05747 813.136 25.27847 -74.39294 822.7397 25.86452 -59.37371 784.6199 38.54757 -74.05747 813.136 49.22628 -65.65869 755.4862 37.73102 -45.03518 734.9849 24.92215 -70.84471 757.4622 42.79968 -45.21895 790.2054 48.67809 56.52503 857.0261 79.78653 53.65701 872.2539 47.78776 51.77488 858.0171 47.78776 51.77488 858.0171 79.78653 53.65701 872.2539 81.76804 48.09393 853.415 109.8343 -33.47801 864.6862 98.83503 -29.39989 842.211 128.6734 -28.1404 849.6921 118.5702 -21.73284 831.5042 138.617 23.67451 901.7247 154.2356 20.08339 872.2303 131.2277 49.44991 889.3047 140.901 48.22746 857.356 117.8178 56.47254 875.4576 143.4871 22.18981 854.4907 29.34878 17.83584 951.9182 46.82647 -18.71516 917.6548 25.73054 28.72057 955.3181 27.15747 -45.74104 898.2974 6.26189e-4 -70.26118 869.5085 50.53222 -42.91334 898.2125 5.63641e-4 -85.34365 818.2123 38.10896 -80.94371 818.1002 64.97633 -70.9302 815.3582 89.49155 -16.32444 910.3254 113.1229 -17.87234 902.8198 105.0202 -16.63993 897.1936 113.1229 -17.87234 902.8198 83.98382 -47.5839 871.6229 99.44454 21.19365 920.683 129.0086 21.6224 915.1686 119.0941 20.53801 907.8502 129.0086 21.6224 915.1686 119.4615 46.64391 903.5314 87.85751 43.11683 915.0912 108.6221 44.80422 897.2441 119.4615 46.64391 903.5314 27.92304 -77.78287 755.0878 49.22628 -65.65869 755.4862 3.04417e-4 -82.15175 755.2538 2.0503e-4 -67.7578 736.1557 22.73743 -62.64989 735.8554 37.73102 -45.03518 734.9849 1.68758e-4 -67.44068 714.9056 2.0503e-4 -67.7578 736.1557 87.85751 43.11683 915.0912 119.4615 46.64391 903.5314 97.37908 56.38617 883.2513 77.51401 55.36227 902.6653 48.67809 56.52503 857.0261 39.63593 60.9841 888.2757 -1.77506e-4 59.62648 881.6524 -1.81113e-4 53.20326 848.5283 -6.17354e-5 51.46558 849.5272 -1.81113e-4 53.20326 848.5283 119.0941 20.53801 907.8502 105.0202 -16.63993 897.1936 125.515 -18.71914 890.7504 138.617 23.67451 901.7247 125.515 -18.71914 890.7504 4.67883e-4 -83.4745 796.8671 5.71272e-4 -75.36051 822.8145 25.27847 -74.39294 822.7397 38.54757 -74.05747 813.136 64.97633 -70.9302 815.3582 2.93089e-4 -74.51213 756.9583 4.67883e-4 -83.4745 796.8671 14.79825 -50.43954 734.3025 14.79825 -50.43954 734.3025 37.73102 -45.03518 734.9849 53.56748 -1.430223 781.0209 43.10316 -3.053979 736.0162 1.82326e-4 -52.8244 733.9268 76.91901 2.748517 835.9084 66.70331 4.566464 825.315 98.83503 -29.39989 842.211 85.31316 -29.35272 851.4424 76.91901 2.748517 835.9084 90.17184 2.82525 825.7362 49.4812 -24.73533 733.2321 50.19759 5.706505 733.282 43.10316 -3.053979 736.0162 50.22538 -27.87321 715.8144 51.10551 6.126731 717.0179 50.19759 5.706505 733.282 49.4812 -24.73533 733.2321 22.97907 -62.3078 713.396 43.48424 -115.9268 643.6532 94.39557 -76.95312 654.4686 118.847 -6.798277 658.8483 51.10551 6.126731 717.0179 1.65185e-4 -66.25986 713.5975 -4.44188e-6 -126.8561 642.9811 36.97709 17.66413 737.0249 40.44556 22.28411 735.2578 18.34803 34.02062 739.0649 11.68706 23.9203 737.2745 21.00231 30.04579 719.9011 18.34803 34.02062 739.0649 40.44556 22.28411 735.2578 40.12585 23.06868 719.48 11.68706 23.9203 737.2745 8.80169e-5 24.24565 736.3993 3.99695e-5 30.81191 773.7593 34.9182 27.8632 775.0675 43.10316 -3.053979 736.0162 36.97709 17.66413 737.0249 34.9182 27.8632 775.0675 53.56748 -1.430223 781.0209 40.12585 23.06868 719.48 40.44556 22.28411 735.2578 94.34126 56.08625 652.7742 40.12585 23.06868 719.48 44.3499 79.55225 652.3298 21.00231 30.04579 719.9011 -1.44457e-5 86.17112 654.4649 5.62412e-5 31.53839 719.3592 77.71452 36.30811 842.8733 76.91901 2.748517 835.9084 66.70331 4.566464 825.315 45.76244 44.28645 832.4995 95.71798 41.5901 834.0762 90.17184 2.82525 825.7362 76.91901 2.748517 835.9084 77.71452 36.30811 842.8733 45.76244 44.28645 832.4995 -7.13955e-5 47.77176 828.5427 -6.17354e-5 51.46558 849.5272 106.1569 57.15281 855.7855 92.61076 51.97068 883.4963 108.6221 44.80422 897.2441 144.3942 -14.16013 869.1606 118.5702 -21.73284 831.5042 109.6586 3.788171 822.761 109.6586 3.788171 822.761 117.2149 35.32705 830.2088 154.2356 20.08339 872.2303 138.617 23.67451 901.7247 128.0738 46.28571 843.418 128.6734 -28.1404 849.6921 127.842 -13.86061 842.2715 140.0875 -9.430873 853.8219 144.3942 -14.16013 869.1606 185.9381 -3.290441 801.4254 192.5705 20.66181 806.3234 143.4871 22.18981 854.4907 140.0875 -9.430873 853.8219 127.842 -13.86061 842.2715 172.7332 -5.207501 789.6598 185.9381 -3.290441 801.4254 140.0875 -9.430873 853.8219 121.1034 7.101553 830.1747 121.1034 7.101553 830.1747 164.5253 15.54173 781.598 172.7332 -5.207501 789.6598 127.842 -13.86061 842.2715 121.1034 7.101553 830.1747 125.0374 30.21244 831.5176 125.0374 30.21244 831.5176 170.4149 36.97993 786.9772 164.5253 15.54173 781.598 121.1034 7.101553 830.1747 133.247 38.63209 840.8484 133.247 38.63209 840.8484 181.6595 40.76945 796.0292 170.4149 36.97993 786.9772 125.0374 30.21244 831.5176 181.6595 40.76945 796.0292 133.247 38.63209 840.8484 97.47621 -225.565 332.0157 72.59962 -181.6129 508.2473 -4.99013e-5 -197.8767 507.312 -8.37322e-5 -243.416 328.0117 212.0626 -154.5109 353.4583 160.6221 -125.1078 513.9905 107.7313 -239.0039 246.4217 236.504 -163.5315 256.9097 257.061 -21.90784 374.0009 201.3582 -15.68196 520.5923 283.7334 -25.02061 261.9201 150.5245 104.7969 514.6362 198.3825 138.076 366.5907 223.8593 155.5033 259.4473 111.1843 208.3732 358.6961 82.4401 158.731 515.1928 122.1869 230.4064 257.0737 -4.55693e-5 227.5988 364.0697 -2.67594e-5 170.4075 516.4614 -6.22432e-5 253.6082 260.3883 85.31316 -29.35272 851.4424 119.0941 20.53801 907.8502 264.9103 5.742985 704.6327 268.8514 -9.361689 713.1008 298.2215 -26.27662 699.3864 306.7999 3.150698 695.2791 287.9023 5.339395 711.7142 281.2047 -15.42226 713.5219 274.4823 -18.56572 706.3839 285.9538 -33.75809 695.2034 269.9527 1.122062 693.8368 298.6423 23.43486 676.8857 293.1235 -7.008165 675.6371 281.1673 -26.64432 680.7034 274.4823 -18.56572 706.3839 285.9538 -33.75809 695.2034 330.2455 -26.07761 675.5205 301.9637 -50.34056 676.4083 309.4707 -39.88132 683.6102 293.1235 -7.008165 675.6371 316.738 -36.56849 672.9343 305.3569 -40.67152 666.3199 313.6388 -45.29663 668.3245 316.738 -36.56849 672.9343 293.1235 -7.008165 675.6371 319.3515 -25.17268 666.1998 322.9249 -36.07291 677.0787 309.4707 -39.88132 683.6102 316.738 -36.56849 672.9343 363.2552 -34.35858 632.1503 360.4249 -10.90762 633.0511 331.9732 -2.086723 671.5803 319.3515 -25.17268 666.1998 320.4637 2.191613 661.6917 319.3515 -25.17268 666.1998 354.4364 -41.59748 628.5679 350.676 -53.29652 632.6274 316.738 -36.56849 672.9343 268.8514 -9.361689 713.1008 274.15 -8.464057 718.8744 274.15 -8.464057 718.8744 278.4937 8.797938 718.8336 273.8809 22.58434 710.6039 273.8809 22.58434 710.6039 269.0916 23.04337 707.4543 269.0916 23.04337 707.4543 264.9103 5.742985 704.6327 278.4937 8.797938 718.8336 274.15 -8.464057 718.8744 268.8514 -9.361689 713.1008 279.4845 23.44501 702.8558 273.8809 22.58434 710.6039 273.8809 22.58434 710.6039 279.4845 23.44501 702.8558 275.4323 23.99116 699.585 269.0916 23.04337 707.4543 264.9103 5.742985 704.6327 269.0916 23.04337 707.4543 275.4323 23.99116 699.585 303.6417 23.29319 683.6835 298.6423 23.43486 676.8857 303.6417 23.29319 683.6835 297.5497 -45.29887 668.1857 301.9637 -50.34056 676.4083 305.3569 -40.67152 666.3199 314.4344 -50.50582 671.0263 314.4344 -50.50582 671.0263 313.6388 -45.29663 668.3245 316.738 -36.56849 672.9343 309.4707 -39.88132 683.6102 327.2935 17.1461 664.5629 346.449 12.3794 635.7041 321.9174 17.69708 661.069 327.2935 17.1461 664.5629 346.449 12.3794 635.7041 342.9871 12.35919 633.1246 321.9174 17.69708 661.069 342.9871 12.35919 633.1246 356.0296 -13.20089 625.6476 357.6009 -34.0009 627.64 322.9249 -36.07291 677.0787 316.738 -36.56849 672.9343 350.676 -53.29652 632.6274 357.0482 -53.15428 634.2846 360.2655 -42.25566 632.3217 356.0296 -13.20089 625.6476 324.9452 -60.92204 654.3166 314.4344 -50.50582 671.0263 301.9637 -50.34056 676.4083 320.0907 -63.94125 651.9491 297.5497 -45.29887 668.1857 316.8679 -59.1984 650.0735 320.0907 -63.94125 651.9491 301.9637 -50.34056 676.4083 314.4344 -50.50582 671.0263 324.9452 -60.92204 654.3166 323.1143 -55.78454 653.1974 313.6388 -45.29663 668.3245 316.8679 -59.1984 650.0735 323.1143 -55.78454 653.1974 324.9452 -60.92204 654.3166 320.0907 -63.94125 651.9491 305.3569 -40.67152 666.3199 313.6388 -45.29663 668.3245 323.1143 -55.78454 653.1974 323.1143 -55.78454 653.1974 305.3569 -40.67152 666.3199 268.8514 -9.361689 713.1008 360.2655 -42.25566 632.3217 330.2455 -26.07761 675.5205 322.9249 -36.07291 677.0787 356.0296 -13.20089 625.6476 357.6009 -34.0009 627.64 330.2455 -26.07761 675.5205 319.3515 -25.17268 666.1998 357.6009 -34.0009 627.64 363.2552 -34.35858 632.1503 354.4364 -41.59748 628.5679 319.3515 -25.17268 666.1998 330.2455 -26.07761 675.5205 5.71272e-4 -75.36051 822.8145 4.00814e-4 -65.28717 784.8016 1.82326e-4 -52.8244 733.9268 36.97709 17.66413 737.0249 47.54607 -15.80858 1208.25 42.67291 -1.895749 1199.703 39.73471 -16.92752 1194.703 37.76247 -12.71916 1204.75 42.67291 -1.895749 1199.703 47.54607 -15.80858 1208.25 20.24981 5.758642 1196.062 31.93533 -18.19336 1208.591 46.62308 -15.66856 1218.529 39.86348 19.05914 1214.371 6.088926 1.15904 1188.803 20.24981 5.758642 1196.062 9.517186 2.393594 1179.57 16.77779 -5.599458 1183.692 9.517186 2.393594 1179.57 20.24981 5.758642 1196.062 43.32037 17.47093 1193.194 46.5449 20.67641 1205.934 4.87443e-4 -18.42779 1189.173 13.96206 -16.46511 1188.515 4.92401e-4 2.577659 1189.172 6.088926 1.15904 1188.803 13.96206 -16.46511 1188.515 4.88174e-4 -12.57806 1179.485 10.23339 -13.28167 1179.33 13.96206 -16.46511 1188.515 4.87443e-4 -18.42779 1189.173 13.96206 -16.46511 1188.515 10.23339 -13.28167 1179.33 19.13727 -17.05929 1185.074 19.13727 -17.05929 1185.074 19.62177 -11.09199 1178.542 41.54041 -16.35393 1187.359 39.73471 -16.92752 1194.703 19.62177 -11.09199 1178.542 9.517186 2.393594 1179.57 31.97911 12.90088 1179.817 41.54041 -16.35393 1187.359 37.76247 -12.71916 1204.75 31.93533 -18.19336 1208.591 13.96206 -16.46511 1188.515 19.13727 -17.05929 1185.074 19.13727 -17.05929 1185.074 37.76247 -12.71916 1204.75 39.73471 -16.92752 1194.703 42.67291 -1.895749 1199.703 16.77779 -5.599458 1183.692 19.13727 -17.05929 1185.074 54.37628 -13.97071 1208.607 47.54607 -15.80858 1208.25 31.97911 12.90088 1179.817 43.32037 17.47093 1193.194 41.54041 -16.35393 1187.359 39.86348 19.05914 1214.371 46.62308 -15.66856 1218.529 54.37628 -13.97071 1208.607 46.5449 20.67641 1205.934 4.92032e-4 3.912731 1178.971 31.97911 12.90088 1179.817 9.517186 2.393594 1179.57 47.54607 -15.80858 1208.25 46.62308 -15.66856 1218.529 37.76247 -12.71916 1204.75 39.86348 19.05914 1214.371 42.67291 -1.895749 1199.703 39.86348 19.05914 1214.371 46.5449 20.67641 1205.934 31.97911 12.90088 1179.817 4.73974e-4 -65.27036 1153.173 8.593074 -89.50961 1155.575 4.72167e-4 -76.20798 1164.721 67.34528 -19.70669 1056.719 62.41182 -53.74825 1076.193 64.53445 -37.12468 1044.115 65.90175 -38.7967 1093.979 83.23109 -4.504421 1076.182 73.29324 -45.88509 1093.93 67.34528 -19.70669 1056.719 7.747002 -84.5547 1031.311 4.61493e-4 -85.02954 1036.565 4.57587e-4 -97.63634 1022.683 5.944381 -95.96685 1022.43 11.42013 -85.06085 1022.303 16.82724 -78.19006 1031.858 10.32953 -92.54048 1020.063 24.84849 -80.6018 1015.289 34.99316 -76.27061 1025.115 12.76731 -87.19154 1016.884 12.76731 -87.19154 1016.884 10.32953 -92.54048 1020.063 7.012949 -91.24969 1015.31 65.60077 17.66837 1020.52 68.04058 8.875782 1038.242 60.73743 6.829334 1014.165 72.60693 24.09439 1042.11 72.60693 24.09439 1042.11 60.94342 28.80569 1040.331 48.01493 37.48472 1019.921 6.544599 -100.1417 1178.006 20.10688 -109.6716 1162.675 28.2788 -106.157 1193.575 7.699425 -89.9724 1191.273 33.58447 -60.40519 1197.569 13.62989 -50.63545 1190.03 61.25037 -88.66084 1142.13 55.13601 -58.90518 1181.027 28.2788 -106.157 1193.575 33.58447 -60.40519 1197.569 77.64728 -48.66679 1147.597 66.97643 -6.107592 1041.124 85.17194 20.03153 1062.946 95.71916 22.87934 1083.965 93.43406 38.94784 1059.494 92.33393 -8.823116 1088.24 69.81713 20.71067 1013.662 107.079 0.4302942 975.7226 104.8606 31.1799 1023.949 76.18178 -9.220824 984.1267 13.62989 -50.63545 1190.03 10.23339 -13.28167 1179.33 4.82147e-4 -38.12683 1179.515 59.58897 -0.392095 1163.422 89.74693 11.22826 1117.776 50.79001 44.64973 1160.597 19.62177 -11.09199 1178.542 92.71918 73.65321 1043.761 93.43406 38.94784 1059.494 110.4173 67.40156 1012.813 87.06967 -44.57241 939.7515 50.53222 -42.91334 898.2125 60.10788 -63.22382 868.8146 53.12132 -41.73931 924.7909 72.94904 -59.30705 907.6519 72.94904 -59.30705 907.6519 60.10788 -63.22382 868.8146 74.31081 -44.14632 890.056 87.85751 43.11683 915.0912 96.94648 52.67945 924.0134 99.44454 21.19365 920.683 105.9126 81.65898 937.4507 104.1989 96.65925 957.8319 115.7378 32.34114 949.9885 101.081 96.76589 1000.955 92.71918 73.65321 1043.761 87.47525 66.0648 1074.994 104.1989 96.65925 957.8319 105.9126 81.65898 937.4507 118.6903 114.288 844.267 95.52049 69.19661 895.9852 96.94648 52.67945 924.0134 87.85751 43.11683 915.0912 77.51401 55.36227 902.6653 96.94648 52.67945 924.0134 77.51401 55.36227 902.6653 55.56752 106.2475 1068.842 57.36136 105.3913 1014.064 67.26778 130.9585 939.6208 78.07962 166.0046 855.0034 111.7366 73.68485 834.334 84.02249 57.76977 870.8574 103.6774 90.89295 793.2521 62.22788 109.7131 759.8449 76.09806 159.1568 797.8632 -5.72138e-5 69.97375 750.3355 2.14969e-4 120.3798 747.1455 62.22788 109.7131 759.8449 40.8637 73.72501 758.1704 20.69953 -67.3961 1050.752 15.32191 -71.90953 1047.779 19.85674 -63.59299 1043.411 57.9483 -54.4404 1044.389 53.757 -59.49026 1048.492 52.49323 -59.7066 1042.814 48.32788 -62.24149 1041.337 50.67482 -64.32082 1038.281 55.5123 -62.92943 1026.083 20.59829 -69.97301 1040.917 21.27052 -63.80805 1041.432 19.85674 -63.59299 1043.411 15.32191 -71.90953 1047.779 20.59829 -69.97301 1040.917 34.09834 -66.95662 1040.119 21.27052 -63.80805 1041.432 34.39522 -70.0911 1037.44 10.44788 -79.54539 1067.75 6.786865 -76.88753 1047.987 19.12044 -73.65977 1063.544 22.57262 -81.88897 1092.045 28.72072 -74.78685 1073.714 4.64302e-4 -81.96243 1067.666 4.63542e-4 -79.62724 1048.113 4.64938e-4 -85.85334 1090.846 42.68572 -70.87022 1075.035 46.41952 -70.85867 1089.725 55.75333 -60.39753 1064.954 24.99456 -70.49216 1133.181 4.73974e-4 -65.27036 1153.173 48.96714 -62.97461 1113.009 65.90175 -38.7967 1093.979 48.96714 -62.97461 1113.009 43.99149 -80.32755 1121.799 24.99456 -70.49216 1133.181 13.73852 -82.78698 1017.247 37.38702 -72.46114 998.8955 64.53623 -25.96612 1017.574 66.97643 -6.107592 1041.124 4.57587e-4 -97.63634 1022.683 4.57724e-4 -94.55661 1013.885 5.944381 -95.96685 1022.43 12.39737 -83.31346 1012.373 21.14545 -82.27956 1003.686 25.15119 -77.38656 993.7394 6.676803 -85.34248 1011.183 12.39737 -83.31346 1012.373 6.676803 -85.34248 1011.183 7.802361 -85.70262 1005.034 4.59253e-4 -86.62162 1008.77 6.676803 -85.34248 1011.183 7.012949 -91.24969 1015.31 4.57724e-4 -94.55661 1013.885 4.59253e-4 -86.62162 1008.77 4.58879e-4 -86.84898 1003.99 5.338659 -89.26753 998.6526 4.5786e-4 -89.28712 997.363 11.2975 -86.88157 996.8041 4.58321e-4 -86.00066 992.6759 7.976979 -85.59341 994.424 16.32963 -82.71311 994.4026 19.3081 -78.36929 992.8091 4.58956e-4 -83.20963 992.3303 6.55837 -82.16909 993.1022 4.58333e-4 -85.09892 989.6837 7.658443 -84.06941 990.3113 6.55837 -82.16909 993.1022 4.58956e-4 -83.20963 992.3303 19.3081 -78.36929 992.8091 11.79996 -81.76719 987.6308 12.64303 -76.57603 981.6318 22.60541 -74.34133 985.4904 29.52652 -67.43568 981.6511 7.658443 -84.06941 990.3113 4.58333e-4 -85.09892 989.6837 4.58207e-4 -84.49488 985.6783 13.9334 -75.08624 972.4489 4.5919e-4 -78.87191 980.5487 4.58455e-4 -79.17221 970.6373 43.22295 -44.59877 982.1675 4.58497e-4 -76.04159 960.2509 15.08946 -70.01489 962.985 14.63826 -56.79601 960.1907 33.26771 -33.53826 971.9227 4.61305e-4 -63.12411 956.6549 16.1987 -16.52783 963.9713 54.02495 -54.92567 1005.608 58.84161 -13.32242 1000.24 50.98082 -2.683658 991.5536 31.82947 12.27107 976.5099 51.30824 20.42033 1010.809 29.50365 36.67184 988.5627 57.61793 21.12592 1023.604 6.30985e-4 -25.33415 959.1027 11.42126 -13.92774 940.8239 25.02182 -1.450055 946.7757 29.34878 17.83584 951.9182 25.73054 28.72057 955.3181 48.01493 37.48472 1019.921 60.94342 28.80569 1040.331 69.81713 20.71067 1013.662 51.63628 36.56615 1004.923 51.63628 36.56615 1004.923 48.01493 37.48472 1019.921 29.50365 36.67184 988.5627 46.60357 12.62837 971.8712 87.83075 -45.17406 1106.578 61.25037 -88.66084 1142.13 4.75593e-4 -65.16855 1176.951 87.83075 -45.17406 1106.578 92.33393 -8.823116 1088.24 78.0753 55.16564 1115.842 85.17194 20.03153 1062.946 76.18178 -9.220824 984.1267 69.81713 20.71067 1013.662 37.90417 10.4872 935.3652 9.517186 2.393594 1179.57 5.00571e-4 39.73779 1180.227 4.92032e-4 3.912731 1178.971 99.01363 -16.2605 920.4035 89.49155 -16.32444 910.3254 87.06967 -44.57241 939.7515 46.82647 -18.71516 917.6548 101.081 96.76589 1000.955 50.75229 93.52122 1123.882 5.13064e-4 106.6159 1131.148 5.13259e-4 125.5438 1067.422 5.28286e-4 121.0131 1014.508 5.16384e-4 143.3786 943.413 6.59571e-4 179.6706 858.7073 5.60757e-4 168.0393 795.9578 58.87656 52.95838 788.0087 67.06347 50.70567 831.3571 84.02249 57.76977 870.8574 43.25018 59.66074 869.4879 39.63593 60.9841 888.2757 77.51401 55.36227 902.6653 58.87656 52.95838 788.0087 3.48261e-5 51.28912 829.3613 -1.26364e-4 48.43338 779.3396 1.78745e-4 62.02792 868.5787 -1.77506e-4 59.62648 881.6524 2.14969e-4 120.3798 747.1455 25.73054 28.72057 955.3181 60.94342 28.80569 1040.331 72.60693 24.09439 1042.11 65.60077 17.66837 1020.52 57.61793 21.12592 1023.604 -1.26364e-4 48.43338 779.3396 24.32887 -69.05982 1057.428 20.69953 -67.3961 1050.752 32.96101 -36.52887 1045.843 31.62119 -69.56784 1062.2 19.85674 -63.59299 1043.411 39.98969 -67.36264 1061.653 48.64178 -63.64108 1057.241 52.17376 -60.52219 1048.361 52.49323 -59.7066 1042.814 48.32788 -62.24149 1041.337 52.49323 -59.7066 1042.814 32.96101 -36.52887 1045.843 32.96101 -36.52887 1045.843 32.96101 -36.52887 1045.843 10.23339 -13.28167 1179.33 37.73102 -45.03518 734.9849 52.25837 -70.51075 1067.11 49.94036 -69.14001 1061.107 43.59384 -70.79047 1064.259 49.28334 -63.3303 1058.151 40.41095 -67.74792 1063.659 43.59384 -70.79047 1064.259 49.94036 -69.14001 1061.107 52.25837 -70.51075 1067.11 31.62119 -69.56784 1062.2 31.62119 -69.56784 1062.2 39.98969 -67.36264 1061.653 43.59384 -70.79047 1064.259 48.64178 -63.64108 1057.241 49.94036 -69.14001 1061.107 58.31207 -67.60519 1062.74 53.94666 -66.16289 1056.308 53.94666 -66.16289 1056.308 58.31207 -67.60519 1062.74 53.94666 -66.16289 1056.308 61.16707 -63.97478 1057.934 56.14302 -63.36719 1051.05 53.757 -59.49026 1048.492 53.94666 -66.16289 1056.308 56.14302 -63.36719 1051.05 61.16707 -63.97478 1057.934 52.17376 -60.52219 1048.361 56.14302 -63.36719 1051.05 52.49323 -59.7066 1042.814 52.49323 -59.7066 1042.814 53.35846 -57.19069 1046.986 53.3471 -57.78696 1049.975 49.21352 -64.42865 1049.945 49.21913 -63.3269 1044.421 53.35799 -55.49269 1044.455 49.17783 -60.18943 1039.743 53.23354 -55.4978 1055.498 49.04451 -60.18952 1060.165 49.15464 -63.32698 1055.474 53.30396 -57.19166 1052.966 42.83717 -68.86741 1049.913 42.82275 -67.42789 1042.694 42.76416 -63.32859 1036.58 42.68457 -63.32872 1063.269 42.79284 -67.42797 1057.138 35.19636 -70.42738 1049.884 35.17235 -68.86926 1042.068 35.11565 -64.43221 1035.449 35.10517 -64.43234 1064.342 35.18117 -68.86932 1057.706 27.50622 -68.87106 1049.861 27.48407 -67.43157 1042.639 27.43609 -63.33228 1036.522 27.45994 -63.33239 1063.219 27.49821 -67.43162 1057.088 20.95602 -64.43487 1049.846 20.94492 -63.33363 1044.319 20.91167 -60.19616 1039.637 20.93509 -60.19625 1060.072 20.95747 -63.33368 1055.379 16.58846 -57.79525 1049.849 16.58023 -57.19898 1046.857 16.56452 -55.501 1044.323 16.57808 -55.50102 1055.382 16.58762 -57.19902 1052.842 4.82147e-4 -38.12683 1179.515 79.22398 -33.00305 24.40256 76.03693 -17.75359 28.80334 72.64768 -34.33641 30.98226 70.14249 -20.39702 40.89949 46.87939 -42.01555 24.30765 50.71821 -40.85836 31.29084 42.74413 -26.56644 29.45068 45.0653 -26.34817 39.62027 68.4614 12.066 36.90148 69.78843 17.11136 2.740008 57.53624 33.79678 2.740054 52.38859 27.47791 42.83733 33.97632 -3.679377 35.37973 32.50051 11.82807 41.16424 31.0395 16.65149 2.740062 37.06821 -0.5795727 2.740024 60.77108 -39.18195 34.55345 56.94777 -24.65278 46.78174 65.87595 -60.75514 23.17816 78.13743 -53.18327 22.38748 83.53821 -32.36806 21.53769 75.07938 -8.042194 29.49945 76.03693 -17.75359 28.80334 79.22398 -33.00305 24.40256 78.13743 -53.18327 22.38748 84.00366 -64.25629 19.89595 88.40143 -70.52441 2.739817 82.46586 -18.45016 2.739926 70.32288 -14.75008 43.90204 70.14249 -20.39702 40.89949 56.20497 -20.54296 51.31183 56.94777 -24.65278 46.78174 41.92556 -21.35028 42.99974 45.0653 -26.34817 39.62027 55.11028 -56.2918 22.75122 43.57742 -41.69534 21.21772 50.63841 -62.59724 17.09771 55.11028 -56.2918 22.75122 46.87939 -42.01555 24.30765 42.74413 -26.56644 29.45068 38.64291 -19.66691 30.0444 65.71708 -74.23061 19.03174 65.87595 -60.75514 23.17816 65.71708 -74.23061 19.03174 66.7575 -80.37923 2.73983 88.40143 -70.52441 2.739817 84.00366 -64.25629 19.89595 50.63841 -62.59724 17.09771 50.07841 -62.73405 2.739882 43.57742 -41.69534 21.21772 38.64291 -19.66691 30.0444 45.86455 -27.04389 2.739962 70.32288 -14.75008 43.90204 75.07938 -8.042194 29.49945 68.4614 12.066 36.90148 66.01357 4.439196 64.15303 52.38859 27.47791 42.83733 53.41011 22.78479 67.13047 56.20497 -20.54296 51.31183 70.32288 -14.75008 43.90204 53.75558 -13.24459 66.76128 56.20497 -20.54296 51.31183 53.75558 -13.24459 66.76128 37.2584 -8.318379 64.24345 41.92556 -21.35028 42.99974 38.64291 -19.66691 30.0444 45.86455 -27.04389 2.739962 33.97632 -3.679377 35.37973 38.64291 -19.66691 30.0444 41.92556 -21.35028 42.99974 37.2584 -8.318379 64.24345 32.91 7.060916 66.2475 32.50051 11.82807 41.16424 52.38859 27.47791 42.83733 57.53624 33.79678 2.740054 37.32859 32.67946 2.740081 37.78712 23.34605 43.23882 38.37357 19.17095 67.61725 32.91 7.060916 66.2475 38.37357 19.17095 67.61725 37.78712 23.34605 43.23882 32.50051 11.82807 41.16424 37.78712 23.34605 43.23882 37.32859 32.67946 2.740081 66.01357 4.439196 64.15303 85.51514 -1.854826 199.6929 54.25181 -34.39655 196.0997 53.75558 -13.24459 66.76128 69.0779 39.84785 207.0798 85.51514 -1.854826 199.6929 33.91947 45.81087 209.879 14.93392 21.36828 205.8955 33.91947 45.81087 209.879 21.14529 -16.08784 197.4647 14.93392 21.36828 205.8955 54.25181 -34.39655 196.0997 21.14529 -16.08784 197.4647 58.68703 -52.71236 351.8512 11.79823 -31.66791 353.9628 95.96983 -5.412922 354.4611 58.68703 -52.71236 351.8512 95.96983 -5.412922 354.4611 73.0591 43.47509 356.571 31.47912 45.04399 357.5175 9.890765 18.64439 357.4803 31.47912 45.04399 357.5175 11.79823 -31.66791 353.9628 9.890765 18.64439 357.4803 31.0395 16.65149 2.740062 37.32859 32.67946 2.740081 57.53624 33.79678 2.740054 69.78843 17.11136 2.740008 37.06821 -0.5795727 2.740024 82.46586 -18.45016 2.739926 45.86455 -27.04389 2.739962 88.40143 -70.52441 2.739817 50.07841 -62.73405 2.739882 66.7575 -80.37923 2.73983 -9.15046e-5 -253.4006 244.0374 43.55614 -122.3945 649.2213 23.57262 -63.31767 714.4218 1.68758e-4 -67.44068 714.9056 3.91704e-6 -131.2005 649.119 81.29959 -91.36462 651.8932 40.55676 -46.02887 714.9299 178.9084 -185.8777 384.6799 138.1727 -151.6268 513.1158 72.87884 -195.0347 505.6205 96.69466 -235.2687 369.4225 -1.25009e-4 -209.6444 501.471 -1.95726e-4 -252.4643 363.4081 24.32887 -69.05982 1057.428 31.62119 -69.56784 1062.2 40.41095 -67.74792 1063.659 49.28334 -63.3303 1058.151 53.95776 41.44635 740.5277 10.23339 -13.28167 1179.33 4.88174e-4 -12.57806 1179.485 4.82147e-4 -38.12683 1179.515 236.504 -163.5315 256.9097 107.7313 -239.0039 246.4217 -4.60265e-4 -9.508528 329.7541 283.7334 -25.02061 261.9201 223.8593 155.5033 259.4473 122.1869 230.4064 257.0737 -6.22432e-5 253.6082 260.3883 -9.15046e-5 -253.4006 244.0374 72.78238 -192.531 505.4276 -6.36541e-5 -207.6519 501.4072 -1.30449e-6 -129.4017 645.8936 43.64946 -117.9235 645.996 37.78712 23.34605 43.23882 66.01357 4.439196 64.15303 100.4117 62.62935 731.0477 20.24981 5.758642 1196.062 67.06347 50.70567 831.3571 68.04058 8.875782 1038.242 72.60693 24.09439 1042.11 5.74098e-4 -15.9557 937.4431 322.9249 -36.07291 677.0787 -17.5206 42.72052 743.8598 -18.34786 34.02058 739.0649 -44.6388 34.87409 739.3895 -57.53173 51.08853 748.0887 -44.6388 34.87409 739.3895 -57.53173 51.08853 748.0887 -53.95749 41.44632 740.5276 -110.6584 68.65152 738.0098 -57.53173 51.08853 748.0887 -39.99913 73.32279 696.3204 -79.35194 81.56286 670.9054 -18.34786 34.02058 739.0649 -44.6388 34.87409 739.3895 -21.00218 30.04574 719.9011 -76.17139 38.50893 738.407 -48.94979 53.10843 685.1672 -19.88699 43.5064 703.6606 -110.7274 49.91335 731.7552 -100.4113 62.62939 731.0477 -110.6584 68.65152 738.0098 -32.27813 48.66423 707.5686 -53.95749 41.44632 740.5276 -39.99913 73.32279 696.3204 -73.68307 64.13216 669.5312 -79.35194 81.56286 670.9054 -100.4113 62.62939 731.0477 -71.61682 46.07369 727.8838 -53.95749 41.44632 740.5276 -32.27813 48.66423 707.5686 -48.94979 53.10843 685.1672 -27.22598 49.61553 697.9993 -48.94979 53.10843 685.1672 -32.27813 48.66423 707.5686 -2.350213 59.69301 696.8177 -32.27813 48.66423 707.5686 -16.76996 53.16523 706.4272 -32.27813 48.66423 707.5686 -39.99913 73.32279 696.3204 -16.76996 53.16523 706.4272 -13.51854 56.90952 711.5383 -17.5206 42.72052 743.8598 -16.76996 53.16523 706.4272 -13.51854 56.90952 711.5383 -39.99913 73.32279 696.3204 -11.68688 23.92027 737.2746 -76.17139 38.50893 738.407 -44.6388 34.87409 739.3895 -53.95749 41.44632 740.5276 -79.35194 81.56286 670.9054 -73.68307 64.13216 669.5312 -110.7274 49.91335 731.7552 -110.6584 68.65152 738.0098 -53.95749 41.44632 740.5276 -57.53173 51.08853 748.0887 -100.4113 62.62939 731.0477 -76.17139 38.50893 738.407 -71.61682 46.07369 727.8838 -110.7274 49.91335 731.7552 -110.7274 49.91335 731.7552 -73.68307 64.13216 669.5312 -73.68307 64.13216 669.5312 -100.4113 62.62939 731.0477 -58.16154 114.7679 622.2566 -12.3532 121.6603 618.5619 -12.3532 121.6603 618.5619 -25.10685 175.7378 531.4523 -90.92937 170.4526 535.8817 -58.16154 114.7679 622.2566 -39.99913 73.32279 696.3204 -53.95749 41.44632 740.5276 -100.4113 62.62939 731.0477 -79.35194 81.56286 670.9054 -25.90923 -27.19707 918.1562 -37.90345 10.48666 935.3653 -25.02093 -1.450534 946.7758 -11.42014 -13.92796 940.824 -83.98295 -47.58452 871.6233 -41.62955 -64.46262 869.0277 -74.30994 -44.1468 890.0565 -23.57229 -63.31773 714.4219 -22.73704 -62.64995 735.8555 -37.73068 -45.03528 734.985 -40.55647 -46.02897 714.9301 -49.48091 -24.73546 733.2322 -50.22513 -27.87333 715.8145 -79.78584 53.65708 872.2543 -97.37834 56.38624 883.2518 -48.67848 56.52438 857.0262 -92.61002 51.97075 883.4969 -97.37834 56.38624 883.2518 -79.78584 53.65708 872.2543 -81.38713 -35.89749 880.4868 -83.98295 -47.58452 871.6233 -105.0194 -16.63987 897.194 -96.22583 -33.66114 870.6448 -81.38713 -35.89749 880.4868 -105.0194 -16.63987 897.194 -67.11495 -48.79547 862.5808 -71.05447 -39.33193 846.912 -67.11495 -48.79547 862.5808 -85.31248 -29.35312 851.4427 -96.22583 -33.66114 870.6448 -67.11495 -48.79547 862.5808 -64.97535 -70.93077 815.3585 -38.54657 -74.05782 813.1362 -25.27734 -74.3932 822.7397 -38.54657 -74.05782 813.1362 -25.86377 -59.37392 784.6199 -49.22574 -65.65892 755.4865 -24.92158 -70.84484 757.4623 -37.73068 -45.03528 734.985 -42.79902 -45.2193 790.2056 -48.67848 56.52438 857.0262 -47.78788 51.77437 858.0172 -79.78584 53.65708 872.2543 -47.78788 51.77437 858.0172 -81.7677 48.09359 853.4154 -79.78584 53.65708 872.2543 -109.8336 -33.47798 864.6868 -128.6728 -28.14038 849.6927 -98.83441 -29.39987 842.2114 -118.5696 -21.73282 831.5046 -138.6162 23.67459 901.7253 -131.2269 49.45 889.3053 -154.2348 20.08347 872.231 -117.817 56.47263 875.4581 -140.9003 48.22755 857.3566 -143.4863 22.18988 854.4912 -29.34824 17.83528 951.9183 -46.82556 -18.71587 917.655 -25.7299 28.72031 955.3181 -27.15631 -45.74141 898.2974 -50.53118 -42.91395 898.2126 -38.10786 -80.94405 818.1003 -64.97535 -70.93077 815.3585 -89.4908 -16.32438 910.3259 -113.1221 -17.87228 902.8202 -105.0194 -16.63987 897.194 -83.98295 -47.58452 871.6233 -113.1221 -17.87228 902.8202 -99.44374 21.19372 920.6835 -129.0078 21.62248 915.1693 -129.0078 21.62248 915.1693 -119.0933 20.53809 907.8507 -119.4607 46.644 903.532 -87.85677 43.11684 915.0916 -119.4607 46.644 903.532 -108.6214 44.80431 897.2446 -49.22574 -65.65892 755.4865 -27.92244 -77.78299 755.0879 -22.73704 -62.64995 735.8555 -37.73068 -45.03528 734.985 -87.85677 43.11684 915.0916 -77.51375 55.36179 902.6655 -97.37834 56.38624 883.2518 -119.4607 46.644 903.532 -48.67848 56.52438 857.0262 -39.63628 60.98356 888.2758 -119.0933 20.53809 907.8507 -138.6162 23.67459 901.7253 -125.5142 -18.71908 890.7509 -105.0194 -16.63987 897.194 -125.5142 -18.71908 890.7509 -25.27734 -74.3932 822.7397 -64.97535 -70.93077 815.3585 -38.54657 -74.05782 813.1362 -14.7979 -50.43958 734.3026 -37.73068 -45.03528 734.985 -14.7979 -50.43958 734.3026 -53.56721 -1.430635 781.021 -43.10292 -3.054086 736.0164 -76.91862 2.747928 835.9088 -66.70299 4.56577 825.3151 -98.83441 -29.39987 842.2114 -90.17133 2.824965 825.7367 -76.91862 2.747928 835.9088 -85.31248 -29.35312 851.4427 -49.48091 -24.73546 733.2322 -43.10292 -3.054086 736.0164 -50.19738 5.706383 733.2821 -50.22513 -27.87333 715.8145 -49.48091 -24.73546 733.2322 -50.19738 5.706383 733.2821 -51.10535 6.12661 717.018 -22.97875 -62.30785 713.3961 -94.39558 -76.95311 654.4686 -43.48423 -115.9268 643.6533 -118.8471 -6.798322 658.8484 -51.10535 6.12661 717.018 -36.97689 17.66404 737.025 -11.68688 23.92027 737.2746 -18.34786 34.02058 739.0649 -40.44538 22.28401 735.2579 -21.00218 30.04574 719.9011 -40.12572 23.06859 719.4802 -40.44538 22.28401 735.2579 -18.34786 34.02058 739.0649 -11.68688 23.92027 737.2746 -34.91809 27.86298 775.0676 -43.10292 -3.054086 736.0164 -53.56721 -1.430635 781.021 -34.91809 27.86298 775.0676 -36.97689 17.66404 737.025 -40.44538 22.28401 735.2579 -40.12572 23.06859 719.4802 -94.34135 56.08626 652.7742 -40.12572 23.06859 719.4802 -44.34995 79.55229 652.3297 -21.00218 30.04574 719.9011 -77.71431 36.30762 842.8737 -45.76251 44.28599 832.4995 -66.70299 4.56577 825.3151 -76.91862 2.747928 835.9088 -95.71754 41.58987 834.0765 -77.71431 36.30762 842.8737 -76.91862 2.747928 835.9088 -90.17133 2.824965 825.7367 -45.76251 44.28599 832.4995 -106.1562 57.15288 855.786 -92.61002 51.97075 883.4969 -108.6214 44.80431 897.2446 -144.3935 -14.16008 869.1612 -118.5696 -21.73282 831.5046 -109.658 3.788201 822.7615 -109.658 3.788201 822.7615 -117.2142 35.3271 830.2094 -138.6162 23.67459 901.7253 -154.2348 20.08347 872.231 -128.0732 46.28578 843.4186 -128.6728 -28.14038 849.6927 -144.3935 -14.16008 869.1612 -140.0868 -9.430825 853.8225 -127.8414 -13.86057 842.2721 -185.9375 -3.290378 801.426 -140.0868 -9.430825 853.8225 -143.4863 22.18988 854.4912 -192.5699 20.6619 806.3242 -127.8414 -13.86057 842.2721 -140.0868 -9.430825 853.8225 -185.9375 -3.290378 801.426 -172.7327 -5.207451 789.6605 -121.1027 7.101591 830.1752 -121.1027 7.101591 830.1752 -127.8414 -13.86057 842.2721 -172.7327 -5.207451 789.6605 -164.5248 15.54179 781.5987 -121.1027 7.101591 830.1752 -125.0367 30.2125 831.5181 -125.0367 30.2125 831.5181 -121.1027 7.101591 830.1752 -164.5248 15.54179 781.5987 -170.4143 36.98001 786.9778 -133.2463 38.63215 840.849 -133.2463 38.63215 840.849 -125.0367 30.2125 831.5181 -170.4143 36.98001 786.9778 -181.659 40.76955 796.0301 -181.659 40.76955 796.0301 -133.2463 38.63215 840.849 -97.47638 -225.5648 332.016 -72.59976 -181.6129 508.2476 -212.0628 -154.5109 353.4586 -160.6221 -125.1078 513.9906 -236.5041 -163.5315 256.91 -107.7315 -239.0036 246.422 -257.0611 -21.90784 374.0011 -201.3583 -15.68196 520.5925 -283.7335 -25.02059 261.9203 -150.5246 104.797 514.6364 -198.3826 138.0762 366.5907 -223.8596 155.5035 259.4474 -111.1844 208.3734 358.696 -82.44018 158.731 515.1927 -122.1871 230.4066 257.0736 -85.31248 -29.35312 851.4427 -119.0933 20.53809 907.8507 -264.9101 5.743084 704.6337 -268.8511 -9.361598 713.1018 -298.2212 -26.27654 699.3873 -281.2043 -15.42218 713.5228 -287.9019 5.339509 711.7151 -306.7997 3.150818 695.2802 -274.4821 -18.56564 706.3847 -285.9535 -33.75803 695.2043 -269.9524 1.122158 693.8377 -293.1233 -7.008068 675.638 -298.6421 23.43499 676.8867 -274.4821 -18.56564 706.3847 -281.167 -26.64426 680.7043 -285.9535 -33.75803 695.2043 -330.2453 -26.07751 675.5215 -301.9636 -50.34052 676.4092 -309.4706 -39.88128 683.6111 -293.1233 -7.008068 675.638 -305.3567 -40.67146 666.3209 -316.7379 -36.56841 672.9353 -313.6386 -45.29657 668.3253 -316.7379 -36.56841 672.9353 -319.3513 -25.17258 666.2007 -293.1233 -7.008068 675.638 -322.9247 -36.07283 677.0797 -316.7379 -36.56841 672.9353 -309.4706 -39.88128 683.6111 -363.2552 -34.35847 632.1512 -331.9731 -2.086597 671.5812 -360.4247 -10.90748 633.0522 -319.3513 -25.17258 666.2007 -320.4635 2.191739 661.6927 -319.3513 -25.17258 666.2007 -316.7379 -36.56841 672.9353 -350.6759 -53.29644 632.6283 -354.4363 -41.59739 628.5688 -268.8511 -9.361598 713.1018 -274.1497 -8.463962 718.8754 -274.1497 -8.463962 718.8754 -278.4934 8.798052 718.8345 -273.8806 22.58447 710.6047 -269.0914 23.04348 707.4552 -273.8806 22.58447 710.6047 -264.9101 5.743084 704.6337 -269.0914 23.04348 707.4552 -274.1497 -8.463962 718.8754 -278.4934 8.798052 718.8345 -268.8511 -9.361598 713.1018 -273.8806 22.58447 710.6047 -279.4842 23.44514 702.8568 -273.8806 22.58447 710.6047 -269.0914 23.04348 707.4552 -275.4321 23.99128 699.5859 -279.4842 23.44514 702.8568 -264.9101 5.743084 704.6337 -275.4321 23.99128 699.5859 -269.0914 23.04348 707.4552 -303.6414 23.29333 683.6845 -298.6421 23.43499 676.8867 -303.6414 23.29333 683.6845 -297.5496 -45.29883 668.1867 -301.9636 -50.34052 676.4092 -305.3567 -40.67146 666.3209 -314.4343 -50.50576 671.0272 -314.4343 -50.50576 671.0272 -309.4706 -39.88128 683.6111 -316.7379 -36.56841 672.9353 -313.6386 -45.29657 668.3253 -327.2933 17.14624 664.5638 -346.449 12.37956 635.705 -321.9172 17.69722 661.0701 -327.2933 17.14624 664.5638 -346.449 12.37956 635.705 -342.987 12.35934 633.1256 -321.9172 17.69722 661.0701 -342.987 12.35934 633.1256 -356.0296 -13.20075 625.6486 -357.6009 -34.00078 627.6409 -322.9247 -36.07283 677.0797 -357.0482 -53.15421 634.2855 -350.6759 -53.29644 632.6283 -316.7379 -36.56841 672.9353 -360.2655 -42.25557 632.3226 -356.0296 -13.20075 625.6486 -324.945 -60.92197 654.3173 -320.0905 -63.94118 651.9498 -301.9636 -50.34052 676.4092 -314.4343 -50.50576 671.0272 -297.5496 -45.29883 668.1867 -301.9636 -50.34052 676.4092 -320.0905 -63.94118 651.9498 -316.8677 -59.19833 650.0742 -314.4343 -50.50576 671.0272 -313.6386 -45.29657 668.3253 -323.1141 -55.78447 653.1981 -324.945 -60.92197 654.3173 -316.8677 -59.19833 650.0742 -320.0905 -63.94118 651.9498 -324.945 -60.92197 654.3173 -323.1141 -55.78447 653.1981 -305.3567 -40.67146 666.3209 -323.1141 -55.78447 653.1981 -313.6386 -45.29657 668.3253 -323.1141 -55.78447 653.1981 -305.3567 -40.67146 666.3209 -268.8511 -9.361598 713.1018 -360.2655 -42.25557 632.3226 -322.9247 -36.07283 677.0797 -330.2453 -26.07751 675.5215 -356.0296 -13.20075 625.6486 -357.6009 -34.00078 627.6409 -330.2453 -26.07751 675.5215 -363.2552 -34.35847 632.1512 -357.6009 -34.00078 627.6409 -319.3513 -25.17258 666.2007 -330.2453 -26.07751 675.5215 -319.3513 -25.17258 666.2007 -354.4363 -41.59739 628.5688 -36.97689 17.66404 737.025 -47.54453 -15.80856 1208.25 -39.73339 -16.92751 1194.703 -42.67156 -1.895729 1199.703 -37.76106 -12.71915 1204.75 -47.54453 -15.80856 1208.25 -42.67156 -1.895729 1199.703 -20.24846 5.758657 1196.062 -39.86192 19.05917 1214.371 -46.62151 -15.66854 1218.53 -31.93396 -18.19334 1208.591 -6.087809 1.159044 1188.803 -9.516204 2.393598 1179.57 -20.24846 5.758657 1196.062 -16.77653 -5.599451 1183.692 -20.24846 5.758657 1196.062 -9.516204 2.393598 1179.57 -43.31898 17.47095 1193.194 -46.54337 20.67644 1205.934 -13.96085 -16.46511 1188.516 -13.96085 -16.46511 1188.516 -6.087809 1.159044 1188.803 -13.96085 -16.46511 1188.516 -10.23222 -13.28166 1179.33 -13.96085 -16.46511 1188.516 -19.13597 -17.05928 1185.074 -10.23222 -13.28166 1179.33 -19.13597 -17.05928 1185.074 -39.73339 -16.92751 1194.703 -41.5391 -16.35391 1187.359 -19.6208 -11.09198 1178.542 -19.6208 -11.09198 1178.542 -41.5391 -16.35391 1187.359 -31.97789 12.90089 1179.817 -9.516204 2.393598 1179.57 -37.76106 -12.71915 1204.75 -19.13597 -17.05928 1185.074 -13.96085 -16.46511 1188.516 -31.93396 -18.19334 1208.591 -19.13597 -17.05928 1185.074 -37.76106 -12.71915 1204.75 -39.73339 -16.92751 1194.703 -19.13597 -17.05928 1185.074 -16.77653 -5.599451 1183.692 -42.67156 -1.895729 1199.703 -54.37475 -13.97068 1208.608 -47.54453 -15.80856 1208.25 -31.97789 12.90089 1179.817 -41.5391 -16.35391 1187.359 -43.31898 17.47095 1193.194 -39.86192 19.05917 1214.371 -46.54337 20.67644 1205.934 -54.37475 -13.97068 1208.608 -46.62151 -15.66854 1218.53 -31.97789 12.90089 1179.817 -9.516204 2.393598 1179.57 -47.54453 -15.80856 1208.25 -46.62151 -15.66854 1218.53 -39.86192 19.05917 1214.371 -37.76106 -12.71915 1204.75 -42.67156 -1.895729 1199.703 -46.54337 20.67644 1205.934 -39.86192 19.05917 1214.371 -31.97789 12.90089 1179.817 -8.592137 -89.50961 1155.575 -67.34431 -19.70666 1056.719 -64.53349 -37.12465 1044.115 -62.41087 -53.74821 1076.193 -65.90079 -38.79667 1093.979 -73.29228 -45.88505 1093.93 -83.23011 -4.504382 1076.182 -67.34431 -19.70666 1056.719 -7.746078 -84.5547 1031.311 -5.943464 -95.96685 1022.43 -11.41921 -85.06085 1022.303 -16.82632 -78.19005 1031.858 -10.32862 -92.54048 1020.063 -34.99224 -76.27059 1025.115 -24.84757 -80.60178 1015.289 -12.76639 -87.19154 1016.884 -12.76639 -87.19154 1016.884 -7.012031 -91.24969 1015.31 -10.32862 -92.54048 1020.063 -65.59978 17.6684 1020.52 -60.73647 6.829363 1014.165 -68.0396 8.875814 1038.242 -72.60594 24.09443 1042.11 -72.60594 24.09443 1042.11 -48.01396 37.48474 1019.921 -60.94243 28.80572 1040.331 -6.543664 -100.1417 1178.006 -20.10596 -109.6716 1162.675 -28.27786 -106.157 1193.575 -7.698483 -89.9724 1191.273 -33.58352 -60.40517 1197.569 -13.62893 -50.63544 1190.03 -61.24943 -88.66081 1142.13 -28.27786 -106.157 1193.575 -55.13506 -58.90516 1181.027 -33.58352 -60.40517 1197.569 -77.64632 -48.66675 1147.597 -85.17094 20.03157 1062.946 -66.97546 -6.107561 1041.124 -95.71817 22.87939 1083.965 -93.43307 38.94788 1059.494 -92.33295 -8.823072 1088.24 -69.81614 20.7107 1013.662 -104.8596 31.17995 1023.949 -107.0781 0.4303544 975.7227 -76.18082 -9.220784 984.1268 -13.62893 -50.63544 1190.03 -10.23222 -13.28166 1179.33 -59.58799 -0.3920668 1163.422 -89.74596 11.2283 1117.776 -19.6208 -11.09198 1178.542 -50.789 44.64975 1160.597 -92.71815 73.65326 1043.761 -110.4163 67.40161 1012.813 -93.43307 38.94788 1059.494 -87.06882 -44.57236 939.7516 -50.53118 -42.91395 898.2126 -53.12034 -41.73953 924.791 -60.10693 -63.22422 868.8148 -72.94827 -59.30703 907.6523 -72.94827 -59.30703 907.6523 -74.30994 -44.1468 890.0565 -60.10693 -63.22422 868.8148 -87.85677 43.11684 915.0916 -99.44374 21.19372 920.6835 -96.94559 52.67951 924.0134 -105.9117 81.65904 937.4509 -115.7368 32.34121 949.9888 -104.1979 96.65932 957.8322 -101.0799 96.76594 1000.955 -92.71815 73.65326 1043.761 -87.47424 66.06484 1074.994 -104.1979 96.65932 957.8322 -118.6896 114.2891 844.2675 -105.9117 81.65904 937.4509 -95.51987 69.19705 895.9855 -96.94559 52.67951 924.0134 -87.85677 43.11684 915.0916 -96.94559 52.67951 924.0134 -77.51375 55.36179 902.6655 -77.51375 55.36179 902.6655 -55.5665 106.2475 1068.842 -57.36031 105.3914 1014.064 -67.26681 130.9587 939.621 -78.07845 166.0053 855.0037 -111.7364 73.68586 834.3342 -84.02222 57.76993 870.8577 -103.6772 90.8941 793.2525 -76.09702 159.1576 797.8634 -62.22752 109.7137 759.8451 -40.86375 73.72546 758.1706 -62.22752 109.7137 759.8451 -20.6986 -67.39609 1050.752 -19.85581 -63.59299 1043.411 -15.32098 -71.90953 1047.779 -57.94735 -54.44037 1044.389 -52.49229 -59.70657 1042.814 -53.75606 -59.49024 1048.492 -50.67389 -64.32079 1038.281 -48.32694 -62.24146 1041.337 -55.51137 -62.92941 1026.083 -20.59736 -69.973 1040.917 -15.32098 -71.90953 1047.779 -19.85581 -63.59299 1043.411 -21.26959 -63.80804 1041.432 -20.59736 -69.973 1040.917 -34.09741 -66.9566 1040.119 -34.39429 -70.09109 1037.44 -21.26959 -63.80804 1041.432 -10.44695 -79.54539 1067.75 -19.11951 -73.65976 1063.544 -6.785936 -76.88753 1047.987 -22.57169 -81.88895 1092.045 -28.71979 -74.78683 1073.714 -46.41858 -70.85866 1089.725 -42.68478 -70.87021 1075.035 -55.75239 -60.39751 1064.954 -24.99362 -70.49215 1133.181 -48.96619 -62.97458 1113.009 -65.90079 -38.79667 1093.979 -48.96619 -62.97458 1113.009 -24.99362 -70.49215 1133.181 -43.99055 -80.32754 1121.799 -13.7376 -82.78698 1017.247 -37.38609 -72.46113 998.8955 -64.53527 -25.96609 1017.574 -66.97546 -6.107561 1041.124 -5.943464 -95.96685 1022.43 -12.39645 -83.31346 1012.373 -21.14453 -82.27955 1003.686 -25.15027 -77.38654 993.7394 -6.675882 -85.34248 1011.183 -12.39645 -83.31346 1012.373 -7.801442 -85.70262 1005.034 -6.675882 -85.34248 1011.183 -7.012031 -91.24969 1015.31 -6.675882 -85.34248 1011.183 -5.337743 -89.26753 998.6526 -11.29658 -86.88157 996.8041 -7.976062 -85.59341 994.424 -16.32871 -82.7131 994.4026 -19.30718 -78.36927 992.8091 -6.557451 -82.16909 993.1022 -6.557451 -82.16909 993.1022 -7.657526 -84.06941 990.3113 -19.30718 -78.36927 992.8091 -22.60448 -74.34132 985.4904 -12.64211 -76.57603 981.6318 -11.79905 -81.76719 987.6308 -29.52559 -67.43567 981.6511 -7.657526 -84.06941 990.3113 -13.93248 -75.08624 972.4489 -43.22202 -44.59875 982.1675 -15.08854 -70.01489 962.985 -14.63734 -56.79601 960.1907 -33.26677 -33.53824 971.9227 -16.19757 -16.52803 963.9714 -54.02401 -54.92565 1005.608 -58.84065 -13.32239 1000.24 -50.97986 -2.683634 991.5536 -31.82859 12.27087 976.5099 -51.30727 20.42035 1010.809 -29.50295 36.67173 988.5627 -57.61696 21.12595 1023.604 -11.42014 -13.92796 940.824 -25.02093 -1.450534 946.7758 -29.34824 17.83528 951.9183 -25.7299 28.72031 955.3181 -48.01396 37.48474 1019.921 -60.94243 28.80572 1040.331 -69.81614 20.7107 1013.662 -51.63531 36.56618 1004.923 -51.63531 36.56618 1004.923 -46.60268 12.62814 971.8713 -29.50295 36.67173 988.5627 -48.01396 37.48474 1019.921 -61.24943 -88.66081 1142.13 -87.82979 -45.17403 1106.578 -87.82979 -45.17403 1106.578 -92.33295 -8.823072 1088.24 -78.0743 55.16568 1115.842 -85.17094 20.03157 1062.946 -69.81614 20.7107 1013.662 -76.18082 -9.220784 984.1268 -37.90345 10.48666 935.3653 -9.516204 2.393598 1179.57 -99.01282 -16.26044 920.4039 -89.4908 -16.32438 910.3259 -87.06882 -44.57236 939.7516 -46.82556 -18.71587 917.655 -101.0799 96.76594 1000.955 -50.75126 93.52126 1123.882 -58.87673 52.95903 788.0089 -67.06339 50.70627 831.3573 -43.24967 59.66084 869.488 -84.02222 57.76993 870.8577 -39.63628 60.98356 888.2758 -77.51375 55.36179 902.6655 -58.87673 52.95903 788.0089 -25.7299 28.72031 955.3181 -60.94243 28.80572 1040.331 -57.61696 21.12595 1023.604 -65.59978 17.6684 1020.52 -72.60594 24.09443 1042.11 -24.32794 -69.05981 1057.428 -32.96005 -36.52886 1045.843 -20.6986 -67.39609 1050.752 -31.62026 -69.56783 1062.2 -19.85581 -63.59299 1043.411 -39.98875 -67.36263 1061.653 -48.64084 -63.64105 1057.241 -52.17282 -60.52217 1048.361 -52.49229 -59.70657 1042.814 -48.32694 -62.24146 1041.337 -32.96005 -36.52886 1045.843 -52.49229 -59.70657 1042.814 -32.96005 -36.52886 1045.843 -32.96005 -36.52886 1045.843 -10.23222 -13.28166 1179.33 -37.73068 -45.03528 734.985 -52.25743 -70.51072 1067.11 -43.5929 -70.79046 1064.259 -49.93943 -69.13998 1061.107 -49.28241 -63.33028 1058.151 -40.41002 -67.74791 1063.659 -43.5929 -70.79046 1064.259 -52.25743 -70.51072 1067.11 -49.93943 -69.13998 1061.107 -31.62026 -69.56783 1062.2 -31.62026 -69.56783 1062.2 -43.5929 -70.79046 1064.259 -39.98875 -67.36263 1061.653 -48.64084 -63.64105 1057.241 -49.93943 -69.13998 1061.107 -58.31113 -67.60516 1062.74 -53.94572 -66.16286 1056.308 -58.31113 -67.60516 1062.74 -53.94572 -66.16286 1056.308 -53.94572 -66.16286 1056.308 -61.16613 -63.97475 1057.934 -56.14208 -63.36716 1051.05 -53.75606 -59.49024 1048.492 -53.94572 -66.16286 1056.308 -61.16613 -63.97475 1057.934 -56.14208 -63.36716 1051.05 -52.17282 -60.52217 1048.361 -56.14208 -63.36716 1051.05 -52.49229 -59.70657 1042.814 -52.49229 -59.70657 1042.814 -53.35752 -57.19067 1046.986 -49.21819 -63.32687 1044.421 -49.21258 -64.42862 1049.945 -53.34616 -57.78693 1049.975 -53.35704 -55.49267 1044.455 -49.1769 -60.18941 1039.743 -53.23259 -55.49777 1055.498 -53.30302 -57.19164 1052.966 -49.1537 -63.32696 1055.474 -49.04358 -60.1895 1060.165 -42.82182 -67.42787 1042.694 -42.83623 -68.86739 1049.913 -42.76323 -63.32857 1036.58 -42.7919 -67.42796 1057.138 -42.68363 -63.32869 1063.269 -35.19542 -70.42736 1049.884 -35.17141 -68.86924 1042.068 -35.11472 -64.4322 1035.449 -35.18023 -68.86931 1057.706 -35.10423 -64.43233 1064.342 -27.50529 -68.87104 1049.861 -27.48314 -67.43156 1042.639 -27.43516 -63.33227 1036.522 -27.49728 -67.4316 1057.088 -27.45901 -63.33237 1063.219 -20.94399 -63.33363 1044.319 -20.95509 -64.43485 1049.846 -20.91074 -60.19615 1039.637 -20.95654 -63.33367 1055.379 -20.93416 -60.19625 1060.072 -16.5793 -57.19897 1046.857 -16.58753 -57.79524 1049.849 -16.56358 -55.501 1044.323 -16.58668 -57.19901 1052.842 -16.57714 -55.50101 1055.382 -79.22588 -33.00298 24.40284 -72.64955 -34.33634 30.98251 -76.03881 -17.75352 28.80361 -70.14433 -20.39695 40.89974 -46.88129 -42.01548 24.30782 -42.74601 -26.56638 29.45083 -50.72009 -40.85829 31.29102 -45.06713 -26.34811 39.62043 -68.46323 12.06606 36.90172 -52.39041 27.47797 42.83752 -57.53818 33.79684 2.740269 -69.79037 17.11142 2.740262 -33.97817 -3.679319 35.37985 -37.07017 -0.579511 2.740166 -31.04146 16.65154 2.740186 -32.50234 11.82813 41.16436 -60.77294 -39.18187 34.55366 -56.94958 -24.65272 46.78194 -78.13932 -53.1832 22.38775 -65.87784 -60.75507 23.17839 -83.54011 -32.36798 21.53798 -79.22588 -33.00298 24.40284 -76.03881 -17.75352 28.80361 -75.08126 -8.042127 29.49971 -78.13932 -53.1832 22.38775 -84.00556 -64.25622 19.89623 -82.4678 -18.45008 2.740219 -88.4034 -70.52433 2.740131 -70.14433 -20.39695 40.89974 -70.32471 -14.75001 43.90228 -56.94958 -24.65272 46.78194 -56.20677 -20.5429 51.31203 -45.06713 -26.34811 39.62043 -41.92739 -21.35022 42.9999 -55.11217 -56.29173 22.75141 -43.57932 -41.69527 21.21788 -46.88129 -42.01548 24.30782 -55.11217 -56.29173 22.75141 -50.64033 -62.59718 17.0979 -38.64479 -19.66685 30.04454 -42.74601 -26.56638 29.45083 -65.71899 -74.23055 19.03197 -65.87784 -60.75507 23.17839 -65.71899 -74.23055 19.03197 -84.00556 -64.25622 19.89623 -88.4034 -70.52433 2.740131 -66.75947 -80.37917 2.740072 -50.08038 -62.73398 2.740072 -50.64033 -62.59718 17.0979 -43.57932 -41.69527 21.21788 -45.86651 -27.04382 2.740132 -38.64479 -19.66685 30.04454 -70.32471 -14.75001 43.90228 -66.01533 4.439256 64.15315 -68.46323 12.06606 36.90172 -75.08126 -8.042127 29.49971 -52.39041 27.47797 42.83752 -53.41186 22.78485 67.13055 -56.20677 -20.5429 51.31203 -53.75733 -13.24452 66.76136 -70.32471 -14.75001 43.90228 -56.20677 -20.5429 51.31203 -41.92739 -21.35022 42.9999 -37.26016 -8.318316 64.24348 -53.75733 -13.24452 66.76136 -38.64479 -19.66685 30.04454 -45.86651 -27.04382 2.740132 -33.97817 -3.679319 35.37985 -37.26016 -8.318316 64.24348 -41.92739 -21.35022 42.9999 -38.64479 -19.66685 30.04454 -32.50234 11.82813 41.16436 -32.91175 7.06098 66.24751 -52.39041 27.47797 42.83752 -37.33054 32.67952 2.740228 -57.53818 33.79684 2.740269 -37.78894 23.3461 43.23896 -38.37533 19.17101 67.61729 -32.91175 7.06098 66.24751 -32.50234 11.82813 41.16436 -37.78894 23.3461 43.23896 -38.37533 19.17101 67.61729 -37.78894 23.3461 43.23896 -37.33054 32.67952 2.740228 -66.01533 4.439256 64.15315 -53.75733 -13.24452 66.76136 -54.25315 -34.3965 196.0998 -85.51646 -1.854784 199.693 -85.51646 -1.854784 199.693 -69.07921 39.84789 207.08 -33.92077 45.81092 209.879 -14.93524 21.36833 205.8954 -33.92077 45.81092 209.879 -14.93524 21.36833 205.8954 -21.14663 -16.0878 197.4646 -21.14663 -16.0878 197.4646 -54.25315 -34.3965 196.0998 -11.79907 -31.66788 353.9626 -58.68786 -52.71232 351.8512 -58.68786 -52.71232 351.8512 -95.97066 -5.412902 354.4612 -95.97066 -5.412902 354.4612 -73.05993 43.47511 356.5711 -31.47996 45.04401 357.5175 -31.47996 45.04401 357.5175 -9.891601 18.64442 357.4802 -9.891601 18.64442 357.4802 -11.79907 -31.66788 353.9626 -31.04146 16.65154 2.740186 -57.53818 33.79684 2.740269 -37.33054 32.67952 2.740228 -37.07017 -0.579511 2.740166 -69.79037 17.11142 2.740262 -45.86651 -27.04382 2.740132 -82.4678 -18.45008 2.740219 -50.08038 -62.73398 2.740072 -88.4034 -70.52433 2.740131 -66.75947 -80.37917 2.740072 -43.55613 -122.3946 649.2214 -23.57229 -63.31773 714.4219 -81.29961 -91.36471 651.8934 -40.55647 -46.02897 714.9301 -178.9089 -185.8778 384.6807 -96.69508 -235.2686 369.4232 -72.8791 -195.0347 505.6207 -138.173 -151.6268 513.1162 -24.32794 -69.05981 1057.428 -31.62026 -69.56783 1062.2 -40.41002 -67.74791 1063.659 -49.28241 -63.33028 1058.151 -53.95749 41.44632 740.5276 -10.23222 -13.28166 1179.33 -236.5041 -163.5315 256.91 -107.7315 -239.0036 246.422 -283.7335 -25.02059 261.9203 -223.8596 155.5035 259.4474 -122.1871 230.4066 257.0736 -72.7825 -192.5309 505.4278 -43.64944 -117.9235 645.9961 -37.78894 23.3461 43.23896 -66.01533 4.439256 64.15315 -100.4113 62.62939 731.0477 -20.24846 5.758657 1196.062 -67.06339 50.70627 831.3573 -68.0396 8.875814 1038.242 -72.60594 24.09443 1042.11 -322.9247 -36.07283 677.0797</float_array>
          <technique_common>
            <accessor source="#geom-alice_lod1-positions-array" count="1882" stride="3">
              <param name="X" type="float"/>
              <param name="Y" type="float"/>
              <param name="Z" type="float"/>
            </accessor>
          </technique_common>
        </source>
        <source id="geom-alice_lod1-normals">
          <float_array id="geom-alice_lod1-normals-array" count="5646">0.1106522 -0.4547977 0.8836941 1.78429e-6 -0.3985724 0.9171369 1.87189e-6 -0.5495886 0.8354356 0.137494 -0.4402104 0.887305 0.004579597 -0.4762781 0.8792827 0.005689772 -0.4749063 0.8800181 0.2223916 -0.9700545 -0.09765393 0.3800392 -0.6513872 0.6567077 0.3815588 -0.6539918 0.6532286 -0.1450676 0.9261419 0.3481621 -0.06403583 0.9734971 0.2195514 -0.1763336 0.9160185 0.3603006 -0.2151543 0.8690099 0.4455678 0.02917408 -0.9778084 0.2074601 0.1831924 -0.96095 -0.207402 0.2223916 -0.9700545 -0.09765394 -0.1450255 -0.7681192 -0.6236669 0.1757581 -0.9138656 -0.3660038 0.1722783 -0.9261863 -0.335409 -0.4164007 -0.2895704 0.8618349 -0.4164007 -0.2895704 0.8618349 -0.4164007 -0.2895704 0.8618349 0.7987489 0.1343975 -0.5864619 0.6872497 -0.4683366 -0.5552916 0.6895773 -0.4699228 -0.5510496 -0.6856124 -0.7275576 0.02440445 -0.8840743 0.256679 0.3905488 -0.8839878 0.2570353 0.3905106 -0.1585201 0.8833475 0.4410994 -0.1545898 0.9588384 0.2381828 0.02327963 0.9277506 0.3724741 -0.001526184 0.9397478 0.3418652 -0.07704553 0.9870982 0.1403602 0.7987489 0.1343975 -0.5864619 -0.07663752 0.987137 0.1403115 0.0229305 0.7871692 0.6163107 8.14245e-8 0.7470728 0.6647423 0.1697777 0.9148921 0.3662621 0.02327963 0.9277506 0.3724741 -0.04878114 -0.4013011 -0.9146463 -0.04916132 -0.4012936 -0.9146292 -0.0491538 -0.4016132 -0.9144893 -5.01167e-7 0.9177366 0.3971894 -0.07380789 0.9040036 0.4211055 -0.0951396 0.8993978 0.4266521 -4.36427e-7 0.9041955 0.4271189 -1.84367e-6 0.6472058 -0.7623155 -1.83502e-6 0.6077902 -0.7940977 -0.3330232 0.6076146 -0.721041 -0.4775726 0.5361482 -0.6960386 -0.6278235 0.3818877 -0.6782326 0.1397831 -0.4005468 0.9055511 1.84977e-6 -0.7875211 0.6162877 0.05808957 -0.2514667 0.9661212 0.05885127 -0.2514554 0.966078 0.05923209 -0.2514498 0.9660562 0.8385345 -0.1663335 -0.5188384 0.943451 -0.2534189 -0.2137268 0.9030027 0.08396475 -0.4213504 0.8139865 -0.2225506 -0.5365604 0.3608887 -0.6967052 0.6199688 0.4333702 -0.8911555 0.1342837 0.3444892 -0.6553696 0.672174 -0.006102082 0.8104327 0.5857999 -0.1161294 0.2051364 0.9718195 -0.1585201 0.8833475 0.4410994 -0.6856124 -0.7275576 0.02440445 0.2333192 -0.908115 -0.3476914 -0.3371437 0.9023552 0.2684945 -0.320361 0.3918497 0.8624516 0.06670962 0.7821128 0.619556 0.06658215 0.7761576 0.6270136 0.06241797 0.8330031 0.5497363 0.07856635 0.8238025 0.5614061 0.04507231 0.8418592 0.537812 0.03204072 0.8467906 0.5309606 0.09628873 -0.8905755 -0.4445266 0.004580019 -0.9541706 -0.2992279 0.1282535 -0.8630389 -0.4885846 0.2195428 -0.7565841 -0.6159395 8.61186e-6 -0.8143136 0.5804252 6.05385e-6 -0.8228927 0.5681969 0.2690452 -0.6823722 0.6796933 0.7355856 -0.3654929 0.5703759 0.6954417 -0.484761 0.530441 0.1840455 -0.7932667 0.5803924 0.37651 -0.845429 0.3788011 0.425007 -0.7848918 0.4509034 0.2075797 -0.8913715 0.4029489 0.4845469 -0.8721843 0.0671498 0.6955487 -0.5572816 0.4534855 0.901664 -0.3724181 0.2197877 0.4382882 -0.8125203 -0.3843362 0.7625223 -0.3213732 0.5614972 0.8682953 -0.4791845 0.1282405 0.4276775 0.4341575 -0.7928424 0.4276775 0.4341575 -0.7928424 0.4270543 0.434299 -0.7931009 0.4712583 -0.5473787 -0.6915868 0.4964135 -0.5722862 -0.6527342 0.4567259 -0.5142932 -0.7258815 0.1342564 0.6175033 -0.7750258 0.05958 0.6124136 -0.7882892 0.2427908 0.6997415 -0.6718739 0.2090059 -0.942052 0.2624016 0.1761456 -0.8715774 0.457521 0.3716049 -0.853089 0.3662636 0.3561681 -0.8675889 0.3470356 0.7091532 -0.5599787 -0.428399 0.5319813 -0.5563003 -0.6383775 0.6610501 -0.6709734 -0.3358684 0.5055056 -0.7319933 -0.4567821 -0.04045352 0.906006 -0.4213272 0.1663623 0.8566132 -0.4884031 -0.1176807 0.9467949 -0.299551 -0.02746035 -0.9458565 -0.3234219 0.3955679 -0.8640287 -0.3114167 0.4401611 -0.7756311 -0.4523878 0.9822408 0.1602101 -0.09765189 0.9016641 -0.3724182 0.2197878 -0.1746785 0.8837125 0.4342117 0.8538707 -0.4420126 -0.2748265 0.2987099 -0.251846 -0.920514 0.4022241 -0.2571659 -0.8786817 0.2800506 -0.2460935 -0.9279062 0.1296995 0.9262071 -0.3540034 -0.0732074 0.9898251 -0.1220123 -0.193949 0.8506266 -0.4886903 0.1754528 -0.9783403 0.1098487 0.02059949 -0.9710373 -0.2380386 0.2930377 -0.9548527 -0.04883962 0.1373164 -0.9076232 -0.3966918 0.5364733 0.4846982 0.690843 0.9643453 0.184731 -0.1895068 0.4508748 0.7324818 0.5100806 0.6881839 0.6832247 -0.2441451 0.1250237 0.9803686 0.1524679 0.8721357 0.02214705 -0.4887626 0.8919466 0.02212226 0.4515992 0.2035823 -0.5569921 0.8051795 0.9031048 0.1792873 0.3902023 0.1385912 -0.7530634 0.6431858 5.74708e-6 -0.9097382 0.4151826 0.1107452 -0.753831 0.6476683 4.67606e-6 -0.9925337 0.1219704 0.2460409 -0.9643276 0.09765343 0.4678935 -0.8632748 0.1892946 0.2692042 -0.5881692 0.762618 0.203872 -0.5416786 0.8154879 0.578301 0.1672425 -0.7984973 0.5786855 0.08386746 -0.8112271 0.5784593 0.2502581 -0.7763734 0.2342026 0.05931352 0.9703768 0.1816156 0.0720787 0.9807245 0.587523 -0.06245774 -0.8067936 0.5976645 -0.06727537 -0.7989188 0.2122353 0.4259974 0.8794785 0.2811677 0.3737474 0.8838878 0.5097081 -0.3438811 -0.7886339 0.5314646 -0.2032966 -0.8223234 0.3021914 -0.8822994 -0.3608712 0.9822408 0.1602101 -0.0976519 1.56342e-6 -0.9440843 -0.3297044 1.35311e-7 -0.7826518 -0.6224599 0.4382882 -0.8125203 -0.3843362 0.9016641 -0.3724182 0.2197878 1.24187e-6 -0.9999254 0.01221283 1.29754e-6 -0.9998325 -0.01830357 0.2202482 0.8741337 0.4328753 0.04192938 0.9171099 0.3964232 0.09329388 0.963527 0.2508229 0.2166074 0.9526147 0.2135566 0.0408342 0.9937594 -0.1038028 0.0835585 0.9897295 -0.1159899 -6.91152e-6 0.985279 -0.1709547 -6.9153e-6 0.9819357 -0.1892153 1.28913e-6 -0.4847338 -0.8746617 2.14231e-6 -0.4986431 -0.8668073 0.3102263 -0.3379935 0.8885494 0.2477602 -0.35201 0.9026094 0.2718168 -0.348985 0.8968417 0.3307205 -0.33053 0.8839535 0.4534527 -0.7673079 0.4534527 -3.93708e-6 0.9649046 -0.2626006 -5.52428e-6 0.9524949 -0.3045547 -0.1201481 0.9680615 -0.2200487 -0.191423 0.9738931 0.1220226 0.4678934 -0.8632748 0.1892946 -1.28726e-6 0.8883791 0.4591107 -3.41999e-6 0.9873261 0.1587047 -0.1523637 0.7088721 0.6886839 0.1996621 -0.9534962 -0.2257879 0.7307689 -0.6540668 -0.1953805 0.9515166 -0.2378672 -0.1950266 0.9683097 -0.1185101 -0.2198448 8.74159e-9 0.7290964 0.684411 0.6343401 -0.2776671 -0.7214664 0.8438594 -0.2233521 -0.4878681 -0.3997054 -0.4918279 -0.773525 -0.4922706 -0.4769108 -0.728166 -0.5782036 -0.1361235 -0.8044571 -0.4082834 -0.1175296 -0.9052576 0.2558806 -0.04888465 0.9654717 0.3343042 0.03683501 0.9417452 0.3383678 2.14822e-4 0.9410139 0.9984952 -0.02498145 0.04881871 0.9656762 0.2524793 0.0610222 0.9624873 0.2668966 0.04883011 0.9988067 -0.02365394 0.0427297 0.294114 -0.6916737 0.6596093 0.3139523 -0.7743902 0.5493212 0.6158501 -0.5188117 0.5929276 0.7899528 0.03133595 0.6123665 0.6614818 0.1818024 0.7275918 1.84364e-6 -0.7655404 0.6433878 1.25967e-7 -0.8341655 0.5515144 0.2691599 0.08819281 0.959049 0.2996894 0.1353743 0.9443835 0.01238541 -0.1097538 0.9938817 -0.02858814 -0.1548682 0.9875214 0.4126431 0.9088449 -0.06104752 0.4492016 0.8850511 -0.122076 0.3947332 0.9178024 -0.04271509 0.3433293 0.9382429 0.04272543 0.1163171 0.9750029 -0.1893136 -1.44403e-6 0.985279 -0.1709547 -3.39156e-6 0.9754623 -0.220167 0.1178856 0.9625418 -0.2441644 0.9153197 0.3874214 -0.1099758 0.9583039 0.2847052 -0.02442511 0.8573649 0.4594117 -0.2320917 0.8350785 0.4769429 -0.2741708 0.853572 0.5200799 0.0305256 0.8622367 0.5064687 0.006104331 0.5918395 0.5504866 0.5888044 0.4597442 0.5746801 0.6770362 0.2423886 0.7795945 0.5774775 0.1659372 0.754069 0.6354879 1.03741e-7 0.8220269 0.5694488 1.41608e-8 0.7635668 0.6457289 0.4575463 0.3035057 -0.8357845 0.7219546 0.1230173 -0.6809172 0.7312452 0.3607666 -0.5789024 0.6732234 0.4593625 -0.5794449 -0.2453944 0.5718225 -0.7828159 -0.4082834 -0.1175296 -0.9052576 -0.5782036 -0.1361235 -0.8044571 -0.2836631 0.6046904 -0.7442344 0.1472706 0.9467939 -0.2861692 -5.40221e-6 0.9712974 -0.2378688 -5.41989e-6 0.9782248 -0.2075485 0.002287249 0.963313 -0.2683706 -0.0464486 0.9605724 0.2741229 0.08378842 0.7373381 0.6703074 0.6707241 -0.6149892 0.4146294 0.4014511 -0.3246019 -0.856429 0.1501075 -0.04788487 -0.9875094 0.1501075 -0.04788487 -0.9875094 0.1707415 0.4310839 -0.8860102 0.8300949 -0.2815849 0.4813027 0.7917013 -0.3228204 0.5186483 0.3172328 0.7624316 -0.5639694 0.7861041 -0.3073576 -0.5362571 0.7778331 -0.2066956 -0.5935088 0.8804101 -0.2668982 -0.3919739 0.889505 -0.2468834 -0.3844859 0.6626899 -0.2906903 0.6901748 0.6984489 0.1690841 0.6953989 0.6871246 0.2875134 0.6672301 0.7530453 -0.09470115 0.6511179 0.2363572 -0.9673491 0.09149311 0.1083473 -0.9934382 0.03662445 0.109867 -0.9924272 0.05493351 0.2486203 -0.9623552 0.10982 0.5587136 -0.009623137 -0.8293048 -0.7088736 -0.2488314 -0.6599858 -0.6651456 -0.05778071 -0.7444748 -0.5839957 -0.4908881 -0.6465122 -0.5983763 -0.5379266 -0.5937852 0.5587136 -0.009623137 -0.8293048 0.3090107 0.2573181 -0.9155871 -0.739575 0.2028483 -0.64178 -0.6186 0.3428202 -0.7069713 -0.6651456 -0.05778071 -0.7444748 -0.7088736 -0.2488314 -0.6599858 0.5910678 0.4394924 -0.6763766 -0.4225757 0.8489653 -0.3173132 -0.1374765 0.9657726 -0.2199624 -0.169311 0.9579039 -0.2318494 -0.4560617 0.8217499 -0.3416649 0.57297 0.6102055 0.5471331 0.4548603 0.7193051 0.5250736 0.3240196 -0.9200935 0.2200888 0.3415698 -0.8630736 0.3720671 -3.59849e-8 -0.933031 0.3597963 5.74907e-7 -0.9831301 0.1829079 0.727228 -0.6250806 0.2835732 0.6927606 -0.5897622 0.415046 0.3128014 -0.9323009 0.1815774 0.7481867 -0.6168723 0.2443058 0.9543166 9.52792e-4 0.2987956 0.9061819 0.01865556 0.4224766 0.9680846 -0.01011603 0.2504194 0.721264 0.5554037 0.4138899 0.7650318 0.5619395 0.314564 0.7801782 0.5649039 0.2687111 0.3911059 0.8723497 0.2933295 0.354106 0.831844 0.4273694 0.3919654 0.8893717 0.235332 5.23728e-7 0.9579941 0.286788 2.4948e-7 0.8986514 0.4386637 5.504e-7 0.9712974 0.2378688 -0.1104934 -0.9801525 -0.164597 0.197483 0.464238 0.8634139 -0.7891833 -0.05410341 -0.61177 -0.7695309 -0.4511833 -0.4519467 0.4265852 -0.4134449 0.804418 0.6428683 0.228103 0.7312245 0.63914 0.218264 0.7374693 0.158719 -0.5047721 0.848536 -0.3419046 -0.6983095 0.6288602 0.100744 -0.6861274 0.720472 -0.8403739 0.005387927 -0.5419803 -0.575851 0.1765258 -0.7982696 -0.526421 0.08539127 -0.8459252 -0.8234496 -0.2756949 -0.4959064 -0.9061567 -0.3920577 -0.1586537 -0.7845708 -0.6189561 -0.03663365 0.6964478 -0.1602362 0.6994891 0.2470769 -0.6870874 0.6832744 0.3782101 -0.5505397 0.7442199 0.3634892 0.3693118 -0.8552685 0.3699752 0.348368 -0.8612539 0.4342609 0.4954244 -0.7523112 0.5028823 0.6628903 -0.5546944 -0.6801167 -0.2497065 -0.6892662 -0.5194813 -0.3437744 -0.7822777 -0.6634454 -0.2476508 -0.7060519 0.1951414 -0.9657974 -0.1707487 0.1951414 -0.9657974 -0.1707487 0.1922058 -0.9663681 -0.1708496 0.9889756 0.04830766 -0.1399781 0.946608 0.3218658 -0.01832145 0.7538185 0.2273902 0.6164832 -0.6089755 -0.1096156 -0.7855784 -0.6197728 -0.04986512 -0.7831955 -0.6634454 -0.2476508 -0.7060519 0.003049629 0.4036946 -0.9148887 -0.3639821 -0.2186951 -0.9053671 -0.6801167 -0.2497065 -0.6892662 0.04274345 -0.9930218 0.1099117 0.04879775 -0.992062 0.1158947 0.3797799 -0.4034212 0.8324775 0.6781411 0.2346384 0.6964693 0.6466154 0.5419598 0.5368128 0.07019243 0.9966181 0.04272583 0.07324786 0.9972391 0.01220798 -0.6812638 0.2755223 -0.6782088 -0.7891833 -0.05410341 -0.61177 0.6781411 0.2346384 0.6964693 0.3797799 -0.4034211 0.8324775 -0.3856453 -0.74011 0.5509219 0.6016806 0.5356332 0.592518 0.6466154 0.5419598 0.5368128 0.07019243 0.9966181 0.04272583 0.0518477 0.9938747 0.09759568 0.05187718 0.9938676 0.09765117 0.07324786 0.9972391 0.01220798 -0.7891833 -0.05410341 -0.61177 -0.6812638 0.2755223 -0.6782088 -0.7229992 0.3123082 -0.6162271 0.5926656 0.4704665 0.6537651 0.1006878 0.9937197 -0.04881831 0.0915281 0.9946054 -0.04881499 -0.7264829 -0.3380587 -0.59828 -0.7050843 -0.706992 -0.05494163 -0.354969 0.2314183 -0.9057829 0.2655143 -0.7202457 0.6408966 0.9654915 0.1050278 0.2383175 0.9869612 0.0792006 -0.1401241 0.925709 -0.1971699 0.3227801 0.8366423 -0.2076338 0.5068709 0.7328529 0.3978563 0.5519394 0.8476985 0.5132311 -0.1341681 0.1526797 0.9840209 -0.09160784 0.1525651 0.984045 -0.09153906 0.09157584 0.9890191 -0.1159961 0.356913 0.8244079 -0.4392775 -0.6472875 0.06191775 -0.759727 -0.7514529 -0.1430061 -0.6441025 -0.7278318 -0.1327414 -0.6727857 -0.7186123 -0.1200235 -0.6849751 -0.1160471 -0.9489908 0.2931717 -0.1192263 -0.9503714 0.287366 -0.0671445 -0.943838 0.3235144 0.658787 -0.7487602 -0.07319855 0.9262493 0.3102782 -0.213985 0.7612307 0.2806087 -0.5846252 0.2106494 -0.7777238 0.5922607 0.2655143 -0.7202457 0.6408966 0.2470769 -0.6870874 0.6832744 0.2014544 -0.7848328 0.5860492 -0.7264829 -0.3380587 -0.59828 -0.6944815 -0.03084046 -0.7188493 -0.716817 -0.6508546 -0.2501234 -0.7050843 -0.706992 -0.05494163 0.9654915 0.1050278 0.2383175 0.8719837 0.3780628 0.3109872 0.8732957 0.3694713 0.3175621 0.9869612 0.0792006 -0.1401241 0.4591382 -0.0352006 -0.8876672 0.4616342 -0.02942536 -0.8865823 0.4591565 -0.0340541 -0.8877025 0.4565702 -0.03994989 -0.88879 0.4342609 0.4954244 -0.7523112 0.5028823 0.6628903 -0.5546944 0.5161958 0.8208736 -0.2443531 -0.1374886 0.6855336 -0.7149409 -0.354969 0.2314183 -0.9057829 -0.7695309 -0.4511833 -0.4519467 0.9262493 0.3102782 -0.213985 0.6964477 -0.1602362 0.699489 0.5618579 -0.2706231 0.7817153 0.7612307 0.2806087 -0.5846252 0.6229617 -0.02786532 -0.7817559 -0.1465013 -0.9860224 0.07935487 -0.152495 -0.9851179 0.07929742 -0.1342786 -0.9872526 0.08544999 -0.1283424 -0.9885423 0.07945008 0.003049629 0.4036946 -0.9148886 0.2381505 0.9526019 -0.1892991 0.2407452 0.950791 -0.1950341 4.81932e-6 -0.9665886 -0.2563329 3.47827e-6 -0.9598377 -0.2805562 9.49227e-7 -0.9698054 -0.2438803 0.2305662 0.9434509 -0.2382008 -0.8658825 0.003240864 0.5002368 -0.880348 0.1011352 0.4634213 -0.8658831 0.003050226 0.5002372 0.1592327 -0.4749362 -0.8654944 0.1592309 -0.4749547 -0.8654846 0.1592327 -0.4749362 -0.8654944 -0.6196376 -0.05291105 0.7831027 -0.6304206 0.09628242 0.7702594 -0.6246354 0.04605782 0.7795572 -0.6665568 -0.04061116 0.7443472 -0.004830855 0.8090369 0.5877382 -0.313757 0.9494248 0.01220696 -0.0535185 0.992501 0.1098989 0.7285436 0.2948461 -0.618296 0.7353981 0.3811167 -0.5603033 0.7175311 0.3975986 -0.5718955 -0.8939813 0.1691471 0.4149538 -0.969798 0.106018 0.2196632 7.26882e-8 0.003429858 0.9999942 0.04625335 0.004377889 0.9989201 2.15052e-7 0.694849 0.7191557 -0.399692 -0.1932532 0.8960466 -0.6248211 -0.08395382 0.7762412 -2.442e-7 -0.8985047 -0.4389641 -0.1132279 -0.9529858 -0.281065 -0.1251664 -0.939799 -0.31798 -2.36259e-7 -0.8578975 -0.5138209 -0.1251664 -0.939799 -0.31798 -0.1132279 -0.9529858 -0.281065 -0.2559054 -0.9413732 -0.2198382 0.07292838 -0.9411961 -0.3298959 0.1039944 -0.735756 -0.6692147 0.1045088 -0.9836798 -0.1464649 0.1563445 -0.9864959 -0.04881 0.1833846 -0.04200964 -0.9821432 -0.01815914 0.06222594 -0.9978969 0.1890965 -0.04502296 -0.9809259 0.3445484 -0.127915 -0.930013 0.2167094 -0.7500595 -0.6248583 0.3064867 -0.831702 -0.4629662 0.1094445 -0.9912927 0.07321723 0.07292838 -0.9411961 -0.3298959 0.7103871 0.06344765 -0.7009455 0.7242292 0.2728704 -0.6332723 -0.4820418 -0.1387869 0.865086 -0.9494544 0.2239248 0.2199862 -0.3830299 0.2550482 0.8878279 -0.4243295 0.02217218 0.9052364 0.2544368 -0.9670125 -0.01220686 0.2228588 -0.9710959 -0.08548009 0.7481098 0.0744103 -0.6593898 0.86531 0.1174431 -0.4872841 0.8252791 0.05384745 -0.5621521 0.7433427 0.2171093 0.6326968 0.7504449 0.2208201 0.6229533 0.9751724 0.1847524 0.1220873 0.9507273 0.2305371 0.2072929 2.44225e-7 0.9853185 0.170726 -0.415888 0.5013602 0.7587327 -0.1647889 0.3304853 0.9293138 0.2228588 -0.9710958 -0.08548009 0.1896331 -0.9815514 0.02441955 -0.06305677 0.2935006 -0.953877 0.2258091 0.2676255 -0.9366894 -0.7762851 0.2875699 -0.5609679 -0.776293 0.2875371 -0.5609736 -0.776293 0.2875371 -0.5609736 -0.7793978 0.2224944 0.5856923 -2.35702e-7 -0.8657917 -0.5004047 -0.728699 -0.4405156 -0.5243508 -1.2231e-7 -0.9351633 -0.3542169 0.9400229 -0.2876959 -0.1832701 0.8894119 -0.4571066 0 0.9737212 -0.2224449 -0.04883868 0.4612906 -0.5674788 -0.6820402 0.7893201 -0.356613 -0.4998011 0.1574768 -0.5568743 -0.8155318 0.940023 -0.2876959 -0.1832701 0.5259466 -0.7201186 0.4525587 -1.69062e-7 -0.8580992 0.5134841 -1.07835e-7 -0.673091 0.7395597 0.4138612 -0.5998958 0.6847218 0.8452818 -0.4654153 0.2624637 0.4131221 -0.8388499 0.3544866 0.8154432 -0.3768278 0.4393781 0.3276272 -0.9428341 0.06102486 0.3872802 -0.9059453 0.171106 0.9591016 -0.2257158 0.170812 0.4990252 -0.5834991 -0.6407049 0.4620705 -0.7193273 -0.518709 0.4732243 -0.6890885 -0.5488315 0.8755774 0.1353789 -0.4637205 0.9104019 -0.1684624 -0.377874 0.8813235 0.140505 -0.4511401 0.8900763 -0.1571959 -0.4278478 -0.0663697 -0.995927 -0.06102961 -0.346162 -0.9224625 -0.1709819 -0.5813031 -0.8135955 -0.01220584 -0.7884058 -0.6003269 0.1342535 -0.2184172 -0.9346581 -0.2805499 -0.1664589 -0.784054 0.5979556 -0.6692945 -0.2216175 0.7091761 -0.269555 0.03121964 0.9624788 -0.5703779 0.03597753 0.8205941 0.8518839 -0.3856579 0.3543471 0.7570849 -0.08929328 0.6471855 0.7742612 -0.2891289 0.56296 0.4163925 0.119513 0.9012957 0.9020047 -0.1559256 0.4025854 0.9533532 -0.1375836 -0.2686792 0.8594005 -0.2994188 -0.4144626 0.9987195 -0.03490559 -0.03662226 0.9732006 -0.1391921 -0.1830471 0.6865337 -0.3320153 -0.6468674 0.2275721 -0.8806962 0.4154336 0.7905889 -0.5073559 0.3428691 0.7983149 -0.5294751 0.2869659 0.3791457 -0.6346899 0.6733627 -0.2561364 0.2775525 0.9259366 -0.1039425 0.2636497 0.959002 1.21846e-7 0.2289122 0.9734471 0.6241004 0.1867019 0.7587103 0.9307032 0.09104706 0.3542628 0.5262648 0.3427371 0.778188 0.1772355 0.2740053 0.9452559 0.8585402 0.2815889 0.4285049 0.9151983 -0.1398325 0.377967 0.9568971 0.1747444 0.2319751 0.8570358 -0.5146789 0.0243996 -0.8781633 -0.4682775 0.09770092 -0.6399036 -0.7431139 0.1957172 -0.7089112 -0.6170083 0.3416808 -0.4356722 -0.8301424 0.3479273 0.8709235 -0.4262941 -0.2444698 0.8901343 -0.3768007 -0.2562855 0.8772938 -0.3747811 -0.2998249 0.6858931 0.02864253 -0.7271384 0.7765223 0.05219997 -0.6279238 0.829785 0.0511459 -0.5557346 0.9671264 0.138052 -0.213561 0.9774944 0.2106077 -0.01220914 0.9835936 -0.03398285 -0.177169 0.9190484 0.3580014 0.1648791 0.7292442 0.639233 0.2440985 0.8699502 0.4212391 0.2564064 0.7797607 0.6071594 0.1527445 0.9835512 -0.1802159 0.01221803 0.9723171 0.2297233 -0.04273921 0.7830743 -0.616852 -0.07929866 0.840814 -0.4432552 -0.3107356 0.6858931 0.02864253 -0.7271384 0.7331863 -0.06630687 -0.6767874 0.7765223 0.05219998 -0.6279238 0.5326153 -0.8103689 -0.244179 0.5250661 0.8404107 0.1342217 0.3397982 0.9114675 0.2318712 0.3567227 0.8665453 0.3490677 0.4909099 0.8642458 0.1099394 0.8332083 -0.546316 -0.08545727 0.5586087 -0.8279922 0.0488401 0.8066564 -0.1640787 -0.5677884 0.4495331 0.1535364 -0.8799697 0.4973819 0.7365226 -0.4584165 -4.12291e-6 -0.4762832 -0.879292 2.56273e-7 0.3397195 -0.9405268 0.4495331 0.1535364 -0.8799697 0.3015445 -0.4458279 -0.8427979 0.6478416 -0.6867578 -0.3296438 0.6161118 -0.7872804 -0.0244118 0.7078927 -0.5888631 -0.3900361 0.866029 -0.4993973 0.02441668 0.6807126 -0.7223032 -0.1221009 0.5557086 -0.7406911 0.3775774 0.150775 -0.5916778 0.7919497 0.4762477 -0.7815346 0.4029788 0.7966145 -0.6025137 -0.04881123 0.8003985 -0.133907 0.5843213 0.7721688 -0.269379 0.5754915 0.7795842 -0.2468492 0.5755988 0.8007869 -0.1330684 0.5839804 0.3610171 -0.6218257 0.6949817 0.1014021 -0.4253573 0.8993268 0.06748713 -0.1368807 0.9882861 0.2197933 -0.7688937 0.6004111 0.3266602 -0.9220201 -0.2077792 0.4324813 -0.8933564 0.1219599 0.3880958 -0.8696397 -0.3051367 0.2927516 -0.9558769 0.02441186 0.2492404 -0.9192762 -0.3046483 -2.44677e-7 -0.987307 -0.1588243 -2.21262e-7 -0.985279 0.1709547 -2.35712e-7 -0.9993294 0.03661665 0.4178967 -0.8815483 -0.2196245 0.5806594 -0.811855 0.06104173 0.6966395 -0.706946 -0.1221505 -0.3231841 -0.8727497 -0.3658689 -2.35702e-7 -0.8657917 -0.5004047 -0.01109557 -0.8344631 -0.5509522 0.4612906 -0.5674788 -0.6820402 -0.01109557 -0.8344631 -0.5509522 -0.1641516 -0.6192818 -0.767818 -0.3231841 -0.8727497 -0.3658689 0.6627786 -0.7424189 0.09766661 0.6111802 -0.7276137 -0.3115072 0.9704487 -0.09975328 -0.2197242 0.9533532 -0.1375836 -0.2686792 -2.38713e-7 -0.8982104 -0.439566 -2.44557e-7 -0.9440843 -0.3297044 0.2569678 -0.8230596 -0.5064982 0.3909974 -0.9190964 0.04881508 0.4702529 -0.8817719 -0.03661337 0.432422 -0.8293964 -0.3537131 0.4608619 -0.5730845 -0.6776286 0.3734232 -0.6879301 -0.6223403 0.2407014 -0.9656683 0.09771189 0.2343161 -0.9469938 0.2197697 -1.83267e-7 -0.5490562 -0.8357854 0.3769511 -0.5158931 -0.7692608 0.3865561 -0.5068084 -0.7705322 -1.83092e-7 -0.5409116 -0.8410795 -2.29969e-7 -0.9981349 0.06104801 -2.09536e-7 -0.9665886 0.2563329 0.1806184 -0.9826249 -0.04272282 -2.44629e-7 -0.9794792 -0.2015452 0.3386956 -0.8998807 -0.2747728 -1.8022e-7 -0.5212035 -0.8534325 0.1617414 -0.5877001 -0.7927473 0.360406 -0.688343 -0.6295168 0.2979129 -0.7015553 -0.6473546 -9.58101e-8 -0.1225358 -0.9924642 0.1471882 -0.2828154 -0.9478139 -1.51424e-7 -0.8145064 0.5801545 0.1532575 -0.7868741 0.5977803 0.1424728 -0.789549 0.5969204 -1.54336e-7 -0.8145064 0.5801545 0.239196 -0.7555162 0.6099021 0.4279153 -0.815004 -0.3907135 0.3087642 -0.9029376 -0.2989456 0.4331243 -0.8288511 -0.3541316 0.6686991 -0.5859222 -0.4577518 0.2926707 -0.9177939 -0.2683252 -2.41668e-7 -0.9892035 -0.1465487 -2.36013e-7 -0.8654088 -0.5010664 0.4162865 -0.87053 -0.262456 -2.47521e-7 -0.9328331 -0.3603087 -2.41525e-7 -0.9863321 -0.1647701 0.7631085 -0.2094058 -0.6114039 -2.15094e-7 -0.7071068 -0.7071068 0.518101 -0.5043461 -0.6908013 0.4270387 -0.05944058 -0.9022776 0.6091969 0.01067429 -0.7929471 -9.58101e-8 -0.1225358 -0.9924641 0.6778292 -0.3234399 -0.660253 0.8490167 -0.3806069 -0.366482 0.8818538 0.03890532 -0.4699152 0.7616999 0.216804 -0.6105812 0.8983193 0.1252116 -0.421123 0.7424608 0.4304286 -0.5133062 0.8597039 0.3001176 -0.4133265 0.6852153 0.6430334 -0.342035 2.15315e-6 -0.4542172 -0.890891 0.5051826 -0.8139743 -0.2867691 0.8691394 -0.4822169 -0.1098342 0.9942796 0.06408554 -0.08544739 0.9633419 0.256281 -0.07932507 0.8123161 0.4023336 -0.4222208 0.8393213 0.4124086 -0.354202 -0.5941362 -0.8004441 0.07931985 -0.6249445 -0.7737408 -0.1037759 -0.3898761 -0.8526155 0.3479129 -0.0419617 -0.9979254 0.04882815 -0.4909447 -0.772221 0.4032964 -0.6937551 -0.5970719 0.4027517 0.5215776 -0.6078708 -0.598707 0.3013014 -0.8265792 -0.4753782 5.51626e-8 -0.05403679 0.998539 0.9669644 -0.106 0.2318274 0.9818165 -0.08267626 0.1708834 0.8393444 0.3518848 0.4143406 0.5988161 -0.7975315 0.07323101 -0.5859784 -0.6178872 0.5242564 -0.6711486 -0.5632309 0.4820067 -0.8761234 -0.4379663 0.2014779 0.2036525 0.07308038 0.9763119 1.39636e-7 0.3069471 0.9517266 5.81153e-8 -0.03496812 0.9993885 0.9006481 -0.2238263 -0.3724714 0.725834 0.06723515 -0.6845761 -0.300954 -0.7948864 0.5268611 -0.9651762 -0.2616005 0 0.3875536 0.853686 0.3478828 0.5209624 0.70021 0.4881639 2.32183e-7 0.8201602 0.572134 2.44458e-7 0.996343 0.08544442 3.37566e-7 0.9909458 0.1342621 1.7201e-6 0.9307701 0.3656053 4.66211e-6 0.9917529 0.128165 4.09595e-6 0.8891815 -0.4575548 0.4530424 -0.7063031 -0.5439565 -0.02211624 -0.9937055 0.1098186 -0.07474539 -0.9953341 0.06101666 -0.04426532 -0.9891009 0.1404279 -0.0549407 -0.998471 0.006104523 -0.1099033 -0.9891297 -0.09769183 0.0228856 -0.9997195 -0.006102828 -4.22657e-6 -0.9909596 0.1341607 -5.40266e-6 -0.9984896 0.05494173 -1.80824e-6 -0.9968492 0.07932082 6.39491e-6 -0.9831045 -0.1830451 2.56273e-7 0.3397195 -0.9405268 -0.6995737 -0.6799238 0.2197734 0.3547509 0.8492638 -0.3910279 0.3958104 0.8368071 -0.3782696 0.2812653 0.8624706 -0.4207545 0.2073653 0.8737602 -0.4399352 -5.39577e-6 -0.7916292 -0.6110018 0.6172783 -0.4059026 -0.6739515 0.8089801 -0.3909626 -0.4389756 0.07232371 -0.6321628 -0.7714528 0.2522588 -0.4521945 -0.8555031 0.8676019 -0.3927181 -0.3050237 -0.03661941 -0.5378476 -0.8422464 -0.3808119 -0.6209222 -0.6851555 -0.591181 -0.746514 -0.3053227 -0.7083898 -0.6904703 -0.1464056 -0.1716839 -0.2677813 0.9480599 -0.1716839 -0.2677813 0.9480599 -0.1716839 -0.2677813 0.9480599 0.7241141 -0.4007603 0.5612932 0.01403175 -0.1831712 0.982981 0.1166237 -0.7405314 -0.6618249 0.2385864 -0.05450137 0.9695907 -0.1177094 0.9561508 0.2681794 0.2298947 0.6919755 0.6843378 0.1229723 0.5570148 0.8213478 0.4813462 0.5153461 0.7090306 0.005741142 0.1997917 0.9798216 -0.07962901 -0.8069581 -0.585216 -0.1051717 -0.8513168 -0.5140026 0.1177094 -0.9561508 -0.2681794 -0.1671438 0.01901522 0.9857492 0.2522588 -0.4521945 -0.8555031 -0.03661941 -0.5378476 -0.8422464 0.08889683 -0.5448762 -0.8337909 -0.3808119 -0.6209222 -0.6851555 -0.1489809 -0.5913514 -0.7925327 -0.2357645 0.9003995 0.3656445 0.0836927 0.788994 0.6086742 0.2357645 -0.9003995 -0.3656445 0.2357645 -0.9003995 -0.3656445 -0.404367 -0.5904677 -0.698452 -0.3403377 0.8807618 0.3292853 0.4082045 0.8008112 0.4382587 0.842671 0.5378751 0.02441419 0.3402235 -0.8808473 -0.3291748 -0.02979447 -0.8785549 -0.4767115 0.3403377 -0.8807618 -0.3292853 -0.591181 -0.746514 -0.3053227 -0.5042823 -0.8488561 -0.1585649 -0.7083898 -0.6904703 -0.1464056 0.8895794 0.4067849 -0.207785 0.8482322 -0.4873715 -0.2072949 0.8491758 -0.5279692 0.01220738 0.7129951 -0.7011691 0 0.7131301 -0.6474671 -0.2687599 0.8426946 -0.4438242 -0.304772 0.7033569 -0.5860038 -0.4023537 0.8407065 -0.438845 0.317219 0.703879 -0.5847198 0.4033077 0.7115935 -0.644095 0.2806714 0.8471652 -0.4838221 0.2196072 0.3854281 -0.9227378 0 0.3858574 -0.8518631 -0.3541797 0.3791252 -0.7693449 -0.5141717 0.375754 -0.764819 0.5233172 0.3854582 -0.8519046 0.3545146 0.001144164 -0.9999994 0 0.002294073 -0.9252763 -0.3792868 0.001521619 -0.8285213 -0.5599556 -0.00152066 -0.8287596 0.5596028 3.82076e-4 -0.9253886 0.3790196 -0.3784843 -0.9256077 0 -0.3776847 -0.8556532 -0.353853 -0.3730899 -0.772911 -0.5132374 -0.3747318 -0.7723596 0.5128712 -0.3794016 -0.8548928 0.3538539 -0.699917 -0.7142243 0 -0.700373 -0.6612406 -0.2687722 -0.6924126 -0.5991519 -0.4019724 -0.6925705 -0.5989079 0.4020641 -0.7006471 -0.6609374 0.2688041 -0.8353803 -0.5496725 0 -0.8356601 -0.50853 -0.2075321 -0.831393 -0.4643439 -0.3052384 -0.8310687 -0.4648641 0.3053295 -0.8356025 -0.508611 0.2075652 4.6316e-8 -0.09371682 0.995599 0.6325283 -0.1007162 0.7679611 0.818792 -0.02689881 0.5734597 0.6089477 -0.2453342 0.7543168 0.7170754 -0.3547235 0.5999785 -0.6975671 -0.4251038 0.5767903 -0.5149992 -0.5161437 0.6843767 -0.7588652 -0.4694739 0.4513512 -0.5859795 -0.6443487 0.4913683 0.8717512 0.4490319 0.1960105 0.8736981 0.4751926 0.1041332 0.7709706 0.6195232 0.1476327 0.4669538 0.8574172 0.2163095 -0.9786615 -0.1976822 -0.05606518 -0.9817669 0.1804102 0.05988244 -0.996523 0.0820105 0.01470944 -0.9419299 -0.3084925 -0.1326675 0.09802917 -0.5076919 0.8559434 0.08201176 -0.6845121 0.7243736 0.01678511 -0.3360836 0.9416826 0.3242492 -0.1667022 0.9311675 0.898095 0.02060201 0.4393188 0.9407648 0.1880767 0.282115 0.818792 -0.02689881 0.5734597 0.6325283 -0.1007162 0.7679611 0.3242492 -0.1667022 0.9311675 0.7048573 -0.05339828 0.7073365 0.9717355 0.1105978 0.2085627 0.9683149 0.22491 0.1085444 0.8848482 -0.1099386 0.4527219 0.7170754 -0.3547235 0.5999785 -0.05072897 -0.7986953 0.5995936 0.08201176 -0.6845121 0.7243737 -0.4730928 -0.7432135 0.4730928 -0.5859796 -0.6443487 0.4913683 -0.3967908 -0.4234979 0.814375 -0.6244566 -0.3997743 0.6709952 -0.4645011 -0.3859401 0.7970502 -0.3967908 -0.4234979 0.814375 -0.6975671 -0.4251038 0.5767903 -0.7588652 -0.4694739 0.4513512 -0.8132458 -0.5077065 0.284369 -0.08085327 -0.3295152 0.9406819 0.01678511 -0.3360836 0.9416826 -0.1243028 -0.9250266 0.3589912 -0.1167093 -0.9443538 0.30753 0.4082667 -0.8302694 0.3794352 0.4232871 -0.8107282 0.4044107 -0.887143 -0.461116 0.01868874 -0.9058228 -0.4218273 0.03933178 -0.9397836 -0.2013822 -0.2761377 -0.9597102 -0.2305822 -0.1605874 -0.9571878 -0.2234583 -0.1840049 0.8848482 -0.1099386 0.4527219 0.9407647 0.1880766 0.282115 0.8717512 0.449032 0.1960106 0.8736413 0.4834593 0.05493639 0.4669538 0.8574172 0.2163095 0.3887195 0.9212538 -0.01373298 0.5264823 -0.7334509 0.4299605 0.649254 -0.5662853 0.5077304 0.6677346 -0.5337107 0.5189252 -0.05072897 -0.7986953 0.5995936 -0.2990554 -0.9486616 0.102991 -0.3021313 -0.9450188 0.1251251 -0.4730928 -0.7432135 0.4730928 -0.9597102 -0.2305822 -0.1605874 -0.9571879 -0.2234583 -0.1840049 -0.9594867 -0.2640019 0.09842847 -0.9233841 -0.3331582 0.190703 -0.923071 -0.3703727 0.1037501 -0.9621763 -0.2696345 -0.03891435 -0.9641523 -0.2514786 -0.08466844 -0.9836411 -0.1723946 0.05225236 -0.2048444 0.9578478 0.2014112 -0.05455829 0.9873905 0.1486046 -0.101456 0.9809958 0.1653905 -0.2490867 0.9505727 0.1853846 -0.2342067 0.9721103 -0.01220621 -0.9097579 0.4140161 -0.03051599 -0.9026362 0.4284279 -0.04120233 -0.9113147 0.4014896 0.09116961 -0.9112098 0.4017295 0.09115913 -0.9154726 0.3926996 0.08773279 -0.926765 0.3636093 0.09431236 0.792756 -0.6002417 -0.1060569 0.7307338 -0.6732638 -0.11289 0.7274286 -0.6763141 -0.1159613 0.8110723 -0.576735 -0.0976644 0.6164814 0.7809018 -0.1007123 0.9147 0.3909909 -0.1022267 0.1361843 0.9876224 -0.07781961 -0.7848307 0.6142071 -0.08240294 -0.7812449 0.6202658 -0.07018998 -0.9845324 -0.1464783 -0.09612637 -0.9876621 -0.1312305 -0.08545242 -0.4687473 -0.8760882 -0.112896 -0.484399 -0.8675318 -0.1128993 -0.4111714 -0.9066368 -0.09459232 -0.4226594 -0.9010122 -0.09765416 0.785261 -0.6155122 -0.06715546 0.7744723 -0.6283526 -0.07325058 0.9086716 0.4159023 -0.03662153 0.5523165 0.8334334 -0.01830884 0.03775861 0.9992683 0.006102402 -0.7760494 0.6306058 -0.009155801 -0.7741287 0.6329619 -0.009156772 -0.9977843 -0.05340845 -0.03967485 -0.9988065 -0.03547752 -0.03357012 0 0 -1 0 0 -1 0 0 -1 0 0 -1 0 5.96047e-6 -1 0 0 -1 0 0 -1 0 0 -1 0 0 -1 0 0 -1 6.68104e-7 -0.989919 0.1416346 0.3229589 -0.7428819 0.5863652 0.3283514 -0.6322958 0.7017033 1.8699e-6 -0.7177154 0.6963366 5.90087e-7 -0.81084 0.585268 0.5258954 -0.5205447 0.6726569 0.5024388 -0.5138752 0.6953326 0.7751319 0.163266 -0.61034 0.9074246 0.4087223 -0.09760533 0.3133484 -0.8615175 0.3995002 0.1998845 -0.3570456 -0.9124498 2.34221e-7 -0.9244252 0.3813636 -2.24727e-7 -0.3815908 -0.9243314 0.2772819 -0.8665537 -0.4149694 0.2475049 -0.8968231 -0.3666738 0.3559855 -0.8912992 -0.2808203 0.468522 -0.8813403 -0.06104522 -0.001526184 0.9397478 0.3418652 0.01524212 0.001143159 0.9998831 6.9781e-8 0.001143292 0.9999993 6.9781e-8 0.001143292 0.9999993 -0.1680055 0.2000793 -0.9652681 -0.06254201 0.3142355 -0.9472827 -1.63345e-6 0.02685769 -0.9996393 -0.2317343 0.01429282 -0.9726741 -0.1890376 -0.1554987 -0.9695799 -0.1095024 -0.2389144 -0.9648467 -4.14067e-7 -0.2539693 -0.9672123 -3.25583e-7 0.3299422 -0.9440012 -0.3060407 0.8572184 -0.4141446 2.90867e-9 0.9180372 -0.3964944 -5.24105e-7 0.8689941 -0.4948227 -0.3367018 0.7977127 -0.5002863 -0.2601401 0.9402423 0.2197077 0.7217497 -0.4190974 0.5508491 -0.320361 0.3918497 0.8624516 0.5937747 0.1964962 -0.7802698 0.4601197 -0.8824684 -0.09767052 0.9104019 -0.1684625 -0.377874 0.8900763 -0.1571959 -0.4278478 8.22127e-6 -0.9178872 -0.3968416 0.5618579 -0.2706231 0.7817153 -0.1106522 -0.4547977 0.8836941 -0.137494 -0.4402104 0.887305 -0.004555941 -0.4734382 0.8808152 -0.006135629 -0.4797295 0.877395 -0.2225201 -0.970615 -0.09160347 -0.3815588 -0.6539918 0.6532286 -0.3815588 -0.6539918 0.6532286 0.1450676 0.9261419 0.3481621 0.2153013 0.8715304 0.4405454 0.1763336 0.9160185 0.3603006 0.06403583 0.9734971 0.2195514 -0.02917408 -0.9778084 0.2074601 -0.2225201 -0.9706151 -0.09160347 -0.1831924 -0.96095 -0.207402 -0.1726619 -0.9241594 -0.34076 -0.1757581 -0.9138656 -0.3660038 0.1455359 -0.7712061 -0.6197261 0.4164007 -0.2895704 0.8618349 0.4164007 -0.2895704 0.8618349 0.4164007 -0.2895704 0.8618349 -0.7984722 0.1344795 -0.5868198 -0.6872497 -0.4683366 -0.5552916 -0.6872497 -0.4683366 -0.5552916 0.6856124 -0.7275576 0.02440445 0.8839878 0.2570353 0.3905106 0.8840743 0.256679 0.3905488 0.1580373 0.881039 0.4458638 0.001526184 0.9397478 0.3418652 -0.02290631 0.9277056 0.3726093 0.1549623 0.9587817 0.2381687 0.07704553 0.9870982 0.1403602 0.07669525 0.9871174 0.1404172 -0.7984722 0.1344795 -0.5868198 -0.02299288 0.7901319 0.6125054 -0.02290631 0.9277056 0.3726093 -0.1697777 0.9148921 0.3662621 0.04953391 -0.4016057 -0.9144721 0.0491538 -0.4016132 -0.9144893 0.04916132 -0.4012936 -0.9146292 0.0951396 0.8993978 0.4266521 0.07380789 0.9040036 0.4211055 0.4775726 0.5361482 -0.6960386 0.3330232 0.6076146 -0.721041 0.6276402 0.3825399 -0.6780347 -0.1397831 -0.4005468 0.9055511 -0.05885127 -0.2514554 0.966078 -0.05888978 -0.2496167 0.9665523 -0.05923209 -0.2514498 0.9660562 -0.8385345 -0.1663335 -0.5188384 -0.8139865 -0.2225506 -0.5365604 -0.9030027 0.08396475 -0.4213504 -0.943451 -0.2534189 -0.2137268 -0.3629119 -0.6991391 0.6160353 -0.3444029 -0.6555874 0.6720058 -0.4333702 -0.8911555 0.1342837 0.006102082 0.8104327 0.5857999 0.1580373 0.881039 0.4458638 0.1161294 0.2051364 0.9718195 -0.2333192 -0.908115 -0.3476914 0.6856124 -0.7275576 0.02440445 0.3371437 0.9023552 0.2684945 0.320361 0.3918497 0.8624516 -0.06569573 0.7791819 0.6233456 -0.06674145 0.7791277 0.6233022 -0.06255281 0.8327641 0.5500827 -0.03223125 0.8467854 0.5309573 -0.04436694 0.841442 0.5385229 -0.07856635 0.8238025 0.5614061 -0.09635402 -0.8904178 -0.4448281 -0.2195428 -0.7565841 -0.6159395 -0.1282535 -0.8630389 -0.4885846 -0.004580019 -0.9541706 -0.2992279 -0.268975 -0.6825766 0.6795157 -0.7328354 -0.3643162 0.574653 -0.6954337 -0.4847792 0.5304349 -0.1840455 -0.7932667 0.5803924 -0.37651 -0.845429 0.3788011 -0.207721 -0.8912145 0.4032231 -0.4274203 -0.7865298 0.4457384 -0.4843856 -0.8722755 0.06712746 -0.4381341 -0.8125882 -0.3843684 -0.9017209 -0.3722175 0.2198947 -0.6957464 -0.5571332 0.4533648 -0.8683746 -0.4790374 0.1282523 -0.7627287 -0.3211088 0.5613683 -0.4276775 0.4341575 -0.7928424 -0.4283001 0.4340159 -0.7925839 -0.4276775 0.4341575 -0.7928424 -0.471357 -0.5471107 -0.6917316 -0.4567259 -0.5142932 -0.7258815 -0.4983928 -0.574568 -0.6492121 -0.134288 0.6172673 -0.7752083 -0.2420721 0.699871 -0.6719984 -0.06005837 0.6093264 -0.7906418 -0.2078757 -0.9438474 0.2567876 -0.370947 -0.8533307 0.3663674 -0.1768549 -0.871506 0.4573835 -0.3578943 -0.871029 0.3364818 -0.7075894 -0.5579805 -0.4335608 -0.6598544 -0.6693788 -0.3413565 -0.5345932 -0.5582342 -0.6344957 -0.5064828 -0.7341326 -0.452244 -0.1658654 0.8540546 -0.493031 0.03969146 0.9060338 -0.42134 0.1175956 0.9468739 -0.2993343 0.02746035 -0.9458565 -0.3234219 -0.4404221 -0.7753264 -0.452656 -0.3955679 -0.8640287 -0.3114167 -0.9823472 0.1595265 -0.09770042 0.1742577 0.8840761 0.4336401 -0.9017209 -0.3722175 0.2198947 -0.8538707 -0.4420126 -0.2748265 -0.2987099 -0.251846 -0.920514 -0.2800506 -0.2460935 -0.9279062 -0.4065467 -0.2599296 -0.8758747 -0.1299782 0.9281976 -0.3486475 0.1924786 0.8508776 -0.4888346 0.07244885 0.9898801 -0.1220191 -0.1740385 -0.9785849 0.1099191 -0.2930911 -0.9548358 -0.04884852 -0.02135814 -0.9710326 -0.2379907 -0.1376475 -0.9098115 -0.3915306 -0.5353833 0.4850956 0.6914094 -0.451057 0.7352533 0.5059152 -0.9643453 0.184731 -0.1895068 -0.1251172 0.9803389 0.1525819 -0.6881839 0.6832247 -0.2441451 -0.8721357 0.02214705 -0.4887626 -0.8919466 0.02212226 0.4515992 -0.2025647 -0.5543977 0.8072242 -0.9009115 0.1788896 0.3954201 -0.138312 -0.7497463 0.6471093 -0.1103075 -0.7508516 0.6511945 -0.2461789 -0.9648995 0.09145967 -0.4687133 -0.8641424 0.1832104 -0.2699113 -0.5880483 0.7624613 -0.2028564 -0.5389803 0.8175265 -0.578301 0.1672425 -0.7984973 -0.5785146 0.2499 -0.7764476 -0.5791923 0.08383046 -0.8108692 -0.2342026 0.05931352 0.9703768 -0.1812254 0.07271861 0.9807495 -0.5966831 -0.06733668 -0.7996469 -0.587523 -0.06245774 -0.8067936 -0.2129295 0.4262407 0.8791929 -0.2804658 0.3738273 0.8840769 -0.5320517 -0.2028495 -0.8220542 -0.5102735 -0.3437471 -0.7883267 -0.9823472 0.1595265 -0.09770042 -0.3016651 -0.8804123 -0.3658857 -0.4381341 -0.8125882 -0.3843684 -0.9017208 -0.3722175 0.2198946 -0.2200269 0.8766696 0.4278301 -0.217413 0.9524218 0.2135988 -0.09466278 0.9618959 0.2565056 -0.04269036 0.9170803 0.3964104 -0.0408342 0.9937594 -0.1038028 -0.0835585 0.9897295 -0.1159899 -0.3085253 -0.3363307 0.8897718 -0.3311471 -0.3324885 0.8830588 -0.2703265 -0.3470718 0.8980339 -0.2484422 -0.3522773 0.9023177 -0.4521234 -0.7652494 0.4582332 0.1202474 0.9680873 -0.219881 -0.4687132 -0.8641422 0.1832104 0.1915653 0.9738538 0.1221133 0.1524048 0.7086825 0.68887 -0.7307734 -0.6540308 -0.1954838 -0.1996621 -0.9534962 -0.2257879 -0.9536436 -0.238602 -0.183393 -0.9669888 -0.1183961 -0.2256434 -0.6343401 -0.2776671 -0.7214664 -0.8440787 -0.2232085 -0.4875544 0.4009146 -0.4944486 -0.7712251 0.4082846 -0.1175061 -0.9052602 0.5782036 -0.1361235 -0.8044571 0.4944059 -0.47917 -0.7252303 -0.2562398 -0.04868938 0.9653863 -0.340324 1.68049e-4 0.9403083 -0.3343042 0.03683501 0.9417452 -0.9984988 -0.02480032 0.04883754 -0.9988067 -0.02365394 0.0427297 -0.9625154 0.2667987 0.04881219 -0.9656388 0.252617 0.06104394 -0.2943661 -0.6914357 0.6597465 -0.6158501 -0.5188117 0.5929276 -0.3130829 -0.7714849 0.5538865 -0.7843286 0.03108272 0.6195664 -0.661261 0.1818946 0.7277694 -0.2691599 0.08819281 0.959049 0.02849355 -0.1548686 0.9875241 -0.01238541 -0.1097538 0.9938817 -0.2996972 0.1351874 0.9444078 -0.4126431 0.9088449 -0.06104752 -0.3429314 0.9383884 0.04272337 -0.3948023 0.9177724 -0.04272257 -0.4492016 0.8850511 -0.122076 -0.1163171 0.9750029 -0.1893136 -0.117864 0.9625559 -0.2441196 -0.9140409 0.3868325 -0.1220247 -0.8362415 0.4780193 -0.2686965 -0.857466 0.4592614 -0.2320157 -0.9583351 0.2846011 -0.02441618 -0.8622367 0.5064687 0.006104331 -0.8537602 0.5197713 0.03051868 -0.5961977 0.5541582 0.5809106 -0.4593931 0.5749086 0.6770806 -0.2423179 0.7790692 0.5782155 -0.1659372 0.754069 0.6354879 -0.4552226 0.3019643 -0.8376096 -0.6756028 0.460986 -0.5753718 -0.7290214 0.3592953 -0.5826102 -0.7219546 0.1230173 -0.6809172 0.2446758 0.5719297 -0.7829626 0.2836631 0.6046904 -0.7442344 0.5782036 -0.1361235 -0.8044571 0.4082846 -0.1175061 -0.9052602 -0.1475251 0.9484302 -0.2805646 -0.002288089 0.9632856 -0.2684692 0.04643163 0.9606017 0.2740227 -0.08378842 0.7373381 0.6703074 -0.6707241 -0.6149892 0.4146294 -0.4008094 -0.3247015 -0.8566918 -0.1501075 -0.04788487 -0.9875094 -0.1501075 -0.04788487 -0.9875094 -0.1705578 0.4286891 -0.8872067 -0.7942039 -0.3238409 0.5141667 -0.8305677 -0.2812293 0.4806948 -0.3160441 0.7599564 -0.5679634 -0.7861502 -0.3071851 -0.5362884 -0.8898229 -0.2465487 -0.3839647 -0.8807537 -0.2665389 -0.3914461 -0.7775307 -0.2068186 -0.593862 -0.6599017 -0.2894672 0.693353 -0.7560465 -0.09488765 0.6476035 -0.6843224 0.2863409 0.6706055 -0.6992513 0.1687191 0.6946809 -0.2356372 -0.9675232 0.09150958 -0.2487825 -0.9629827 0.1037865 -0.1098333 -0.9920753 0.06101852 -0.109803 -0.9927546 0.04880134 -0.5597609 -0.009614941 -0.8285984 0.7084932 -0.2489662 -0.6603432 0.5984071 -0.5378585 -0.5938157 0.5829896 -0.4913251 -0.6470879 0.6651456 -0.05778071 -0.7444748 -0.5597609 -0.009614941 -0.8285984 -0.3083203 0.2573788 -0.9158028 0.7399208 0.2027337 -0.6414174 0.7084932 -0.2489662 -0.6603432 0.6651456 -0.05778071 -0.7444748 0.6159403 0.3413463 -0.7100003 -0.5910678 0.4394924 -0.6763766 0.4225757 0.8489653 -0.3173132 0.4566654 0.8214639 -0.341546 0.169311 0.9579039 -0.2318494 0.1373401 0.9644327 -0.2258482 -0.5750088 0.6119955 0.5429791 -0.4548603 0.7193051 0.5250736 -0.325604 -0.9202515 0.2170693 -0.3400612 -0.8627057 0.3742956 -0.7278541 -0.6256189 0.2807655 -0.6919659 -0.590386 0.415485 -0.7481867 -0.6168723 0.2443058 -0.313247 -0.9321009 0.1818361 -0.9549143 7.65156e-4 0.2968804 -0.9038315 0.01851175 0.4274879 -0.967892 -0.01014602 0.2511618 -0.7251808 0.5576549 0.4038982 -0.7662939 0.5606285 0.3138301 -0.7808154 0.5653654 0.2658745 -0.3905271 0.8708831 0.2984145 -0.3538451 0.8294434 0.4322237 -0.3914333 0.8896905 0.2350126 0.1099533 -0.982135 -0.1527129 -0.1957112 0.4618632 0.8650892 0.7891833 -0.05410341 -0.61177 0.7694978 -0.4512593 -0.4519272 -0.4265852 -0.4134449 0.804418 -0.1595524 -0.5073266 0.8468547 -0.63914 0.218264 0.7374693 -0.6428683 0.228103 0.7312245 0.3392045 -0.6990363 0.6295146 -0.1033361 -0.6827022 0.7233528 0.8385712 0.005415613 -0.5447652 0.526421 0.08539127 -0.8459252 0.575851 0.1765258 -0.7982696 0.9061567 -0.3920577 -0.1586537 0.8184766 -0.2738397 -0.5050821 0.7847561 -0.6187206 -0.03664231 -0.6932955 -0.1609163 0.702458 -0.2470769 -0.6870874 0.6832744 -0.3738874 -0.5486721 0.7477748 -0.3634892 0.3693118 -0.8552685 -0.4365724 0.4953418 -0.7510267 -0.3719162 0.3501957 -0.8596752 -0.5045818 0.6651306 -0.5504529 0.6784724 -0.2502249 -0.6906971 0.6634454 -0.2476508 -0.7060519 0.5194813 -0.3437744 -0.7822777 -0.1922058 -0.9663681 -0.1708496 -0.1922058 -0.9663681 -0.1708496 -0.1922058 -0.9663681 -0.1708496 -0.990476 0.04868052 -0.1287926 -0.7524962 0.227914 0.6179035 -0.9466662 0.3216947 -0.01832257 0.6089755 -0.1096156 -0.7855784 0.6108822 -0.04912606 -0.7901959 0.6634454 -0.2476508 -0.7060519 0.6784724 -0.2502249 -0.6906971 0.3639821 -0.2186951 -0.9053671 -0.003049629 0.4036946 -0.9148887 -0.04578603 -0.9928891 0.1098865 -0.04578603 -0.9928891 0.1098865 -0.3810304 -0.4080137 0.829663 -0.6752765 0.2335521 0.6996108 -0.6448354 0.5430294 0.5378722 -0.07324786 0.9972391 0.01220798 -0.07019243 0.9966181 0.04272583 0.7891833 -0.05410341 -0.61177 0.6812638 0.2755223 -0.6782088 -0.3810304 -0.4080137 0.829663 -0.6752764 0.2335521 0.6996108 0.3817398 -0.7384757 0.5558132 -0.6448354 0.5430293 0.5378721 -0.6017421 0.5354971 0.5925786 -0.07019243 0.9966181 0.04272583 -0.07324786 0.9972391 0.01220798 -0.05487574 0.9930984 0.1036542 -0.04885992 0.9951391 0.08550486 0.7891833 -0.05410341 -0.61177 0.7188156 0.3118167 -0.621349 0.6812638 0.2755223 -0.6782088 -0.5926656 0.4704665 0.6537651 -0.1006878 0.9937197 -0.04881831 -0.0915281 0.9946054 -0.04881499 0.7237378 -0.3371615 -0.6021012 0.7050843 -0.706992 -0.05494163 0.3503118 0.2307489 -0.9077646 -0.2655873 -0.720062 0.6410727 -0.9642081 0.1053177 0.2433333 -0.8340489 -0.2069903 0.5113877 -0.9234999 -0.1969676 0.3291683 -0.9868519 0.0798189 -0.1405424 -0.7304817 0.396187 0.5562664 -0.8476985 0.5132311 -0.1341681 -0.1526202 0.9834462 -0.0976769 -0.1556565 0.9841077 -0.08545847 -0.09157584 0.9890191 -0.1159961 -0.3542467 0.8253032 -0.4397545 0.6520418 0.06208108 -0.7556372 0.7498261 -0.1421164 -0.6461917 0.7278318 -0.1327414 -0.6727857 0.7186123 -0.1200235 -0.6849751 0.1160471 -0.9489908 0.2931717 -0.658787 -0.7487602 -0.07319855 0.0671445 -0.943838 0.3235144 0.1190152 -0.9486883 0.2929605 -0.9262493 0.3102782 -0.213985 -0.7612104 0.2806963 -0.5846096 -0.2106494 -0.7777238 0.5922607 -0.2014544 -0.7848328 0.5860492 -0.2470769 -0.6870874 0.6832744 -0.2655873 -0.720062 0.6410727 0.7237378 -0.3371615 -0.6021012 0.7050843 -0.706992 -0.05494163 0.716817 -0.6508546 -0.2501234 0.6944815 -0.03084046 -0.7188493 -0.9642081 0.1053177 0.2433333 -0.9868519 0.0798189 -0.1405424 -0.8732957 0.3694713 0.3175621 -0.8719837 0.3780628 0.3109872 -0.4591382 -0.0352006 -0.8876672 -0.4565702 -0.03994989 -0.88879 -0.4591565 -0.0340541 -0.8877025 -0.4616342 -0.02942536 -0.8865823 -0.4365724 0.4953418 -0.7510267 -0.5161958 0.8208736 -0.2443531 -0.5045818 0.6651306 -0.5504529 0.1374886 0.6855336 -0.7149409 0.3503118 0.2307489 -0.9077646 0.7694979 -0.4512593 -0.4519273 -0.9262493 0.3102782 -0.213985 -0.5618579 -0.2706231 0.7817153 -0.6932955 -0.1609163 0.702458 -0.7612104 0.2806963 -0.5846096 -0.6229617 -0.02786532 -0.7817559 0.1494108 -0.9850823 0.08537761 0.1342061 -0.9867197 0.09150415 0.1342786 -0.9872526 0.08544999 0.149514 -0.9855717 0.07933395 -0.2413894 0.9529533 -0.1833337 -0.2411149 0.9518697 -0.1892294 -0.003049629 0.4036946 -0.9148886 -0.2309276 0.9433678 -0.2381798 0.8658825 0.003240864 0.5002368 0.8605824 0.003221026 0.5093011 0.880349 0.1011234 0.4634218 -0.1592327 -0.4749362 -0.8654944 -0.1592327 -0.4749362 -0.8654944 -0.15923 -0.4749639 -0.8654797 0.6197538 -0.05295243 0.7830079 0.6665568 -0.04061116 0.7443472 0.6246354 0.04605782 0.7795572 0.6244979 0.09575634 0.7751343 0.004830855 0.8090369 0.5877382 0.0535185 0.992501 0.1098989 0.313757 0.9494248 0.01220696 -0.7341001 0.2970176 -0.6106369 -0.7224451 0.4003797 -0.5637102 -0.7353981 0.3811167 -0.5603033 0.8985204 0.170125 0.4046216 0.969798 0.106018 0.2196632 -0.04625331 0.004568228 0.9989192 0.6367347 -0.08555458 0.7663219 0.3953381 -0.191148 0.8984266 0.1251664 -0.939799 -0.31798 0.1127082 -0.9496972 -0.2921852 0.1251664 -0.939799 -0.31798 0.2557271 -0.9414192 -0.219849 0.1127082 -0.9496972 -0.2921852 -0.07292838 -0.9411961 -0.3298959 -0.156374 -0.9864907 -0.04881918 -0.1045088 -0.9836798 -0.1464649 -0.1039944 -0.735756 -0.6692147 -0.1833846 -0.04200964 -0.9821432 -0.3445484 -0.127915 -0.930013 -0.1889117 -0.0450246 -0.9809614 0.01815914 0.06222594 -0.9978969 -0.216725 -0.7500176 -0.6249031 -0.07292838 -0.9411961 -0.3298959 -0.1094445 -0.9912927 0.07321723 -0.3064867 -0.831702 -0.4629662 -0.722519 0.0645312 -0.6883328 -0.7241915 0.2730465 -0.6332395 0.4770175 -0.1371519 0.8681266 0.4243295 0.02217218 0.9052364 0.3828608 0.2551121 0.8878826 0.9468442 0.2232973 0.2315693 -0.2544368 -0.9670125 -0.01220686 -0.2228588 -0.9710959 -0.08548009 -0.7480257 0.07442093 -0.6594839 -0.8252791 0.05384745 -0.5621521 -0.8651949 0.1176696 -0.4874338 -0.7433427 0.2171093 0.6326968 -0.9507273 0.2305371 0.2072929 -0.9751724 0.1847524 0.1220873 -0.7504449 0.2208201 0.6229533 0.4160461 0.5013202 0.7586723 0.1647889 0.3304853 0.9293138 -0.2228588 -0.9710958 -0.08548009 -0.1896331 -0.9815514 0.02441955 -0.2258091 0.2676255 -0.9366894 0.06305501 0.2935879 -0.9538503 0.7762904 0.287548 -0.5609717 0.776293 0.2875371 -0.5609736 0.776293 0.2875371 -0.5609736 0.7793812 0.222585 0.5856798 0.728699 -0.4405156 -0.5243508 -0.9400229 -0.2876959 -0.1832701 -0.9737212 -0.2224449 -0.04883868 -0.8894119 -0.4571066 0 -0.4612906 -0.5674788 -0.6820402 -0.1574768 -0.5568743 -0.8155318 -0.7893201 -0.356613 -0.4998011 -0.940023 -0.2876959 -0.1832701 -0.5259466 -0.7201186 0.4525587 -0.4139404 -0.5998721 0.6846947 -0.8452818 -0.4654153 0.2624637 -0.4131221 -0.8388499 0.3544866 -0.8154432 -0.3768278 0.4393781 -0.3872802 -0.9059453 0.171106 -0.3276272 -0.9428341 0.06102486 -0.9591016 -0.2257158 0.170812 -0.4990252 -0.5834991 -0.6407049 -0.4732243 -0.6890885 -0.5488315 -0.4620705 -0.7193273 -0.518709 -0.8755774 0.1353789 -0.4637205 -0.8813235 0.140505 -0.4511401 -0.9104019 -0.1684624 -0.377874 -0.8900763 -0.1571959 -0.4278478 0.0663697 -0.995927 -0.06102961 0.5815556 -0.8134152 -0.01220313 0.346162 -0.9224625 -0.1709819 0.7884058 -0.6003269 0.1342535 0.2184172 -0.9346581 -0.2805499 0.1664589 -0.784054 0.5979556 0.6692945 -0.2216175 0.7091761 0.269555 0.03121964 0.9624788 0.5703779 0.03597753 0.8205941 -0.8518839 -0.3856579 0.3543471 -0.7742612 -0.2891289 0.56296 -0.7570849 -0.08929328 0.6471855 -0.4163925 0.119513 0.9012957 -0.9020047 -0.1559256 0.4025854 -0.8594005 -0.2994188 -0.4144626 -0.9533532 -0.1375836 -0.2686792 -0.9987195 -0.03490559 -0.03662226 -0.9732006 -0.1391921 -0.1830471 -0.6865337 -0.3320153 -0.6468674 -0.2275721 -0.8806962 0.4154336 -0.7983149 -0.5294751 0.2869659 -0.7905889 -0.5073559 0.3428691 -0.3806969 -0.6372867 0.6700266 0.2561364 0.2775525 0.9259366 0.1051715 0.2665753 0.9580588 -0.6241004 0.1867019 0.7587103 -0.9307032 0.09104706 0.3542628 -0.1772355 0.2740053 0.9452559 -0.5262648 0.3427371 0.778188 -0.8589418 0.2812194 0.4279425 -0.9567681 0.1749999 0.2323143 -0.9151983 -0.1398325 0.377967 -0.8566895 -0.5149291 0.03051432 0.8773791 -0.4684441 0.1037596 0.7089112 -0.6170083 0.3416808 0.6383296 -0.7412859 0.207438 0.434124 -0.8286437 0.3533922 -0.869609 -0.4256507 -0.2502033 -0.8758501 -0.3738385 -0.3051743 -0.8897989 -0.3775829 -0.2562987 -0.6854808 0.02903932 -0.7275114 -0.829785 0.0511459 -0.5557346 -0.779197 0.05243124 -0.6245823 -0.9682685 0.1389786 -0.2077043 -0.9824859 -0.03397096 -0.1832142 -0.9774944 0.2106077 -0.01220914 -0.9185455 0.3593313 0.1647889 -0.7303125 0.6380706 0.2439457 -0.8699502 0.4212391 0.2564064 -0.780411 0.6078348 0.1466134 -0.9718325 0.2305526 -0.04885883 -0.9836441 -0.179191 0.01830036 -0.7833689 -0.6164839 -0.07925133 -0.8439529 -0.44491 -0.2996644 -0.6854808 0.02903932 -0.7275114 -0.7791969 0.05243123 -0.6245822 -0.7331863 -0.06630687 -0.6767874 -0.5329969 -0.8101706 -0.2440043 -0.5250661 0.8404107 0.1342217 -0.3400346 0.9113383 0.2320326 -0.3551809 0.8627998 0.3597541 -0.4915584 0.8638586 0.1100846 -0.8336276 -0.546591 -0.07939312 -0.5584322 -0.8281121 0.04882467 -0.8066564 -0.1640787 -0.5677884 -0.4973819 0.7365226 -0.4584165 -0.4495331 0.1535364 -0.8799697 -0.3015445 -0.4458279 -0.8427979 -0.4495331 0.1535364 -0.8799697 -0.6478416 -0.6867578 -0.3296438 -0.7078927 -0.5888631 -0.3900361 -0.6161118 -0.7872804 -0.0244118 -0.866029 -0.4993973 0.02441668 -0.5557086 -0.7406911 0.3775774 -0.6807126 -0.7223032 -0.1221009 -0.4762477 -0.7815346 0.4029788 -0.150775 -0.5916778 0.7919497 -0.7966145 -0.6025137 -0.04881123 -0.8003985 -0.133907 0.5843213 -0.8007869 -0.1330684 0.5839804 -0.7795842 -0.2468492 0.5755988 -0.7721688 -0.269379 0.5754915 -0.3610171 -0.6218257 0.6949817 -0.1014021 -0.4253573 0.8993268 -0.2197933 -0.7688937 0.6004111 -0.06748713 -0.1368807 0.9882861 -0.3266602 -0.9220201 -0.2077792 -0.3880958 -0.8696397 -0.3051367 -0.4324813 -0.8933564 0.1219599 -0.2927516 -0.9558769 0.02441186 -0.2492404 -0.9192762 -0.3046483 -0.5806594 -0.811855 0.06104173 -0.4178967 -0.8815483 -0.2196245 -0.6966395 -0.706946 -0.1221505 0.3231841 -0.8727497 -0.3658689 0.01109557 -0.8344631 -0.5509522 -0.4612906 -0.5674788 -0.6820402 0.01109557 -0.8344631 -0.5509522 0.3231841 -0.8727497 -0.3658689 0.1641516 -0.6192818 -0.767818 -0.6627786 -0.7424189 0.09766661 -0.6111802 -0.7276137 -0.3115072 -0.9704487 -0.09975328 -0.2197242 -0.9533532 -0.1375836 -0.2686792 -0.2570568 -0.8230395 -0.5064858 -0.3909974 -0.9190964 0.04881508 -0.4702529 -0.8817719 -0.03661337 -0.432422 -0.8293964 -0.3537131 -0.4608619 -0.5730845 -0.6776286 -0.3734232 -0.6879301 -0.6223403 -0.2343161 -0.9469938 0.2197697 -0.2407014 -0.9656683 0.09771189 -0.3865561 -0.5068084 -0.7705322 -0.3769511 -0.5158931 -0.7692608 -0.1806184 -0.9826249 -0.04272282 -0.3386956 -0.8998807 -0.2747728 -0.1617414 -0.5877001 -0.7927473 -0.360406 -0.688343 -0.6295168 -0.2979129 -0.7015553 -0.6473546 -0.1471882 -0.2828154 -0.9478139 -0.1424728 -0.789549 0.5969204 -0.1532575 -0.7868741 0.5977803 -0.239196 -0.7555162 0.6099021 -0.4331243 -0.8288511 -0.3541316 -0.3087642 -0.9029376 -0.2989456 -0.4279153 -0.815004 -0.3907135 -0.6686991 -0.5859222 -0.4577518 -0.2926707 -0.9177939 -0.2683252 -0.4162865 -0.87053 -0.262456 -0.7631085 -0.2094058 -0.6114039 -0.518101 -0.5043461 -0.6908013 -0.4270387 -0.05944058 -0.9022776 -0.6091969 0.01067429 -0.7929471 -0.6778907 -0.3235691 -0.6601268 -0.8490167 -0.3806069 -0.366482 -0.8818538 0.03890532 -0.4699152 -0.7616999 0.216804 -0.6105812 -0.8982933 0.1251392 -0.4212002 -0.7424608 0.4304286 -0.5133062 -0.8619049 0.3008195 -0.4082006 -0.6852153 0.6430334 -0.342035 -0.5051826 -0.8139743 -0.2867691 -0.8691294 -0.4822353 -0.1098329 -0.9942796 0.06408554 -0.08544739 -0.963777 0.2564475 -0.07327072 -0.812191 0.4026541 -0.4221558 -0.8393213 0.4124086 -0.354202 0.5941362 -0.8004441 0.07931985 0.6249445 -0.7737408 -0.1037759 0.3898761 -0.8526155 0.3479129 0.6954535 -0.5985335 0.3976204 0.4894405 -0.7704543 0.4084704 0.04234248 -0.9979092 0.04882737 -0.3013014 -0.8265792 -0.4753782 -0.5215776 -0.6078708 -0.598707 -0.9669644 -0.106 0.2318274 -0.9818165 -0.08267626 0.1708834 -0.8393444 0.3518848 0.4143406 -0.5988161 -0.7975315 0.07323101 0.6711486 -0.5632309 0.4820067 0.5859784 -0.6178872 0.5242564 0.8761234 -0.4379663 0.2014779 -0.2036525 0.07308038 0.9763119 -0.9006481 -0.2238263 -0.3724714 -0.7261953 0.06719788 -0.6841966 0.2991059 -0.7927832 0.5310655 0.965106 -0.2617883 0.00610585 -0.388118 0.8556932 0.3422773 -0.5209624 0.70021 0.4881639 -0.4530424 -0.7063031 -0.5439565 0.02213066 -0.9943536 0.1037852 0.0446071 -0.9882188 0.1464028 0.07474539 -0.9953341 0.06101666 0.0549407 -0.998471 0.006104523 0.1098618 -0.9891379 -0.09765496 -0.0228856 -0.9997195 -0.006102828 0.6995737 -0.6799238 0.2197734 -0.3547509 0.8492638 -0.3910279 -0.2073653 0.8737602 -0.4399352 -0.2812653 0.8624706 -0.4207545 -0.3958104 0.8368071 -0.3782696 -0.6172783 -0.4059026 -0.6739515 -0.07232371 -0.6321628 -0.7714528 -0.8089801 -0.3909626 -0.4389756 -0.2522588 -0.4521945 -0.8555031 -0.8676019 -0.3927181 -0.3050237 0.03661941 -0.5378476 -0.8422464 0.3808119 -0.6209222 -0.6851555 0.591181 -0.746514 -0.3053227 0.7083898 -0.6904703 -0.1464056 0.1716839 -0.2677813 0.9480599 0.1716839 -0.2677813 0.9480599 0.1716839 -0.2677813 0.9480599 -0.7241141 -0.4007603 0.5612932 -0.01403175 -0.1831712 0.982981 -0.1166237 -0.7405314 -0.6618249 -0.2364733 -0.05381283 0.9701467 0.1177094 0.9561508 0.2681794 -0.1229723 0.5570148 0.8213478 -0.2298947 0.6919755 0.6843378 -0.4813462 0.5153461 0.7090306 -0.005741142 0.1997917 0.9798216 0.07962901 -0.8069581 -0.585216 -0.1177094 -0.9561508 -0.2681794 0.1051717 -0.8513168 -0.5140026 0.1671438 0.01901522 0.9857492 -0.2522588 -0.4521945 -0.8555031 -0.08889683 -0.5448762 -0.8337909 0.03661941 -0.5378476 -0.8422464 0.3808119 -0.6209222 -0.6851555 0.1489809 -0.5913514 -0.7925327 0.2357645 0.9003995 0.3656445 -0.0836927 0.788994 0.6086742 -0.2357645 -0.9003995 -0.3656445 -0.2357645 -0.9003995 -0.3656445 0.404367 -0.5904677 -0.698452 0.3403377 0.8807618 0.3292853 -0.4082045 0.8008112 0.4382587 -0.842671 0.5378751 0.02441419 -0.3402235 -0.8808473 -0.3291748 -0.3403377 -0.8807618 -0.3292853 0.02979447 -0.8785549 -0.4767115 0.591181 -0.746514 -0.3053227 0.5042823 -0.8488561 -0.1585649 0.7083898 -0.6904703 -0.1464056 -0.8895794 0.4067849 -0.207785 -0.8482322 -0.4873715 -0.2072949 -0.7131301 -0.6474671 -0.2687599 -0.7129951 -0.7011691 0 -0.8491758 -0.5279692 0.01220738 -0.8426946 -0.4438242 -0.304772 -0.7033569 -0.5860038 -0.4023537 -0.8407065 -0.438845 0.317219 -0.8471652 -0.4838221 0.2196072 -0.7115935 -0.644095 0.2806714 -0.703879 -0.5847198 0.4033077 -0.3858574 -0.8518631 -0.3541797 -0.3854281 -0.9227378 0 -0.3791252 -0.7693449 -0.5141717 -0.3854582 -0.8519046 0.3545146 -0.375754 -0.764819 0.5233172 -0.001144164 -0.9999994 0 -0.002294073 -0.9252763 -0.3792868 -0.001521619 -0.8285213 -0.5599556 -3.82076e-4 -0.9253886 0.3790196 0.00152066 -0.8287596 0.5596028 0.3784843 -0.9256077 0 0.3776847 -0.8556532 -0.353853 0.3730899 -0.772911 -0.5132374 0.3794016 -0.8548928 0.3538539 0.3747318 -0.7723596 0.5128712 0.700373 -0.6612406 -0.2687722 0.699917 -0.7142243 0 0.6924126 -0.5991519 -0.4019724 0.7006471 -0.6609374 0.2688041 0.6925705 -0.5989079 0.4020641 0.8356601 -0.50853 -0.2075321 0.8353803 -0.5496725 0 0.831393 -0.4643439 -0.3052384 0.8356025 -0.508611 0.2075652 0.8310687 -0.4648641 0.3053295 -0.6321629 -0.1007796 0.7682535 -0.6090924 -0.2450108 0.7543052 -0.818792 -0.02689881 0.5734597 -0.7170754 -0.3547235 0.5999785 0.6977264 -0.4253499 0.5764159 0.7588652 -0.4694739 0.4513512 0.5147519 -0.5166597 0.6841735 0.5859795 -0.6443487 0.4913683 -0.8717512 0.4490319 0.1960105 -0.4669538 0.8574172 0.2163095 -0.7709706 0.6195232 0.1476327 -0.8736981 0.4751926 0.1041332 0.9786615 -0.1976822 -0.05606518 0.9419299 -0.3084925 -0.1326675 0.996523 0.0820105 0.01470944 0.9817669 0.1804102 0.05988244 -0.09802917 -0.5076919 0.8559434 -0.08201176 -0.6845121 0.7243736 -0.3242492 -0.1667022 0.9311675 -0.01678726 -0.3357452 0.9418033 -0.898095 0.02060201 0.4393188 -0.6321629 -0.1007796 0.7682535 -0.818792 -0.02689881 0.5734597 -0.9407648 0.1880767 0.282115 -0.3242492 -0.1667022 0.9311675 -0.7052408 -0.05336957 0.7069562 -0.9683173 0.2249106 0.1085208 -0.9717355 0.1105978 0.2085627 -0.7170754 -0.3547235 0.5999785 -0.8848482 -0.1099386 0.4527219 -0.08201176 -0.6845121 0.7243737 0.05072897 -0.7986953 0.5995936 0.5859796 -0.6443487 0.4913683 0.4730928 -0.7432135 0.4730928 0.3968549 -0.4231847 0.8145065 0.6244566 -0.3997743 0.6709952 0.6977264 -0.4253499 0.5764159 0.3968549 -0.4231847 0.8145065 0.4642703 -0.3856838 0.7973088 0.8132458 -0.5077065 0.284369 0.7588652 -0.4694739 0.4513512 0.0800954 -0.3295354 0.9407396 -0.01678726 -0.3357452 0.9418032 0.1235604 -0.9251773 0.358859 -0.42388 -0.8104038 0.4044395 -0.4082667 -0.8302694 0.3794352 0.1167093 -0.9443538 0.30753 0.9058228 -0.4218273 0.03933178 0.887143 -0.461116 0.01868874 0.9397836 -0.2013822 -0.2761377 0.9572067 -0.2234753 -0.1838857 0.9597102 -0.2305822 -0.1605874 -0.8848482 -0.1099386 0.4527219 -0.8736413 0.4834593 0.05493639 -0.8717512 0.449032 0.1960106 -0.9407647 0.1880766 0.282115 -0.4669538 0.8574172 0.2163095 -0.3887195 0.9212538 -0.01373298 -0.5264823 -0.7334509 0.4299605 -0.6677346 -0.5337107 0.5189252 -0.649254 -0.5662853 0.5077304 0.05072897 -0.7986953 0.5995936 0.4730928 -0.7432135 0.4730928 0.3021313 -0.9450188 0.1251251 0.2990554 -0.9486616 0.102991 0.9597102 -0.2305822 -0.1605874 0.9572068 -0.2234754 -0.1838857 0.9594867 -0.2640019 0.09842847 0.9621763 -0.2696345 -0.03891435 0.923071 -0.3703727 0.1037501 0.9233841 -0.3331582 0.190703 0.9836411 -0.1723946 0.05225236 0.9641523 -0.2514786 -0.08466844 0.2048444 0.9578478 0.2014112 0.101456 0.9809958 0.1653905 0.05455829 0.9873905 0.1486046 0.2490867 0.9505727 0.1853846 0.2342067 0.9721103 -0.01220621 0.9097579 0.4140161 -0.03051599 0.9112098 0.4017295 0.09115913 0.9113147 0.4014896 0.09116961 0.9026362 0.4284279 -0.04120233 0.9154726 0.3926996 0.08773279 0.926765 0.3636093 0.09431236 -0.792756 -0.6002417 -0.1060569 -0.8110723 -0.576735 -0.0976644 -0.7274286 -0.6763141 -0.1159613 -0.7307338 -0.6732638 -0.11289 -0.9147 0.3909909 -0.1022267 -0.6164814 0.7809018 -0.1007123 -0.1361843 0.9876224 -0.07781961 0.7848307 0.6142071 -0.08240294 0.7812449 0.6202658 -0.07018998 0.9876621 -0.1312305 -0.08545242 0.9845324 -0.1464783 -0.09612637 0.484399 -0.8675318 -0.1128993 0.4687473 -0.8760882 -0.112896 0.4226594 -0.9010122 -0.09765416 0.4111714 -0.9066368 -0.09459232 -0.7744723 -0.6283526 -0.07325058 -0.785261 -0.6155122 -0.06715546 -0.9086716 0.4159023 -0.03662153 -0.5523165 0.8334334 -0.01830884 -0.03775861 0.9992683 0.006102402 0.7741287 0.6329619 -0.009156772 0.7760494 0.6306058 -0.009155801 0.9988065 -0.03547752 -0.03357012 0.9977843 -0.05340845 -0.03967485 0 0 -1 0 0 -1 0 0 -1 0 5.96047e-6 -1 0 0 -1 0 0 -1 0 0 -1 0 0 -1 0 0 -1 0 0 -1 -0.3234842 -0.7424478 0.5866253 -0.3282604 -0.6321063 0.7019165 -0.523183 -0.5186137 0.676254 -0.5025373 -0.5135946 0.6954688 -0.7751319 0.163266 -0.61034 -0.1997754 -0.3583758 -0.911952 -0.3129659 -0.8604659 0.4020584 -0.9071547 0.4092886 -0.09774058 -0.2772819 -0.8665537 -0.4149694 -0.2475049 -0.8968231 -0.3666738 -0.3559855 -0.8912992 -0.2808203 -0.468522 -0.8813403 -0.06104522 0.001526184 0.9397478 0.3418652 -0.01524212 0.001047896 0.9998833 0.167954 0.2015448 -0.9649721 0.06245176 0.313782 -0.947439 0.2346166 0.01428267 -0.9719831 0.1889471 -0.1584718 -0.9691159 0.1095424 -0.2374696 -0.9651988 0.3060407 0.8572184 -0.4141446 0.3369068 0.797435 -0.5005908 0.2601401 0.9402423 0.2197077 -0.7217497 -0.4190974 0.5508491 0.320361 0.3918497 0.8624516 -0.5937802 0.1964504 -0.7802771 -0.4601197 -0.8824684 -0.09767052 -0.9104019 -0.1684625 -0.377874 -0.8900763 -0.1571959 -0.4278478 -0.5618579 -0.2706231 0.7817153</float_array>
          <technique_common>
            <accessor source="#geom-alice_lod1-normals-array" count="1882" stride="3">
              <param name="X" type="float"/>
              <param name="Y" type="float"/>
              <param name="Z" type="float"/>
            </accessor>
          </technique_common>
        </source>
        <source id="geom-alice_lod1-map1">
          <float_array id="geom-alice_lod1-map1-array" count="5646">0.550475 0.587795 0 0.55204 0.60541 0 0.53355 0.6061 0 0.538425 0.5877299 0 0.53101 0.56594 0 0.53903 0.5482 0 0.53101 0.56594 0 0.528875 0.548215 0 0.53903 0.5482 0 0.546245 0.492215 0 0.6235988 0.504475 0 0.6013924 0.55139 0 0.53903 0.5482 0 0.581265 0.39096 0 0.59552 0.40334 0 0.57056 0.412255 0 0.62105 0.41159 0 0.6294338 0.4477763 0 0.5591575 0.4397175 0 0.55156 0.47166 0 0.546245 0.492215 0 0.531485 0.482765 0 0.460725 0.581395 0 0.435672 0.5741223 0 0.46695 0.546595 0 0.49313 0.60904 0 0.5117773 0.5630131 0 0.50409 0.6113 0 0.49014 0.564995 0 0.475315 0.6009 0 0.460725 0.581395 0 0.46695 0.546595 0 0.62764 0.42243 0 0.63454 0.42547 0 0.6294338 0.4477763 0 0.537935 0.65598 0 0.5478387 0.6596245 0 0.54434 0.67109 0 0.541275 0.68395 0 0.460725 0.581395 0 0.45479 0.58688 0 0.435672 0.5741223 0 0.55204 0.60541 0 0.550475 0.587795 0 0.585315 0.58393 0 0.58773 0.59803 0 0.59963 0.59485 0 0.58773 0.59803 0 0.585315 0.58393 0 0.59246 0.58101 0 0.6013924 0.55139 0 0.52856 0.59492 0 0.52875 0.60609 0 0.5591575 0.4397175 0 0.56149 0.4155 0 0.57056 0.412255 0 0.6235988 0.504475 0 0.546245 0.492215 0 0.55156 0.47166 0 0.630435 0.4809875 0 0.528875 0.548215 0 0.531485 0.482765 0 0.53903 0.5482 0 0.5591575 0.4397175 0 0.55156 0.47166 0 0.54189 0.43444 0 0.630435 0.4809875 0 0.55156 0.47166 0 0.49313 0.60904 0 0.5117773 0.5630131 0 0.4530575 0.67189 0 0.4630425 0.6318025 0 0.4630425 0.6318025 0 0.4530575 0.67189 0 0.3713767 0.66092 0 0.38867 0.6082134 0 0.435672 0.5741223 0 0.40851 0.55705 0 0.4436 0.52383 0 0.46695 0.546595 0 0.02801499 0.580455 0 0.01953 0.52533 0 0.04967499 0.55792 0 0.0732 0.59285 0 0.05670015 0.5902071 0 0.04102082 0.5813974 0 0.09596249 0.50208 0 0.08833732 0.5178524 0 0.054135 0.49964 0 0.4735 0.20782 0 0.4594 0.19023 0 0.4743163 0.1755036 0 0.4908 0.1935 0 0.44857 0.17256 0 0.45887 0.16145 0 0.16322 0.62748 0 0.150035 0.66089 0 0.1599 0.60978 0 0.16445 0.60864 0 0.16322 0.62748 0 0.1599 0.60978 0 0.66569 0.9749 0 0.64347 0.97167 0 0.67211 0.964415 0 0.34981 0.50767 0 0.317035 0.511735 0 0.34639 0.49126 0 0.365505 0.4819125 0 0.38074 0.49267 0 0.37391 0.50811 0 0.365505 0.4819125 0 0.34981 0.50767 0 0.72012 0.93816 0 0.6873425 0.9696751 0 0.73816 0.95269 0 0.394 0.43725 0 0.430195 0.437125 0 0.38983 0.45644 0 0.76294 0.90959 0 0.78758 0.89377 0 0.77825 0.92388 0 0.429745 0.45857 0 0.150035 0.66089 0 0.16322 0.62748 0 0.154665 0.66373 0 0.215635 0.614755 0 0.24276 0.59345 0 0.24597 0.61184 0 0.34882 0.52176 0 0.37102 0.52168 0 0.35114 0.54263 0 0.36782 0.54335 0 0.292265 0.54837 0 0.31004 0.56674 0 0.2783 0.56846 0 0.29432 0.58828 0 0.26963 0.58144 0 0.3111371 0.5808327 0 0.06378752 0.6050895 0 0.06992546 0.5591716 0 0.06332597 0.6162463 0 0.04659999 0.533395 0 0.01592 0.50351 0 0.06683 0.53087 0 0.009755 0.45359 0 0.045575 0.451155 0 0.0727075 0.4470175 0 0.1118263 0.543536 0 0.126635 0.534075 0 0.12871 0.53056 0 0.126635 0.534075 0 0.09596249 0.50208 0 0.1359994 0.5793946 0 0.151015 0.563765 0 0.154305 0.562145 0 0.151015 0.563765 0 0.15824 0.58862 0 0.1281898 0.599685 0 0.16271 0.58913 0 0.15824 0.58862 0 0.03438 0.39472 0 0.056785 0.391955 0 0.00668 0.39517 0 0.00837999 0.37421 0 0.03083 0.37325 0 0.05553 0.36471 0 0.48987 0.22145 0 0.50416 0.20957 0 0.1281898 0.599685 0 0.15824 0.58862 0 0.1599 0.60978 0 0.1396607 0.6149215 0 0.150035 0.66089 0 0.132971 0.6524971 0 0.1108413 0.6858149 0 0.12772 0.70021 0 0.13064 0.70259 0 0.12772 0.70021 0 0.28171 0.53625 0 0.317035 0.511735 0 0.320905 0.527605 0 0.292265 0.54837 0 0.320905 0.527605 0 0.77391 0.96384 0 0.75782 0.98121 0 0.74163 0.96671 0 0.73816 0.95269 0 0.72012 0.93816 0 0.7956 0.93775 0 0.77391 0.96384 0 0.79969 0.90814 0 0.47386 0.42229 0 0.47679 0.43721 0 0.4520875 0.4934225 0 0.48795 0.47369 0 0.8099 0.91626 0 0.408335 0.52556 0 0.41888 0.5185699 0 0.37102 0.52168 0 0.37391 0.50811 0 0.408335 0.52556 0 0.40073 0.535955 0 0.45887 0.16145 0 0.451905 0.13451 0 0.4601794 0.1411256 0 0.44857 0.17256 0 0.43567 0.13888 0 0.451905 0.13451 0 0.45887 0.16145 0 0.47238 0.2091 0 0.4278668 0.2677509 0 0.3971145 0.2301834 0 0.3698373 0.1780356 0 0.43567 0.13888 0 0.48885 0.22211 0 0.4569032 0.2891977 0 0.4599 0.11812 0 0.45227 0.1176 0 0.45192 0.10118 0 0.46046 0.10226 0 0.43683 0.09680998 0 0.45192 0.10118 0 0.45227 0.1176 0 0.434 0.11749 0 0.19511 0.72601 0 0.17563 0.72781 0 0.174745 0.692935 0 0.2071975 0.6914225 0 0.22061 0.72958 0 0.2104 0.72582 0 0.2071975 0.6914225 0 0.23185 0.69281 0 0.434 0.11749 0 0.45227 0.1176 0 0.3597395 0.1220626 0 0.434 0.11749 0 0.3633678 0.08510041 0 0.43683 0.09680998 0 0.3709682 0.05089474 0 0.44071 0.07912999 0 0.24684 0.62638 0 0.25505 0.64516 0 0.24205 0.65139 0 0.21528 0.63608 0 0.263365 0.61937 0 0.26689 0.64486 0 0.25505 0.64516 0 0.24684 0.62638 0 0.21528 0.63608 0 0.17251 0.64054 0 0.17177 0.62364 0 0.26361 0.59524 0 0.25273 0.57697 0 0.26246 0.55922 0 0.32928 0.54965 0 0.36782 0.54335 0 0.38907 0.552735 0 0.28779 0.64066 0 0.28579 0.61966 0 0.31004 0.56674 0 0.292265 0.54837 0 0.28901 0.60212 0 0.35114 0.54263 0 0.3603997 0.5513348 0 0.3392845 0.5577612 0 0.32928 0.54965 0 0.9034525 0.1210138 0 0.8617025 0.1209731 0 0.8579275 0.0116725 0 0.90746 0.008639991 0 0.93398 0.01143998 0 0.9331325 0.1211762 0 0.9034525 0.1210138 0 0.90746 0.008639991 0 0.3848988 0.5588345 0 0.97087 0.02221 0 0.9732832 0.1243844 0 0.9331325 0.1211762 0 0.93398 0.01143998 0 0.2962277 0.6362262 0 0.2929918 0.619162 0 0.79473 0.01713002 0 0.7983775 0.1173512 0 0.7739788 0.1180212 0 0.76846 0.01258999 0 0.2959577 0.6031838 0 0.81921 0.01675999 0 0.820695 0.1192163 0 0.7983775 0.1173512 0 0.79473 0.01713002 0 0.820695 0.1192163 0 0.81921 0.01675999 0 0.2204847 0.4644248 0 0.3239645 0.3856145 0 0.3653346 0.4254628 0 0.2638878 0.5156562 0 0.1694621 0.3920406 0 0.2741228 0.3273485 0 0.16754 0.50118 0 0.10932 0.42432 0 0.1186608 0.2848257 0 0.2258937 0.2409127 0 0.04888 0.31177 0 0.2032336 0.1427342 0 0.08757737 0.1625398 0 0.01144 0.17392 0 0.08586895 0.07660627 0 0.2074884 0.07206589 0 0.00905 0.08094001 0 0.08623477 0.005737305 0 0.2125588 0.01127303 0 0.00618 0.006420016 0 0.37391 0.50811 0 0.28171 0.53625 0 0.93262 0.311725 0 0.90471 0.30592 0 0.77386 0.4654 0 0.74702 0.434775 0 0.775535 0.418565 0 0.7952 0.44109 0 0.80481 0.45031 0 0.79078 0.4749 0 0.93952 0.388565 0 0.98081 0.4274 0 0.9362075 0.4321875 0 0.90573 0.418135 0 0.90681 0.37973 0 0.88606 0.40272 0 0.72566 0.48579 0 0.775555 0.50561 0 0.76068 0.49373 0 0.9362075 0.4321875 0 0.90381 0.475005 0 0.891895 0.45539 0 0.89226 0.46873 0 0.90381 0.475005 0 0.9362075 0.4321875 0 0.92193 0.4754 0 0.7388 0.49518 0 0.76068 0.49373 0 0.744785 0.502305 0 0.66278 0.52098 0 0.654635 0.491605 0 0.70872 0.4588 0 0.92193 0.4754 0 0.95984 0.47031 0 0.80946 0.32267 0 0.87744 0.31641 0 0.8753 0.33126 0 0.81295 0.33848 0 0.90471 0.30592 0 0.89369 0.30549 0 0.89369 0.30549 0 0.864565 0.307065 0 0.83703 0.30928 0 0.83703 0.30928 0 0.8278 0.30758 0 0.8278 0.30758 0 0.8059 0.31251 0 0.793345 0.40583 0 0.80799 0.4263 0 0.81582 0.43324 0 0.76345 0.39189 0 0.78102 0.38617 0 0.78102 0.38617 0 0.76345 0.39189 0 0.7613 0.38536 0 0.77921 0.37853 0 0.942795 0.36551 0 0.97063 0.36177 0 0.97517 0.38193 0 0.72792 0.41068 0 0.72165 0.40177 0 0.72792 0.41068 0 0.8838025 0.4431475 0 0.868225 0.43608 0 0.891895 0.45539 0 0.76037 0.50846 0 0.76037 0.50846 0 0.75462 0.50791 0 0.744785 0.502305 0 0.76068 0.49373 0 0.69555 0.43477 0 0.6551 0.45583 0 0.69251 0.42694 0 0.69555 0.43477 0 0.6551 0.45583 0 0.65178 0.45134 0 0.98097 0.46691 0 0.98768 0.5151 0 0.95866 0.543835 0 0.93107 0.55133 0 0.81676 0.34674 0 0.81295 0.33848 0 0.8753 0.33126 0 0.87854 0.33692 0 0.8810997 0.3171045 0 0.6466212 0.4928736 0 0.8670975 0.40735 0 0.841785 0.422755 0 0.836595 0.413595 0 0.8643025 0.3994425 0 0.8324525 0.4014875 0 0.85736 0.390695 0 0.8643025 0.3994425 0 0.836595 0.413595 0 0.841785 0.422755 0 0.8670975 0.40735 0 0.86927 0.41498 0 0.84509 0.430205 0 0.85736 0.390695 0 0.85534 0.38188 0 0.86264 0.37942 0 0.86495 0.38845 0 0.85247 0.43734 0 0.84509 0.430205 0 0.86927 0.41498 0 0.85534 0.38188 0 0.82894 0.391645 0 0.91688 0.3604 0 0.88125 0.34935 0 0.81567 0.36242 0 0.81676 0.34674 0 0.6466286 0.4963299 0 0.6581943 0.5221274 0 0.72566 0.48579 0 0.7309039 0.5025388 0 0.66404 0.5292798 0 0.66278 0.52098 0 0.88439 0.35613 0 0.82015 0.37969 0 0.81567 0.36242 0 0.39315 0.4144 0 0.427565 0.412845 0 0.4727 0.40856 0 0.2104 0.72582 0 0.35245 0.6787 0 0.3226525 0.6730175 0 0.3421 0.66158 0 0.33996 0.69895 0 0.3226525 0.6730175 0 0.35245 0.6787 0 0.30016 0.796625 0 0.26226 0.79575 0 0.25402 0.77591 0 0.3003 0.76165 0 0.30705 0.81855 0 0.30016 0.796625 0 0.314905 0.81378 0 0.32486 0.72368 0 0.31809 0.73505 0 0.30992 0.710795 0 0.29339 0.67367 0 0.2927 0.68007 0 0.28449 0.84122 0 0.27885 0.82258 0 0.31246 0.82574 0 0.30705 0.81855 0 0.27885 0.82258 0 0.27047 0.84159 0 0.27321 0.82906 0 0.27885 0.82258 0 0.28449 0.84122 0 0.2449 0.68493 0 0.25058 0.68561 0 0.2446 0.69805 0 0.2446 0.69805 0 0.25698 0.69724 0 0.250995 0.728575 0 0.24391 0.73019 0 0.25698 0.69724 0 0.27925 0.69427 0 0.29045 0.71581 0 0.250995 0.728575 0 0.25829 0.79908 0 0.26226 0.79575 0 0.27885 0.82258 0 0.27248 0.82053 0 0.339 0.72254 0 0.33996 0.69895 0 0.3421 0.66158 0 0.3226525 0.6730175 0 0.32063 0.63642 0 0.33134 0.63466 0 0.250965 0.75817 0 0.24519 0.74725 0 0.29045 0.71581 0 0.2984 0.73414 0 0.250995 0.728575 0 0.3003 0.76165 0 0.25402 0.77591 0 0.250965 0.75817 0 0.3002 0.74452 0 0.31833 0.82329 0 0.2986 0.66037 0 0.30441 0.6341 0 0.24959 0.77098 0 0.25402 0.77591 0 0.33996 0.69895 0 0.29916 0.68737 0 0.3226525 0.6730175 0 0.29916 0.68737 0 0.2927 0.68007 0 0.2986 0.66037 0 0.02511999 0.68138 0 0.03503999 0.70502 0 0.01380999 0.71072 0 0.83389 0.79023 0 0.756945 0.8286 0 0.79302 0.765 0 0.15736 0.73354 0 0.18454 0.78468 0 0.1488 0.7408 0 0.204605 0.758555 0 0.62574 0.724165 0 0.60885 0.73396 0 0.59911 0.69923 0 0.61136 0.69924 0 0.6353 0.70289 0 0.64853 0.727545 0 0.62241 0.69602 0 0.66601 0.69051 0 0.68627 0.713945 0 0.63326 0.69007 0 0.63326 0.69007 0 0.62241 0.69602 0 0.6201425 0.6841725 0 0.917995 0.69169 0 0.91287 0.7428 0 0.881685 0.67958 0 0.95666 0.72163 0 0.839975 0.914085 0 0.82254 0.90825 0 0.81938 0.88585 0 0.02709 0.72744 0 0.04253 0.72299 0 0.04232499 0.740745 0 0.02088 0.74642 0 0.03974 0.78087 0 0.02127499 0.785235 0 0.0880125 0.7316375 0 0.064015 0.777995 0 0.04232499 0.740745 0 0.03974 0.78087 0 0.09956499 0.7729 0 0.22523 0.769855 0 0.20968 0.81227 0 0.18237 0.81946 0 0.21527 0.83124 0 0.168175 0.787075 0 0.84351 0.89302 0 0.9083075 0.887915 0 0.86327 0.93013 0 0.885495 0.865095 0 0.02127499 0.785235 0 0.02384 0.82796 0 0.003515 0.796895 0 0.08494 0.827255 0 0.14535 0.81713 0 0.096455 0.869465 0 0.03491 0.83384 0 0.84573 0.98299 0 0.82278 0.95154 0 0.87943 0.962775 0 0.934555 0.84159 0 0.94763 0.7765 0 0.98553 0.77548 0 0.92565 0.799515 0 0.96253 0.806365 0 0.96253 0.806365 0 0.98553 0.77548 0 0.97999 0.81345 0 0.99259 0.917 0 0.97817 0.9329 0 0.9727 0.890275 0 0.961685 0.962465 0 0.94182 0.984575 0 0.940455 0.91544 0 0.89983 0.99468 0 0.23265 0.86768 0 0.19766 0.86539 0 0.32155 0.87014 0 0.34085 0.83911 0 0.43746 0.8468 0 0.3774 0.810745 0 0.34961 0.80123 0 0.34176 0.78581 0 0.36932 0.77541 0 0.34961 0.80123 0 0.36932 0.77541 0 0.20526 0.923555 0 0.268145 0.9286849 0 0.350965 0.9169525 0 0.440575 0.9104275 0 0.44167 0.81605 0 0.40217 0.78828 0 0.488015 0.8225549 0 0.5380138 0.865935 0 0.4902725 0.8946025 0 0.54992 0.71451 0 0.58646 0.7249 0 0.5459975 0.779935 0 0.53673 0.75658 0 0.66146 0.77185 0 0.648745 0.765555 0 0.66973 0.76155 0 0.7561675 0.76146 0 0.74427 0.76933 0 0.73896 0.75765 0 0.726 0.753435 0 0.72814 0.74438 0 0.737815 0.72299 0 0.66194 0.75121 0 0.66921 0.76015 0 0.66973 0.76155 0 0.648745 0.765555 0 0.66194 0.75121 0 0.690485 0.74967 0 0.66921 0.76015 0 0.68946 0.74108 0 0.63046 0.8059 0 0.62758 0.7651 0 0.652305 0.79804 0 0.6509825 0.85573 0 0.670705 0.81943 0 0.60822 0.80473 0 0.61154 0.76472 0 0.604475 0.85341 0 0.701365 0.82441 0 0.70464 0.855815 0 0.73963 0.805725 0 0.66287 0.94135 0 0.61501 0.98849 0 0.71738 0.90432 0 0.783815 0.8681051 0 0.11731 0.70478 0 0.09246 0.70994 0 0.07339 0.6871 0 0.64199 0.6905 0 0.702675 0.66322 0 0.81655 0.70863 0 0.86389 0.75139 0 0.59911 0.69923 0 0.6045 0.678585 0 0.61136 0.69924 0 0.64222 0.67836 0 0.66107 0.66507 0 0.68253 0.646325 0 0.628455 0.67221 0 0.64222 0.67836 0 0.628455 0.67221 0 0.633 0.66004 0 0.61499 0.66275 0 0.628455 0.67221 0 0.6201425 0.6841725 0 0.6045 0.678585 0 0.61499 0.66275 0 0.61775 0.65348 0 0.63045 0.64593 0 0.62051 0.63941 0 0.64331 0.64567 0 0.62315 0.63038 0 0.63791 0.63734 0 0.65611 0.64379 0 0.6679975 0.6364825 0 0.62895 0.62112 0 0.639945 0.62829 0 0.63258 0.60717 0 0.64496 0.61578 0 0.64057 0.62277 0 0.62855 0.61672 0 0.6679975 0.6364825 0 0.65652 0.61522 0 0.667785 0.60568 0 0.68331 0.62482 0 0.70795 0.62294 0 0.64496 0.61578 0 0.63258 0.60717 0 0.63734 0.5993 0 0.683175 0.59378 0 0.64723 0.58743 0 0.65926 0.5716 0 0.764465 0.63536 0 0.67429 0.55523 0 0.702865 0.58388 0 0.72633 0.56668 0 0.78373 0.59656 0 0.7031 0.53967 0 0.8108975 0.545305 0 0.75273 0.685075 0 0.83556 0.67206 0 0.84996 0.62997 0 0.87816 0.57813 0 0.91837 0.64558 0 0.9249815 0.5940937 0 0.94259 0.67687 0 0.77783 0.51745 0 0.82492 0.48917 0 0.8534 0.49984 0 0.88378 0.50474 0 0.8968199 0.50623 0 0.96738 0.64912 0 0.97388 0.69086 0 0.84351 0.89302 0 0.83068 0.87543 0 0.83068 0.87543 0 0.81938 0.88585 0 0.81938 0.84987 0 0.855965 0.838905 0 0.137825 0.758955 0 0.0880125 0.7316375 0 0.00102 0.74992 0 0.137825 0.758955 0 0.168175 0.787075 0 0.15189 0.85842 0 0.81289 0.93722 0 0.885495 0.865095 0 0.84351 0.89302 0 0.86463 0.80513 0 0.02968999 0.85008 0 0.04247999 0.89201 0 0.0204 0.85209 0 0.96325 0.8604 0 0.978705 0.858135 0 0.934555 0.84159 0 0.90813 0.78723 0 0.28024 0.87649 0 0.1455775 0.9120175 0 0.12014 0.96037 0 0.19945 0.98954 0 0.26729 0.99572 0 0.35731 0.994705 0 0.4526 0.98947 0 0.51614 0.97141 0 0.490815 0.764275 0 0.4434 0.767585 0 0.40217 0.78828 0 0.4038 0.744765 0 0.379705 0.742475 0 0.36932 0.77541 0 0.490815 0.764275 0 0.44761 0.6998 0 0.50628 0.7054 0 0.40567 0.69892 0 0.38496 0.70017 0 0.57779 0.93258 0 0.84087 0.80093 0 0.97388 0.69086 0 0.95666 0.72163 0 0.917995 0.69169 0 0.94259 0.67687 0 0.50628 0.7054 0 0.66682 0.78388 0 0.66363 0.77129 0 0.70104 0.76971 0 0.68213 0.79416 0 0.66973 0.76155 0 0.70185 0.79644 0 0.72499 0.788295 0 0.73926 0.76808 0 0.73896 0.75765 0 0.726 0.753435 0 0.73896 0.75765 0 0.70104 0.76971 0 0.70104 0.76971 0 0.70104 0.76971 0 0.25058 0.68561 0 0.4743163 0.1755036 0 0.70926 0.76921 0 0.7086225 0.7711525 0 0.7056375 0.7689125 0 0.70847 0.77851 0 0.70446 0.77291 0 0.7056375 0.7689125 0 0.7086225 0.7711525 0 0.70926 0.76921 0 0.7006 0.7700675 0 0.7006 0.7700675 0 0.70417 0.77301 0 0.7056375 0.7689125 0 0.70801 0.77789 0 0.7086225 0.7711525 0 0.71189 0.77282 0 0.710295 0.7747926 0 0.710295 0.7747926 0 0.71189 0.77282 0 0.710295 0.7747926 0 0.71306 0.77737 0 0.711005 0.778215 0 0.71046 0.78441 0 0.710295 0.7747926 0 0.711005 0.778215 0 0.71306 0.77737 0 0.70968 0.78309 0 0.711005 0.778215 0 0.7094 0.7841 0 0.7094 0.7841 0 0.58407 0.05552 0 0.58342 0.06204998 0 0.56845 0.06204998 0 0.5692 0.05122 0 0.586 0.04957002 0 0.57159 0.04082 0 0.586 0.07453001 0 0.57158 0.08327997 0 0.5692 0.07288003 0 0.58407 0.06858003 0 0.55426 0.06434 0 0.55473 0.05106002 0 0.55624 0.03560001 0 0.55624 0.08850998 0 0.55473 0.07761002 0 0.54056 0.06434 0 0.54056 0.05026001 0 0.54056 0.03385001 0 0.54056 0.09025002 0 0.54056 0.07841003 0 0.52686 0.06434 0 0.52639 0.05106002 0 0.52488 0.03560001 0 0.52488 0.08850002 0 0.52639 0.07761002 0 0.51267 0.06204998 0 0.51192 0.05122 0 0.50953 0.04082 0 0.50953 0.08327997 0 0.51191 0.07288003 0 0.4977 0.06204998 0 0.49705 0.05552 0 0.49512 0.04957002 0 0.49512 0.07453001 0 0.49705 0.06858003 0 0.003515 0.796895 0 0.52824 0.17652 0 0.51518 0.19023 0 0.51945 0.17087 0 0.50266 0.18188 0 0.50336 0.13483 0 0.50343 0.14326 0 0.48482 0.14001 0 0.48387 0.15182 0 0.5933 0.37214 0 0.60509 0.33426 0 0.63085 0.34057 0 0.61916 0.38566 0 0.6695393 0.4062625 0 0.651 0.401645 0 0.67455 0.36351 0 0.6929 0.3774 0 0.50972 0.15627 0 0.4898 0.16763 0 0.53561 0.13992 0 0.54134 0.15617 0 0.546616 0.3388734 0 0.5717824 0.358409 0 0.5620263 0.3547797 0 0.54408 0.3440247 0 0.5194537 0.3432507 0 0.5113546 0.3355827 0 0.503595 0.31663 0 0.56471 0.32518 0 0.559585 0.374555 0 0.55242 0.37016 0 0.546775 0.39018 0 0.54101 0.3854 0 0.53171 0.4032 0 0.52639 0.39658 0 0.5225 0.13314 0 0.4990553 0.3921816 0 0.4895242 0.3693 0 0.4988523 0.3702027 0 0.5024024 0.390069 0 0.513541 0.4035647 0 0.5181348 0.412013 0 0.4928124 0.3487369 0 0.5037751 0.3563811 0 0.4928124 0.3487369 0 0.4764525 0.3390375 0 0.503595 0.31663 0 0.5113546 0.3355827 0 0.4895242 0.3693 0 0.47397 0.37222 0 0.4990553 0.3921816 0 0.5181348 0.412013 0 0.485105 0.412345 0 0.68104 0.01621997 0 0.68894 0.007290006 0 0.70153 0.01700002 0 0.691515 0.03854251 0 0.71734 0.02297503 0 0.714475 0.04361999 0 0.67246 0.02236998 0 0.68104 0.01621997 0 0.67011 0.03669 0 0.67246 0.02236998 0 0.67011 0.03669 0 0.6527525 0.02990502 0 0.66541 0.01257998 0 0.6866573 0.41171 0 0.70971 0.39117 0 0.65154 0.003750026 0 0.66427 0.001810014 0 0.66541 0.01257998 0 0.6527525 0.02990502 0 0.63794 0.02888501 0 0.63714 0.007430017 0 0.61916 0.38566 0 0.63085 0.34057 0 0.654285 0.35044 0 0.72957 0.02368999 0 0.729735 0.04433501 0 0.741665 0.04277998 0 0.729735 0.04433501 0 0.72957 0.02368999 0 0.73937 0.02217001 0 0.63721 0.39488 0 0.654285 0.35044 0 0.691515 0.03854251 0 0.669345 0.16302 0 0.63402 0.15245 0 0.67011 0.03669 0 0.707935 0.171845 0 0.669345 0.16302 0 0.73518 0.17316 0 0.75759 0.16848 0 0.73518 0.17316 0 0.605235 0.1427 0 0.57748 0.13486 0 0.63402 0.15245 0 0.605235 0.1427 0 0.61301 0.23161 0 0.57418 0.21796 0 0.66002 0.24245 0 0.61301 0.23161 0 0.66002 0.24245 0 0.70151 0.246565 0 0.73497 0.24681 0 0.7595 0.2468 0 0.73497 0.24681 0 0.57418 0.21796 0 0.54051 0.2019 0 0.38015 0.04122001 0 0.370495 0.03033501 0 0.37327 0.01463997 0 0.39006 0.007170022 0 0.39575 0.03926998 0 0.421485 0.005644977 0 0.41899 0.03864002 0 0.464195 0.01433003 0 0.44848 0.04389 0 0.4669775 0.03405499 0 0.21524 0.55483 0 0.7087151 0.2889025 0 0.7402 0.29106 0 0.73892 0.30583 0 0.7073003 0.310976 0 0.7161458 0.2678156 0 0.7461 0.27594 0 0.51791 0.20256 0 0.6067334 0.2376465 0 0.5968235 0.2746471 0 0.50265 0.24607 0 0.591151 0.312373 0 0.48971 0.29084 0 0.66581 0.7849 0 0.68089 0.79735 0 0.70178 0.801 0 0.72808 0.79202 0 0.56149 0.4155 0 0.02384 0.82796 0 0.01255 0.83234 0 0.003515 0.796895 0 0.3510758 0.5670297 0 0.3486543 0.5652756 0 0.3466285 0.5706094 0 0.3519639 0.5702488 0 0.350838 0.5744445 0 0.3489261 0.5761853 0 0.3466285 0.5767247 0 0.3466285 0.564941 0 0.5968235 0.2746471 0 0.591151 0.312373 0 0.7073003 0.310976 0 0.7087151 0.2889025 0 0.63721 0.39488 0 0.691515 0.03854251 0 0.531485 0.482765 0 0.30992 0.710795 0 0.4434 0.767585 0 0.237255 0.792 0 0.25077 0.81289 0 0.80507 0.4788 0 0.7388 0.49518 0 0.550475 0.587795 0 0.538425 0.5877299 0 0.53101 0.56594 0 0.53903 0.5482 0 0.53101 0.56594 0 0.53903 0.5482 0 0.528875 0.548215 0 0.546245 0.492215 0 0.53903 0.5482 0 0.6013924 0.55139 0 0.6235988 0.504475 0 0.581265 0.39096 0 0.57056 0.412255 0 0.59552 0.40334 0 0.5591575 0.4397175 0 0.6294338 0.4477763 0 0.62105 0.41159 0 0.55156 0.47166 0 0.531485 0.482765 0 0.546245 0.492215 0 0.460725 0.581395 0 0.46695 0.546595 0 0.435672 0.5741223 0 0.49313 0.60904 0 0.50409 0.6113 0 0.5117773 0.5630131 0 0.49014 0.564995 0 0.46695 0.546595 0 0.460725 0.581395 0 0.475315 0.6009 0 0.62764 0.42243 0 0.6294338 0.4477763 0 0.63454 0.42547 0 0.537935 0.65598 0 0.541275 0.68395 0 0.54434 0.67109 0 0.460725 0.581395 0 0.435672 0.5741223 0 0.45479 0.58688 0 0.585315 0.58393 0 0.550475 0.587795 0 0.59246 0.58101 0 0.585315 0.58393 0 0.6013924 0.55139 0 0.52856 0.59492 0 0.5591575 0.4397175 0 0.57056 0.412255 0 0.56149 0.4155 0 0.6235988 0.504475 0 0.630435 0.4809875 0 0.55156 0.47166 0 0.546245 0.492215 0 0.528875 0.548215 0 0.53903 0.5482 0 0.531485 0.482765 0 0.5591575 0.4397175 0 0.54189 0.43444 0 0.55156 0.47166 0 0.55156 0.47166 0 0.630435 0.4809875 0 0.49313 0.60904 0 0.5117773 0.5630131 0 0.4530575 0.67189 0 0.4630425 0.6318025 0 0.4630425 0.6318025 0 0.38867 0.6082134 0 0.3713767 0.66092 0 0.4530575 0.67189 0 0.435672 0.5741223 0 0.46695 0.546595 0 0.4436 0.52383 0 0.40851 0.55705 0 0.04967499 0.55792 0 0.0732 0.59285 0 0.05670015 0.5902071 0 0.04102082 0.5813974 0 0.09596249 0.50208 0 0.054135 0.49964 0 0.08833732 0.5178524 0 0.4735 0.20782 0 0.4908 0.1935 0 0.4743163 0.1755036 0 0.4594 0.19023 0 0.45887 0.16145 0 0.44857 0.17256 0 0.16322 0.62748 0 0.1599 0.60978 0 0.150035 0.66089 0 0.16445 0.60864 0 0.1599 0.60978 0 0.16322 0.62748 0 0.66569 0.9749 0 0.67211 0.964415 0 0.64347 0.97167 0 0.34981 0.50767 0 0.34639 0.49126 0 0.317035 0.511735 0 0.365505 0.4819125 0 0.38074 0.49267 0 0.365505 0.4819125 0 0.37391 0.50811 0 0.34981 0.50767 0 0.6873425 0.9696751 0 0.72012 0.93816 0 0.73816 0.95269 0 0.394 0.43725 0 0.38983 0.45644 0 0.430195 0.437125 0 0.76294 0.90959 0 0.77825 0.92388 0 0.78758 0.89377 0 0.429745 0.45857 0 0.150035 0.66089 0 0.154665 0.66373 0 0.16322 0.62748 0 0.215635 0.614755 0 0.24597 0.61184 0 0.24276 0.59345 0 0.34882 0.52176 0 0.35114 0.54263 0 0.37102 0.52168 0 0.36782 0.54335 0 0.292265 0.54837 0 0.2783 0.56846 0 0.31004 0.56674 0 0.26963 0.58144 0 0.29432 0.58828 0 0.3111371 0.5808327 0 0.06378752 0.6050895 0 0.06992546 0.5591716 0 0.06332597 0.6162463 0 0.04659999 0.533395 0 0.06683 0.53087 0 0.045575 0.451155 0 0.0727075 0.4470175 0 0.1118263 0.543536 0 0.126635 0.534075 0 0.12871 0.53056 0 0.09596249 0.50208 0 0.126635 0.534075 0 0.1359994 0.5793946 0 0.151015 0.563765 0 0.151015 0.563765 0 0.154305 0.562145 0 0.15824 0.58862 0 0.1281898 0.599685 0 0.15824 0.58862 0 0.16271 0.58913 0 0.056785 0.391955 0 0.03438 0.39472 0 0.03083 0.37325 0 0.05553 0.36471 0 0.1281898 0.599685 0 0.1396607 0.6149215 0 0.1599 0.60978 0 0.15824 0.58862 0 0.150035 0.66089 0 0.132971 0.6524971 0 0.28171 0.53625 0 0.292265 0.54837 0 0.320905 0.527605 0 0.317035 0.511735 0 0.320905 0.527605 0 0.74163 0.96671 0 0.72012 0.93816 0 0.73816 0.95269 0 0.79969 0.90814 0 0.47679 0.43721 0 0.47386 0.42229 0 0.4520875 0.4934225 0 0.48795 0.47369 0 0.408335 0.52556 0 0.41888 0.5185699 0 0.37102 0.52168 0 0.40073 0.535955 0 0.408335 0.52556 0 0.37391 0.50811 0 0.45887 0.16145 0 0.4601794 0.1411256 0 0.451905 0.13451 0 0.44857 0.17256 0 0.45887 0.16145 0 0.451905 0.13451 0 0.43567 0.13888 0 0.47238 0.2091 0 0.3971145 0.2301834 0 0.4278668 0.2677509 0 0.3698373 0.1780356 0 0.43567 0.13888 0 0.4599 0.11812 0 0.46046 0.10226 0 0.45192 0.10118 0 0.45227 0.1176 0 0.43683 0.09680998 0 0.434 0.11749 0 0.45227 0.1176 0 0.45192 0.10118 0 0.19511 0.72601 0 0.2071975 0.6914225 0 0.22061 0.72958 0 0.23185 0.69281 0 0.2071975 0.6914225 0 0.2104 0.72582 0 0.45227 0.1176 0 0.434 0.11749 0 0.3597395 0.1220626 0 0.434 0.11749 0 0.3633678 0.08510041 0 0.43683 0.09680998 0 0.24684 0.62638 0 0.21528 0.63608 0 0.24205 0.65139 0 0.25505 0.64516 0 0.263365 0.61937 0 0.24684 0.62638 0 0.25505 0.64516 0 0.26689 0.64486 0 0.21528 0.63608 0 0.26361 0.59524 0 0.25273 0.57697 0 0.26246 0.55922 0 0.32928 0.54965 0 0.36782 0.54335 0 0.38907 0.552735 0 0.28779 0.64066 0 0.28579 0.61966 0 0.292265 0.54837 0 0.31004 0.56674 0 0.28901 0.60212 0 0.35114 0.54263 0 0.32928 0.54965 0 0.3392845 0.5577612 0 0.3603997 0.5513348 0 0.9034525 0.1210138 0 0.90746 0.008639991 0 0.8579275 0.0116725 0 0.8617025 0.1209731 0 0.93398 0.01143998 0 0.90746 0.008639991 0 0.9034525 0.1210138 0 0.9331325 0.1211762 0 0.3848988 0.5588345 0 0.97087 0.02221 0 0.93398 0.01143998 0 0.9331325 0.1211762 0 0.9732832 0.1243844 0 0.2962277 0.6362262 0 0.2929918 0.619162 0 0.79473 0.01713002 0 0.76846 0.01258999 0 0.7739788 0.1180212 0 0.7983775 0.1173512 0 0.2959577 0.6031838 0 0.81921 0.01675999 0 0.79473 0.01713002 0 0.7983775 0.1173512 0 0.820695 0.1192163 0 0.820695 0.1192163 0 0.81921 0.01675999 0 0.2204847 0.4644248 0 0.3239645 0.3856145 0 0.1694621 0.3920406 0 0.2741228 0.3273485 0 0.10932 0.42432 0 0.16754 0.50118 0 0.1186608 0.2848257 0 0.2258937 0.2409127 0 0.04888 0.31177 0 0.2032336 0.1427342 0 0.08757737 0.1625398 0 0.01144 0.17392 0 0.08586895 0.07660627 0 0.2074884 0.07206589 0 0.00905 0.08094001 0 0.37391 0.50811 0 0.28171 0.53625 0 0.93262 0.311725 0 0.90471 0.30592 0 0.77386 0.4654 0 0.7952 0.44109 0 0.775535 0.418565 0 0.74702 0.434775 0 0.80481 0.45031 0 0.79078 0.4749 0 0.93952 0.388565 0 0.9362075 0.4321875 0 0.98081 0.4274 0 0.90681 0.37973 0 0.90573 0.418135 0 0.88606 0.40272 0 0.72566 0.48579 0 0.775555 0.50561 0 0.76068 0.49373 0 0.9362075 0.4321875 0 0.891895 0.45539 0 0.90381 0.475005 0 0.89226 0.46873 0 0.90381 0.475005 0 0.92193 0.4754 0 0.9362075 0.4321875 0 0.7388 0.49518 0 0.744785 0.502305 0 0.76068 0.49373 0 0.66278 0.52098 0 0.70872 0.4588 0 0.654635 0.491605 0 0.92193 0.4754 0 0.95984 0.47031 0 0.80946 0.32267 0 0.81295 0.33848 0 0.8753 0.33126 0 0.87744 0.31641 0 0.90471 0.30592 0 0.89369 0.30549 0 0.89369 0.30549 0 0.864565 0.307065 0 0.83703 0.30928 0 0.8278 0.30758 0 0.83703 0.30928 0 0.8059 0.31251 0 0.8278 0.30758 0 0.80799 0.4263 0 0.793345 0.40583 0 0.81582 0.43324 0 0.78102 0.38617 0 0.76345 0.39189 0 0.78102 0.38617 0 0.77921 0.37853 0 0.7613 0.38536 0 0.76345 0.39189 0 0.942795 0.36551 0 0.97517 0.38193 0 0.97063 0.36177 0 0.72792 0.41068 0 0.72165 0.40177 0 0.72792 0.41068 0 0.8838025 0.4431475 0 0.868225 0.43608 0 0.891895 0.45539 0 0.76037 0.50846 0 0.76037 0.50846 0 0.76068 0.49373 0 0.744785 0.502305 0 0.75462 0.50791 0 0.69555 0.43477 0 0.6551 0.45583 0 0.69251 0.42694 0 0.69555 0.43477 0 0.6551 0.45583 0 0.65178 0.45134 0 0.98097 0.46691 0 0.98768 0.5151 0 0.95866 0.543835 0 0.93107 0.55133 0 0.81676 0.34674 0 0.87854 0.33692 0 0.8753 0.33126 0 0.81295 0.33848 0 0.8810997 0.3171045 0 0.6466212 0.4928736 0 0.8670975 0.40735 0 0.8643025 0.3994425 0 0.836595 0.413595 0 0.841785 0.422755 0 0.8324525 0.4014875 0 0.836595 0.413595 0 0.8643025 0.3994425 0 0.85736 0.390695 0 0.841785 0.422755 0 0.84509 0.430205 0 0.86927 0.41498 0 0.8670975 0.40735 0 0.85736 0.390695 0 0.86495 0.38845 0 0.86264 0.37942 0 0.85534 0.38188 0 0.85247 0.43734 0 0.86927 0.41498 0 0.84509 0.430205 0 0.85534 0.38188 0 0.82894 0.391645 0 0.91688 0.3604 0 0.88125 0.34935 0 0.81676 0.34674 0 0.81567 0.36242 0 0.6466286 0.4963299 0 0.6581943 0.5221274 0 0.72566 0.48579 0 0.66278 0.52098 0 0.66404 0.5292798 0 0.7309039 0.5025388 0 0.81567 0.36242 0 0.82015 0.37969 0 0.88439 0.35613 0 0.2104 0.72582 0 0.35245 0.6787 0 0.3421 0.66158 0 0.3226525 0.6730175 0 0.33996 0.69895 0 0.35245 0.6787 0 0.3226525 0.6730175 0 0.30016 0.796625 0 0.3003 0.76165 0 0.25402 0.77591 0 0.26226 0.79575 0 0.30705 0.81855 0 0.314905 0.81378 0 0.30016 0.796625 0 0.32486 0.72368 0 0.30992 0.710795 0 0.31809 0.73505 0 0.29339 0.67367 0 0.2927 0.68007 0 0.27885 0.82258 0 0.27885 0.82258 0 0.30705 0.81855 0 0.27885 0.82258 0 0.27321 0.82906 0 0.2449 0.68493 0 0.2446 0.69805 0 0.25058 0.68561 0 0.2446 0.69805 0 0.24391 0.73019 0 0.250995 0.728575 0 0.25698 0.69724 0 0.25698 0.69724 0 0.250995 0.728575 0 0.29045 0.71581 0 0.27925 0.69427 0 0.25829 0.79908 0 0.27248 0.82053 0 0.27885 0.82258 0 0.26226 0.79575 0 0.339 0.72254 0 0.33996 0.69895 0 0.3421 0.66158 0 0.33134 0.63466 0 0.32063 0.63642 0 0.3226525 0.6730175 0 0.250965 0.75817 0 0.24519 0.74725 0 0.29045 0.71581 0 0.250995 0.728575 0 0.2984 0.73414 0 0.3003 0.76165 0 0.3002 0.74452 0 0.250965 0.75817 0 0.25402 0.77591 0 0.2986 0.66037 0 0.30441 0.6341 0 0.24959 0.77098 0 0.25402 0.77591 0 0.29916 0.68737 0 0.33996 0.69895 0 0.3226525 0.6730175 0 0.2927 0.68007 0 0.29916 0.68737 0 0.2986 0.66037 0 0.03503999 0.70502 0 0.83389 0.79023 0 0.79302 0.765 0 0.756945 0.8286 0 0.15736 0.73354 0 0.1488 0.7408 0 0.18454 0.78468 0 0.204605 0.758555 0 0.62574 0.724165 0 0.61136 0.69924 0 0.6353 0.70289 0 0.64853 0.727545 0 0.62241 0.69602 0 0.68627 0.713945 0 0.66601 0.69051 0 0.63326 0.69007 0 0.63326 0.69007 0 0.6201425 0.6841725 0 0.62241 0.69602 0 0.917995 0.69169 0 0.881685 0.67958 0 0.91287 0.7428 0 0.95666 0.72163 0 0.839975 0.914085 0 0.81938 0.88585 0 0.82254 0.90825 0 0.02709 0.72744 0 0.04253 0.72299 0 0.04232499 0.740745 0 0.02088 0.74642 0 0.03974 0.78087 0 0.02127499 0.785235 0 0.0880125 0.7316375 0 0.04232499 0.740745 0 0.064015 0.777995 0 0.03974 0.78087 0 0.09956499 0.7729 0 0.20968 0.81227 0 0.22523 0.769855 0 0.18237 0.81946 0 0.21527 0.83124 0 0.168175 0.787075 0 0.84351 0.89302 0 0.86327 0.93013 0 0.9083075 0.887915 0 0.885495 0.865095 0 0.02127499 0.785235 0 0.02384 0.82796 0 0.08494 0.827255 0 0.14535 0.81713 0 0.03491 0.83384 0 0.096455 0.869465 0 0.84573 0.98299 0 0.87943 0.962775 0 0.82278 0.95154 0 0.934555 0.84159 0 0.94763 0.7765 0 0.92565 0.799515 0 0.98553 0.77548 0 0.96253 0.806365 0 0.96253 0.806365 0 0.97999 0.81345 0 0.98553 0.77548 0 0.99259 0.917 0 0.9727 0.890275 0 0.97817 0.9329 0 0.961685 0.962465 0 0.940455 0.91544 0 0.94182 0.984575 0 0.89983 0.99468 0 0.23265 0.86768 0 0.19766 0.86539 0 0.32155 0.87014 0 0.43746 0.8468 0 0.34085 0.83911 0 0.3774 0.810745 0 0.34961 0.80123 0 0.34176 0.78581 0 0.34961 0.80123 0 0.36932 0.77541 0 0.36932 0.77541 0 0.20526 0.923555 0 0.268145 0.9286849 0 0.350965 0.9169525 0 0.440575 0.9104275 0 0.44167 0.81605 0 0.40217 0.78828 0 0.488015 0.8225549 0 0.4902725 0.8946025 0 0.5380138 0.865935 0 0.53673 0.75658 0 0.5459975 0.779935 0 0.66146 0.77185 0 0.66973 0.76155 0 0.648745 0.765555 0 0.7561675 0.76146 0 0.73896 0.75765 0 0.74427 0.76933 0 0.72814 0.74438 0 0.726 0.753435 0 0.737815 0.72299 0 0.66194 0.75121 0 0.648745 0.765555 0 0.66973 0.76155 0 0.66921 0.76015 0 0.66194 0.75121 0 0.690485 0.74967 0 0.68946 0.74108 0 0.66921 0.76015 0 0.63046 0.8059 0 0.652305 0.79804 0 0.62758 0.7651 0 0.6509825 0.85573 0 0.670705 0.81943 0 0.70464 0.855815 0 0.701365 0.82441 0 0.73963 0.805725 0 0.66287 0.94135 0 0.71738 0.90432 0 0.783815 0.8681051 0 0.11731 0.70478 0 0.07339 0.6871 0 0.09246 0.70994 0 0.64199 0.6905 0 0.702675 0.66322 0 0.81655 0.70863 0 0.86389 0.75139 0 0.61136 0.69924 0 0.64222 0.67836 0 0.66107 0.66507 0 0.68253 0.646325 0 0.628455 0.67221 0 0.64222 0.67836 0 0.633 0.66004 0 0.628455 0.67221 0 0.6201425 0.6841725 0 0.628455 0.67221 0 0.63045 0.64593 0 0.64331 0.64567 0 0.63791 0.63734 0 0.65611 0.64379 0 0.6679975 0.6364825 0 0.639945 0.62829 0 0.64057 0.62277 0 0.64496 0.61578 0 0.6679975 0.6364825 0 0.68331 0.62482 0 0.667785 0.60568 0 0.65652 0.61522 0 0.70795 0.62294 0 0.64496 0.61578 0 0.683175 0.59378 0 0.764465 0.63536 0 0.702865 0.58388 0 0.72633 0.56668 0 0.78373 0.59656 0 0.8108975 0.545305 0 0.75273 0.685075 0 0.83556 0.67206 0 0.84996 0.62997 0 0.87816 0.57813 0 0.91837 0.64558 0 0.9249815 0.5940937 0 0.94259 0.67687 0 0.82492 0.48917 0 0.8534 0.49984 0 0.88378 0.50474 0 0.8968199 0.50623 0 0.96738 0.64912 0 0.97388 0.69086 0 0.84351 0.89302 0 0.83068 0.87543 0 0.83068 0.87543 0 0.855965 0.838905 0 0.81938 0.84987 0 0.81938 0.88585 0 0.0880125 0.7316375 0 0.137825 0.758955 0 0.137825 0.758955 0 0.168175 0.787075 0 0.15189 0.85842 0 0.81289 0.93722 0 0.84351 0.89302 0 0.885495 0.865095 0 0.86463 0.80513 0 0.02968999 0.85008 0 0.96325 0.8604 0 0.978705 0.858135 0 0.934555 0.84159 0 0.90813 0.78723 0 0.28024 0.87649 0 0.1455775 0.9120175 0 0.490815 0.764275 0 0.4434 0.767585 0 0.4038 0.744765 0 0.40217 0.78828 0 0.379705 0.742475 0 0.36932 0.77541 0 0.490815 0.764275 0 0.84087 0.80093 0 0.97388 0.69086 0 0.94259 0.67687 0 0.917995 0.69169 0 0.95666 0.72163 0 0.66682 0.78388 0 0.70104 0.76971 0 0.66363 0.77129 0 0.68213 0.79416 0 0.66973 0.76155 0 0.70185 0.79644 0 0.72499 0.788295 0 0.73926 0.76808 0 0.73896 0.75765 0 0.726 0.753435 0 0.70104 0.76971 0 0.73896 0.75765 0 0.70104 0.76971 0 0.70104 0.76971 0 0.25058 0.68561 0 0.4743163 0.1755036 0 0.70926 0.76921 0 0.7056375 0.7689125 0 0.7086225 0.7711525 0 0.70847 0.77851 0 0.70446 0.77291 0 0.7056375 0.7689125 0 0.70926 0.76921 0 0.7086225 0.7711525 0 0.7006 0.7700675 0 0.7006 0.7700675 0 0.7056375 0.7689125 0 0.70417 0.77301 0 0.70801 0.77789 0 0.7086225 0.7711525 0 0.71189 0.77282 0 0.710295 0.7747926 0 0.71189 0.77282 0 0.710295 0.7747926 0 0.710295 0.7747926 0 0.71306 0.77737 0 0.711005 0.778215 0 0.71046 0.78441 0 0.710295 0.7747926 0 0.71306 0.77737 0 0.711005 0.778215 0 0.70968 0.78309 0 0.711005 0.778215 0 0.7094 0.7841 0 0.7094 0.7841 0 0.49705 0.05552 0 0.51192 0.05122 0 0.51267 0.06204998 0 0.4977 0.06204998 0 0.49512 0.04957002 0 0.50953 0.04082 0 0.49512 0.07453001 0 0.49705 0.06858003 0 0.51192 0.07288003 0 0.50954 0.08327997 0 0.52639 0.05106002 0 0.52686 0.06434 0 0.52488 0.03560001 0 0.52639 0.07761002 0 0.52488 0.08850998 0 0.54056 0.06434 0 0.54056 0.05026001 0 0.54056 0.03385001 0 0.54056 0.07841003 0 0.54056 0.09025002 0 0.55426 0.06434 0 0.55473 0.05106002 0 0.55624 0.03560001 0 0.55473 0.07761002 0 0.55624 0.08850002 0 0.5692 0.05122 0 0.56845 0.06204998 0 0.57159 0.04082 0 0.56921 0.07288003 0 0.57159 0.08327997 0 0.58407 0.05552 0 0.58342 0.06204998 0 0.586 0.04957002 0 0.58407 0.06858003 0 0.586 0.07453001 0 0.52824 0.17652 0 0.51945 0.17087 0 0.51518 0.19023 0 0.50266 0.18188 0 0.50336 0.13483 0 0.48482 0.14001 0 0.50343 0.14326 0 0.48387 0.15182 0 0.5933 0.37214 0 0.61916 0.38566 0 0.63085 0.34057 0 0.60509 0.33426 0 0.6695393 0.4062625 0 0.6929 0.3774 0 0.67455 0.36351 0 0.651 0.401645 0 0.50972 0.15627 0 0.4898 0.16763 0 0.54134 0.15617 0 0.53561 0.13992 0 0.546616 0.3388734 0 0.54408 0.3440247 0 0.5620263 0.3547797 0 0.5717824 0.358409 0 0.5194537 0.3432507 0 0.5113546 0.3355827 0 0.56471 0.32518 0 0.503595 0.31663 0 0.55242 0.37016 0 0.559585 0.374555 0 0.54101 0.3854 0 0.546775 0.39018 0 0.52639 0.39658 0 0.53171 0.4032 0 0.5225 0.13314 0 0.4990553 0.3921816 0 0.5024024 0.390069 0 0.4988523 0.3702027 0 0.4895242 0.3693 0 0.5181348 0.412013 0 0.513541 0.4035647 0 0.4928124 0.3487369 0 0.5037751 0.3563811 0 0.4928124 0.3487369 0 0.5113546 0.3355827 0 0.503595 0.31663 0 0.4764525 0.3390375 0 0.47397 0.37222 0 0.4895242 0.3693 0 0.4990553 0.3921816 0 0.485105 0.412345 0 0.5181348 0.412013 0 0.68104 0.01621997 0 0.691515 0.03854251 0 0.70153 0.01700002 0 0.68894 0.007290006 0 0.71734 0.02297503 0 0.714475 0.04361999 0 0.67246 0.02236998 0 0.67011 0.03669 0 0.68104 0.01621997 0 0.67246 0.02236998 0 0.66541 0.01257998 0 0.6527525 0.02990502 0 0.67011 0.03669 0 0.6866573 0.41171 0 0.70971 0.39117 0 0.65154 0.003750026 0 0.6527525 0.02990502 0 0.66541 0.01257998 0 0.66427 0.001810014 0 0.63714 0.007430017 0 0.63794 0.02888501 0 0.61916 0.38566 0 0.654285 0.35044 0 0.63085 0.34057 0 0.72957 0.02368999 0 0.729735 0.04433501 0 0.741665 0.04277998 0 0.73937 0.02217001 0 0.72957 0.02368999 0 0.729735 0.04433501 0 0.63721 0.39488 0 0.654285 0.35044 0 0.691515 0.03854251 0 0.67011 0.03669 0 0.63402 0.15245 0 0.669345 0.16302 0 0.669345 0.16302 0 0.707935 0.171845 0 0.73518 0.17316 0 0.75759 0.16848 0 0.73518 0.17316 0 0.57748 0.13486 0 0.605235 0.1427 0 0.605235 0.1427 0 0.63402 0.15245 0 0.57418 0.21796 0 0.61301 0.23161 0 0.61301 0.23161 0 0.66002 0.24245 0 0.66002 0.24245 0 0.70151 0.246565 0 0.73497 0.24681 0 0.73497 0.24681 0 0.7595 0.2468 0 0.54051 0.2019 0 0.57418 0.21796 0 0.38015 0.04122001 0 0.37327 0.01463997 0 0.370495 0.03033501 0 0.39575 0.03926998 0 0.39006 0.007170022 0 0.41899 0.03864002 0 0.421485 0.005644977 0 0.44848 0.04389 0 0.464195 0.01433003 0 0.4669775 0.03405499 0 0.7087151 0.2889025 0 0.7402 0.29106 0 0.7161458 0.2678156 0 0.7461 0.27594 0 0.51791 0.20256 0 0.50265 0.24607 0 0.5968235 0.2746471 0 0.6067334 0.2376465 0 0.66581 0.7849 0 0.68089 0.79735 0 0.70178 0.801 0 0.72808 0.79202 0 0.56149 0.4155 0 0.02384 0.82796 0 0.3510758 0.5670297 0 0.3486543 0.5652756 0 0.3519639 0.5702488 0 0.350838 0.5744445 0 0.3489261 0.5761853 0 0.5968235 0.2746471 0 0.7087151 0.2889025 0 0.63721 0.39488 0 0.691515 0.03854251 0 0.531485 0.482765 0 0.30992 0.710795 0 0.4434 0.767585 0 0.237255 0.792 0 0.25077 0.81289 0 0.7388 0.49518 0</float_array>
          <technique_common>
            <accessor source="#geom-alice_lod1-map1-array" count="1882" stride="3">
              <param name="S" type="float"/>
              <param name="T" type="float"/>
              <param name="P" type="float"/>
            </accessor>
          </technique_common>
        </source>
        <vertices id="geom-alice_lod1-vertices">
          <input semantic="POSITION" source="#geom-alice_lod1-positions"/>
        </vertices>
        <triangles material="alice_mat" count="1882">
          <input semantic="VERTEX" source="#geom-alice_lod1-vertices" offset="0"/>
          <input semantic="NORMAL" source="#geom-alice_lod1-normals" offset="1"/>
          <input semantic="TEXCOORD" source="#geom-alice_lod1-map1" offset="2" set="0"/>
          <p>0 0 0 1 1 1 2 2 2 2 2 2 3 3 3 0 0 0 4 4 4 5 5 5 3 3 3 6 6 6 7 7 7 8 8 8 9 9 9 10 10 10 11 11 11 11 11 11 12 12 12 9 9 9 13 13 13 14 14 14 15 15 15 14 14 14 16 16 16 17 17 17 15 15 15 14 14 14 17 17 17 15 15 15 17 17 17 18 18 18 19 19 19 20 20 20 21 21 21 22 22 22 23 23 23 24 24 24 25 25 25 26 26 26 27 27 27 28 28 28 29 29 29 30 30 30 30 30 30 31 31 31 28 28 28 32 32 32 33 33 33 34 34 34 35 35 35 36 36 36 37 37 37 37 37 37 38 38 38 35 35 35 39 39 39 40 40 40 41 41 41 42 42 42 43 43 43 44 44 44 44 44 44 45 45 45 42 42 42 11 11 11 44 44 44 43 43 43 43 43 43 12 12 12 11 11 11 0 0 0 3 3 3 5 5 5 46 46 46 47 47 47 48 48 48 48 48 48 49 49 49 46 46 46 49 49 49 48 48 48 50 50 50 51 51 51 3 3 3 2 2 2 2 2 2 52 52 52 51 51 51 53 53 53 54 54 54 55 55 55 56 56 56 57 57 57 58 58 58 58 58 58 59 59 59 56 56 56 60 60 60 61 61 61 57 57 57 57 57 57 62 62 62 60 60 60 63 63 63 64 64 64 65 65 65 18 18 18 17 17 17 66 66 66 66 66 66 67 67 67 18 18 18 68 68 68 29 29 29 28 28 28 28 28 28 69 69 69 68 68 68 70 70 70 71 71 71 35 35 35 35 35 35 38 38 38 70 70 70 72 72 72 73 73 73 74 74 74 74 74 74 75 75 75 72 72 72 76 76 76 77 77 77 78 78 78 78 78 78 79 79 79 76 76 76 80 80 80 81 81 81 82 82 82 83 83 83 84 84 84 82 82 82 85 85 85 80 80 80 82 82 82 86 86 86 87 87 87 88 88 88 89 89 89 90 90 90 91 91 91 91 91 91 92 92 92 89 89 89 90 90 90 93 93 93 94 94 94 94 94 94 91 91 91 90 90 90 95 95 95 96 96 96 97 97 97 98 98 98 99 99 99 100 100 100 101 101 101 102 102 102 103 103 103 104 104 104 105 105 105 106 106 106 107 107 107 104 104 104 106 106 106 108 108 108 109 109 109 110 110 110 111 111 111 110 110 110 109 109 109 103 103 103 112 112 112 113 113 113 112 112 112 114 114 114 113 113 113 115 115 115 116 116 116 117 117 117 118 118 118 119 119 119 120 120 120 110 110 110 121 121 121 108 108 108 117 117 117 121 121 121 110 110 110 122 122 122 123 123 123 124 124 124 125 125 125 126 126 126 127 127 127 121 121 121 117 117 117 116 116 116 128 128 128 129 129 129 130 130 130 131 131 131 130 130 130 129 129 129 132 132 132 133 133 133 134 134 134 134 134 134 135 135 135 136 136 136 134 134 134 133 133 133 135 135 135 135 135 135 133 133 133 137 137 137 83 83 83 138 138 138 84 84 84 82 82 82 139 139 139 83 83 83 140 140 140 138 138 138 83 83 83 141 141 141 81 81 81 142 142 142 142 142 142 88 88 88 141 141 141 87 87 87 143 143 143 88 88 88 88 88 88 142 142 142 144 144 144 144 144 144 145 145 145 88 88 88 88 88 88 145 145 145 146 146 146 146 146 146 86 86 86 88 88 88 147 147 147 87 87 87 86 86 86 86 86 86 148 148 148 147 147 147 149 149 149 150 150 150 151 151 151 152 152 152 147 147 147 148 148 148 148 148 148 153 153 153 152 152 152 150 150 150 149 149 149 154 154 154 154 154 154 155 155 155 150 150 150 156 156 156 157 157 157 152 152 152 152 152 152 153 153 153 156 156 156 154 154 154 158 158 158 159 159 159 159 159 159 155 155 155 154 154 154 145 145 145 160 160 160 161 161 161 161 161 161 146 146 146 145 145 145 144 144 144 162 162 162 160 160 160 160 160 160 145 145 145 144 144 144 163 163 163 164 164 164 160 160 160 160 160 160 162 162 162 163 163 163 161 161 161 160 160 160 164 164 164 164 164 164 165 165 165 161 161 161 166 166 166 89 89 89 92 92 92 92 92 92 167 167 167 166 166 166 168 168 168 169 169 169 170 170 170 170 170 170 171 171 171 168 168 168 158 158 158 98 98 98 100 100 100 100 100 100 159 159 159 158 158 158 172 172 172 173 173 173 171 171 171 171 171 171 170 170 170 172 172 172 174 174 174 173 173 173 172 172 172 172 172 172 175 175 175 174 174 174 176 176 176 177 177 177 122 122 122 122 122 122 124 124 124 176 176 176 178 178 178 179 179 179 180 180 180 180 180 180 181 181 181 178 178 178 105 105 105 104 104 104 128 128 128 128 128 128 182 182 182 105 105 105 183 183 183 184 184 184 185 185 185 185 185 185 114 114 114 183 183 183 118 118 118 120 120 120 186 186 186 186 186 186 187 187 187 118 118 118 120 120 120 188 188 188 189 189 189 189 189 189 186 186 186 120 120 120 190 190 190 120 120 120 119 119 119 116 116 116 191 191 191 192 192 192 192 192 192 121 121 121 116 116 116 193 193 193 121 121 121 192 192 192 192 192 192 194 194 194 193 193 193 188 188 188 120 120 120 190 190 190 190 190 190 195 195 195 188 188 188 196 196 196 109 109 109 108 108 108 108 108 108 197 197 197 196 196 196 198 198 198 199 199 199 200 200 200 200 200 200 201 201 201 198 198 198 197 197 197 108 108 108 121 121 121 121 121 121 193 193 193 197 197 197 202 202 202 203 203 203 204 204 204 205 205 205 206 206 206 207 207 207 207 207 207 208 208 208 205 205 205 209 209 209 210 210 210 211 211 211 211 211 211 90 90 90 209 209 209 212 212 212 93 93 93 211 211 211 93 93 93 212 212 212 213 213 213 210 210 210 209 209 209 214 214 214 214 214 214 215 215 215 210 210 210 216 216 216 217 217 217 218 218 218 218 218 218 219 219 219 216 216 216 220 220 220 221 221 221 222 222 222 222 222 222 223 223 223 220 220 220 224 224 224 225 225 225 226 226 226 226 226 226 227 227 227 224 224 224 216 216 216 204 204 204 203 203 203 203 203 203 217 217 217 216 216 216 228 228 228 229 229 229 230 230 230 230 230 230 231 231 231 228 228 228 207 207 207 206 206 206 232 232 232 232 232 232 233 233 233 207 207 207 234 234 234 235 235 235 213 213 213 213 213 213 212 212 212 234 234 234 236 236 236 237 237 237 235 235 235 235 235 235 234 234 234 236 236 236 238 238 238 239 239 239 237 237 237 237 237 237 236 236 236 238 238 238 240 240 240 241 241 241 242 242 242 242 242 242 243 243 243 240 240 240 244 244 244 245 245 245 246 246 246 246 246 246 247 247 247 244 244 244 242 242 242 231 231 231 230 230 230 230 230 230 243 243 243 242 242 242 125 125 125 127 127 127 247 247 247 247 247 247 248 248 248 125 125 125 244 244 244 247 247 247 127 127 127 248 248 248 249 249 249 250 250 250 250 250 250 125 125 125 248 248 248 227 227 227 226 226 226 249 249 249 249 249 249 248 248 248 227 227 227 251 251 251 244 244 244 127 127 127 127 127 127 126 126 126 251 251 251 252 252 252 136 136 136 251 251 251 251 251 251 126 126 126 252 252 252 253 253 253 134 134 134 136 136 136 136 136 136 252 252 252 253 253 253 182 182 182 128 128 128 130 130 130 130 130 130 254 254 254 182 182 182 255 255 255 198 198 198 201 201 201 201 201 201 256 256 256 255 255 255 257 257 257 245 245 245 244 244 244 244 244 244 258 258 258 257 257 257 254 254 254 259 259 259 260 260 260 260 260 260 182 182 182 254 254 254 136 136 136 135 135 135 261 261 261 261 261 261 251 251 251 136 136 136 261 261 261 258 258 258 244 244 244 244 244 244 251 251 251 261 261 261 262 262 262 263 263 263 264 264 264 264 264 264 265 265 265 262 262 262 266 266 266 267 267 267 268 268 268 268 268 268 269 269 269 266 266 266 270 270 270 271 271 271 272 272 272 272 272 272 273 273 273 270 270 270 255 255 255 263 263 263 262 262 262 274 274 274 263 263 263 255 255 255 255 255 255 256 256 256 274 274 274 275 275 275 276 276 276 277 277 277 277 277 277 278 278 278 275 275 275 279 279 279 257 257 257 258 258 258 258 258 258 280 280 280 279 279 279 281 281 281 282 282 282 283 283 283 283 283 283 284 284 284 281 281 281 261 261 261 285 285 285 280 280 280 280 280 280 258 258 258 261 261 261 286 286 286 287 287 287 288 288 288 288 288 288 289 289 289 286 286 286 285 285 285 261 261 261 135 135 135 135 135 135 137 137 137 285 285 285 290 290 290 291 291 291 268 268 268 268 268 268 267 267 267 290 290 290 292 292 292 293 293 293 294 294 294 294 294 294 295 295 295 292 292 292 296 296 296 297 297 297 293 293 293 293 293 293 292 292 292 296 296 296 292 292 292 298 298 298 299 299 299 299 299 299 296 296 296 292 292 292 300 300 300 301 301 301 297 297 297 297 297 297 296 296 296 300 300 300 302 302 302 300 300 300 296 296 296 296 296 296 299 299 299 302 302 302 303 303 303 301 301 301 300 300 300 300 300 300 304 304 304 303 303 303 304 304 304 300 300 300 302 302 302 302 302 302 305 305 305 304 304 304 306 306 306 307 307 307 303 303 303 303 303 303 304 304 304 306 306 306 305 305 305 308 308 308 306 306 306 306 306 306 304 304 304 305 305 305 307 307 307 306 306 306 309 309 309 309 309 309 310 310 310 307 307 307 306 306 306 308 308 308 311 311 311 311 311 311 309 309 309 306 306 306 103 103 103 113 113 113 101 101 101 104 104 104 312 312 312 129 129 129 129 129 129 128 128 128 104 104 104 253 253 253 313 313 313 132 132 132 132 132 132 134 134 134 253 253 253 314 314 314 315 315 315 277 277 277 277 277 277 276 276 276 314 314 314 316 316 316 317 317 317 318 318 318 318 318 318 319 319 319 316 316 316 320 320 320 321 321 321 319 319 319 316 316 316 319 319 319 321 321 321 322 322 322 323 323 323 324 324 324 322 322 322 325 325 325 326 326 326 324 324 324 325 325 325 322 322 322 327 327 327 326 326 326 325 325 325 316 316 316 328 328 328 317 317 317 329 329 329 330 330 330 316 316 316 316 316 316 321 321 321 329 329 329 331 331 331 332 332 332 333 333 333 334 334 334 333 333 333 332 332 332 335 335 335 336 336 336 337 337 337 338 338 338 339 339 339 340 340 340 341 341 341 342 342 342 343 343 343 343 343 343 328 328 328 341 341 341 344 344 344 324 324 324 345 345 345 346 346 346 347 347 347 348 348 348 348 348 348 349 349 349 346 346 346 350 350 350 351 351 351 272 272 272 272 272 272 271 271 271 350 350 350 352 352 352 353 353 353 267 267 267 267 267 267 266 266 266 352 352 352 267 267 267 353 353 353 354 354 354 354 354 354 290 290 290 267 267 267 287 287 287 355 355 355 356 356 356 356 356 356 288 288 288 287 287 287 282 282 282 357 357 357 358 358 358 358 358 358 283 283 283 282 282 282 318 318 318 359 359 359 360 360 360 360 360 360 319 319 319 318 318 318 319 319 319 360 360 360 361 361 361 361 361 361 320 320 320 319 319 319 359 359 359 318 318 318 362 362 362 362 362 362 363 363 363 359 359 359 364 364 364 365 365 365 366 366 366 366 366 366 367 367 367 364 364 364 368 368 368 369 369 369 370 370 370 370 370 370 322 322 322 368 368 368 362 362 362 318 318 318 317 317 317 317 317 317 371 371 371 362 362 362 372 372 372 366 366 366 365 365 365 365 365 365 373 373 373 372 372 372 374 374 374 375 375 375 327 327 327 327 327 327 325 325 325 374 374 374 324 324 324 376 376 376 374 374 374 374 374 374 325 325 325 324 324 324 330 330 330 329 329 329 377 377 377 378 378 378 379 379 379 380 380 380 380 380 380 381 381 381 378 378 378 317 317 317 328 328 328 343 343 343 382 382 382 371 371 371 317 317 317 317 317 317 343 343 343 382 382 382 343 343 343 342 342 342 383 383 383 383 383 383 382 382 382 343 343 343 384 384 384 372 372 372 373 373 373 373 373 373 385 385 385 384 384 384 386 386 386 387 387 387 384 384 384 384 384 384 385 385 385 386 386 386 388 388 388 345 345 345 324 324 324 324 324 324 323 323 323 388 388 388 389 389 389 390 390 390 345 345 345 345 345 345 388 388 388 389 389 389 344 344 344 345 345 345 390 390 390 390 390 390 391 391 391 344 344 344 392 392 392 393 393 393 394 394 394 394 394 394 395 395 395 392 392 392 347 347 347 396 396 396 395 395 395 395 395 395 348 348 348 347 347 347 342 342 342 397 397 397 387 387 387 387 387 387 383 383 383 342 342 342 398 398 398 399 399 399 400 400 400 400 400 400 401 401 401 398 398 398 402 402 402 403 403 403 404 404 404 404 404 404 405 405 405 402 402 402 406 406 406 407 407 407 408 408 408 408 408 408 409 409 409 406 406 406 410 410 410 411 411 411 412 412 412 412 412 412 413 413 413 410 410 410 414 414 414 415 415 415 416 416 416 417 417 417 403 403 403 402 402 402 402 402 402 418 418 418 417 417 417 322 322 322 326 326 326 419 419 419 419 419 419 368 368 368 322 322 322 420 420 420 421 421 421 422 422 422 422 422 422 395 395 395 420 420 420 423 423 423 342 342 342 341 341 341 341 341 341 424 424 424 423 423 423 425 425 425 426 426 426 427 427 427 427 427 427 428 428 428 425 425 425 420 420 420 429 429 429 430 430 430 430 430 430 431 431 431 420 420 420 264 264 264 137 137 137 265 265 265 137 137 137 133 133 133 265 265 265 115 115 115 432 432 432 433 433 433 433 433 433 116 116 116 115 115 115 191 191 191 116 116 116 433 433 433 433 433 433 434 434 434 191 191 191 435 435 435 224 224 224 227 227 227 436 436 436 437 437 437 438 438 438 439 439 439 440 440 440 441 441 441 442 442 442 443 443 443 444 444 444 444 444 444 445 445 445 442 442 442 446 446 446 447 447 447 448 448 448 449 449 449 450 450 450 451 451 451 452 452 452 437 437 437 453 453 453 454 454 454 455 455 455 446 446 446 446 446 446 456 456 456 454 454 454 442 442 442 457 457 457 458 458 458 459 459 459 460 460 460 461 461 461 461 461 461 462 462 462 459 459 459 463 463 463 464 464 464 465 465 465 466 466 466 467 467 467 468 468 468 468 468 468 469 469 469 466 466 466 470 470 470 471 471 471 472 472 472 472 472 472 473 473 473 470 470 470 474 474 474 475 475 475 476 476 476 476 476 476 477 477 477 474 474 474 478 478 478 449 449 449 479 479 479 480 480 480 481 481 481 482 482 482 482 482 482 483 483 483 480 480 480 484 484 484 485 485 485 469 469 469 469 469 469 468 468 468 484 484 484 486 486 486 487 487 487 488 488 488 489 489 489 490 490 490 491 491 491 491 491 491 492 492 492 489 489 489 493 493 493 456 456 456 446 446 446 446 446 446 448 448 448 493 493 493 494 494 494 495 495 495 482 482 482 482 482 482 481 481 481 494 494 494 479 479 479 449 449 449 451 451 451 496 496 496 497 497 497 475 475 475 475 475 475 474 474 474 496 496 496 481 481 481 498 498 498 499 499 499 500 500 500 501 501 501 502 502 502 452 452 452 503 503 503 437 437 437 139 139 139 141 141 141 143 143 143 143 143 143 141 141 141 88 88 88 504 504 504 505 505 505 506 506 506 507 507 507 508 508 508 509 509 509 510 510 510 511 511 511 512 512 512 513 513 513 511 511 511 510 510 510 514 514 514 515 515 515 516 516 516 516 516 516 517 517 517 514 514 514 518 518 518 519 519 519 514 514 514 520 520 520 514 514 514 517 517 517 514 514 514 520 520 520 518 518 518 519 519 519 521 521 521 522 522 522 518 518 518 520 520 520 523 523 523 524 524 524 525 525 525 526 526 526 527 527 527 528 528 528 529 529 529 530 530 530 528 528 528 527 527 527 531 531 531 532 532 532 533 533 533 534 534 534 505 505 505 535 535 535 535 535 535 536 536 536 534 534 534 534 534 534 536 536 536 537 537 537 537 537 537 536 536 536 538 538 538 539 539 539 537 537 537 538 538 538 540 540 540 541 541 541 542 542 542 543 543 543 542 542 542 541 541 541 541 541 541 540 540 540 544 544 544 511 511 511 545 545 545 546 546 546 547 547 547 511 511 511 546 546 546 546 546 546 548 548 548 547 547 547 511 511 511 547 547 547 549 549 549 550 550 550 551 551 551 552 552 552 551 551 551 550 550 550 553 553 553 554 554 554 555 555 555 556 556 556 557 557 557 544 544 544 558 558 558 557 557 557 559 559 559 560 560 560 544 544 544 557 557 557 541 541 541 561 561 561 562 562 562 563 563 563 553 553 553 564 564 564 551 551 551 565 565 565 566 566 566 567 567 567 567 567 567 566 566 566 568 568 568 569 569 569 570 570 570 571 571 571 572 572 572 573 573 573 574 574 574 575 575 575 576 576 576 577 577 577 563 563 563 577 577 577 576 576 576 563 563 563 576 576 576 578 578 578 579 579 579 580 580 580 547 547 547 547 547 547 548 548 548 579 579 579 581 581 581 582 582 582 583 583 583 584 584 584 582 582 582 585 585 585 586 586 586 587 587 587 588 588 588 584 584 584 585 585 585 589 589 589 579 579 579 590 590 590 580 580 580 579 579 579 591 591 591 590 590 590 592 592 592 581 581 581 593 593 593 583 583 583 584 584 584 594 594 594 584 584 584 595 595 595 594 594 594 589 589 589 595 595 595 584 584 584 596 596 596 597 597 597 598 598 598 599 599 599 600 600 600 601 601 601 601 601 601 602 602 602 599 599 599 603 603 603 604 604 604 605 605 605 606 606 606 607 607 607 608 608 608 608 608 608 609 609 609 610 610 610 610 610 610 606 606 606 608 608 608 611 611 611 606 606 606 610 610 610 612 612 612 613 613 613 614 614 614 614 614 614 615 615 615 612 612 612 616 616 616 604 604 604 519 519 519 617 617 617 618 618 618 616 616 616 616 616 616 619 619 619 617 617 617 619 619 619 616 616 616 519 519 519 519 519 519 522 522 522 619 619 619 619 619 619 610 610 610 609 609 609 609 609 609 617 617 617 619 619 619 610 610 610 619 619 619 522 522 522 522 522 522 611 611 611 610 610 610 620 620 620 621 621 621 604 604 604 604 604 604 622 622 622 620 620 620 623 623 623 620 620 620 622 622 622 622 622 622 624 624 624 623 623 623 621 621 621 514 514 514 519 519 519 519 519 519 604 604 604 621 621 621 625 625 625 626 626 626 621 621 621 621 621 621 620 620 620 625 625 625 514 514 514 621 621 621 626 626 626 626 626 626 515 515 515 514 514 514 627 627 627 625 625 625 620 620 620 620 620 620 623 623 623 627 627 627 623 623 623 624 624 624 628 628 628 628 628 628 629 629 629 623 623 623 630 630 630 508 508 508 629 629 629 629 629 629 628 628 628 630 630 630 630 630 630 606 606 606 509 509 509 509 509 509 508 508 508 630 630 630 631 631 631 632 632 632 627 627 627 627 627 627 623 623 623 631 631 631 633 633 633 631 631 631 623 623 623 623 623 623 629 629 629 633 633 633 634 634 634 633 633 633 508 508 508 635 635 635 636 636 636 637 637 637 637 637 637 636 636 636 505 505 505 505 505 505 504 504 504 637 637 637 510 510 510 512 512 512 636 636 636 636 636 636 635 635 635 510 510 510 519 519 519 518 518 518 638 638 638 638 638 638 521 521 521 519 519 519 521 521 521 639 639 639 522 522 522 522 522 522 639 639 639 611 611 611 509 509 509 611 611 611 640 640 640 509 509 509 641 641 641 507 507 507 642 642 642 643 643 643 526 526 526 526 526 526 644 644 644 642 642 642 638 638 638 518 518 518 523 523 523 523 523 523 645 645 645 638 638 638 521 521 521 638 638 638 645 645 645 645 645 645 646 646 646 521 521 521 521 521 521 646 646 646 647 647 647 647 647 647 639 639 639 521 521 521 648 648 648 649 649 649 524 524 524 524 524 524 526 526 526 648 648 648 645 645 645 650 650 650 651 651 651 651 651 651 646 646 646 645 645 645 652 652 652 653 653 653 654 654 654 654 654 654 655 655 655 652 652 652 656 656 656 657 657 657 651 651 651 651 651 651 650 650 650 656 656 656 658 658 658 651 651 651 657 657 657 657 657 657 659 659 659 658 658 658 658 658 658 660 660 660 651 651 651 659 659 659 661 661 661 662 662 662 662 662 662 658 658 658 659 659 659 660 660 660 658 658 658 662 662 662 663 663 663 646 646 646 660 660 660 664 664 664 647 647 647 663 663 663 663 663 663 662 662 662 664 664 664 661 661 661 665 665 665 666 666 666 666 666 666 662 662 662 661 661 661 662 662 662 666 666 666 664 664 664 667 667 667 668 668 668 669 669 669 669 669 669 670 670 670 667 667 667 669 669 669 668 668 668 671 671 671 664 664 664 672 672 672 673 673 673 673 673 673 674 674 674 664 664 664 647 647 647 674 674 674 675 675 675 675 675 675 639 639 639 647 647 647 676 676 676 677 677 677 678 678 678 678 678 678 672 672 672 676 676 676 676 676 676 672 672 672 664 664 664 674 674 674 673 673 673 679 679 679 679 679 679 675 675 675 674 674 674 672 672 672 678 678 678 680 680 680 680 680 680 673 673 673 672 672 672 673 673 673 680 680 680 681 681 681 681 681 681 679 679 679 673 673 673 682 682 682 639 639 639 675 675 675 679 679 679 681 681 681 683 683 683 683 683 683 684 684 684 679 679 679 684 684 684 675 675 675 679 679 679 685 685 685 686 686 686 682 682 682 682 682 682 684 684 684 685 685 685 684 684 684 687 687 687 685 685 685 686 686 686 685 685 685 688 688 688 528 528 528 641 641 641 529 529 529 689 689 689 690 690 690 640 640 640 682 682 682 686 686 686 691 691 691 691 691 691 690 690 690 682 682 682 691 691 691 686 686 686 692 692 692 690 690 690 691 691 691 529 529 529 693 693 693 529 529 529 691 691 691 693 693 693 691 691 691 692 692 692 693 693 693 692 692 692 694 694 694 529 529 529 693 693 693 527 527 527 695 695 695 527 527 527 693 693 693 688 688 688 696 696 696 697 697 697 688 688 688 697 697 697 698 698 698 692 692 692 698 698 698 699 699 699 692 692 692 699 699 699 700 700 700 700 700 700 694 694 694 692 692 692 693 693 693 694 694 694 701 701 701 695 695 695 693 693 693 701 701 701 701 701 701 702 702 702 695 695 695 703 703 703 533 533 533 704 704 704 705 705 705 706 706 706 707 707 707 707 707 707 708 708 708 705 705 705 505 505 505 534 534 534 506 506 506 505 505 505 636 636 636 535 535 535 636 636 636 512 512 512 709 709 709 709 709 709 710 710 710 636 636 636 512 512 512 511 511 511 549 549 549 549 549 549 709 709 709 512 512 512 506 506 506 534 534 534 537 537 537 537 537 537 711 711 711 506 506 506 535 535 535 710 710 710 536 536 536 539 539 539 711 711 711 537 537 537 544 544 544 540 540 540 712 712 712 558 558 558 713 713 713 547 547 547 547 547 547 580 580 580 714 714 714 714 714 714 558 558 558 547 547 547 531 531 531 552 552 552 715 715 715 531 531 531 550 550 550 552 552 552 708 708 708 716 716 716 717 717 717 717 717 717 705 705 705 708 708 708 708 708 708 718 718 718 567 567 567 563 563 563 552 552 552 551 551 551 551 551 551 577 577 577 563 563 563 552 552 552 562 562 562 715 715 715 559 559 559 557 557 557 558 558 558 558 558 558 714 714 714 559 559 559 719 719 719 559 559 559 720 720 720 720 720 720 721 721 721 719 719 719 560 560 560 554 554 554 543 543 543 543 543 543 557 557 557 560 560 560 722 722 722 577 577 577 551 551 551 551 551 551 564 564 564 722 722 722 723 723 723 574 574 574 722 722 722 574 574 574 577 577 577 722 722 722 569 569 569 722 722 722 564 564 564 567 567 567 716 716 716 708 708 708 724 724 724 567 567 567 568 568 568 725 725 725 565 565 565 567 567 567 573 573 573 577 577 577 574 574 574 575 575 575 577 577 577 573 573 573 591 591 591 579 579 579 726 726 726 726 726 726 581 581 581 592 592 592 592 592 592 591 591 591 726 726 726 559 559 559 727 727 727 728 728 728 728 728 728 720 720 720 559 559 559 559 559 559 714 714 714 727 727 727 580 580 580 590 590 590 727 727 727 727 727 727 714 714 714 580 580 580 727 727 727 590 590 590 729 729 729 729 729 729 728 728 728 727 727 727 590 590 590 591 591 591 730 730 730 730 730 730 729 729 729 590 590 590 731 731 731 730 730 730 591 591 591 591 591 591 592 592 592 731 731 731 731 731 731 592 592 592 593 593 593 593 593 593 732 732 732 731 731 731 732 732 732 593 593 593 598 598 598 598 598 598 733 733 733 732 732 732 583 583 583 598 598 598 593 593 593 583 583 583 594 594 594 596 596 596 596 596 596 594 594 594 734 734 734 735 735 735 736 736 736 737 737 737 738 738 738 737 737 737 736 736 736 736 736 736 739 739 739 738 738 738 740 740 740 735 735 735 741 741 741 741 741 741 742 742 742 740 740 740 741 741 741 735 735 735 737 737 737 737 737 737 743 743 743 741 741 741 738 738 738 744 744 744 743 743 743 743 743 743 737 737 737 738 738 738 733 733 733 598 598 598 745 745 745 707 707 707 746 746 746 708 708 708 525 525 525 644 644 644 526 526 526 747 747 747 748 748 748 749 749 749 749 749 749 750 750 750 747 747 747 544 544 544 712 712 712 713 713 713 713 713 713 558 558 558 544 544 544 541 541 541 557 557 557 543 543 543 734 734 734 602 602 602 596 596 596 751 751 751 599 599 599 602 602 602 602 602 602 734 734 734 751 751 751 578 578 578 561 561 561 563 563 563 752 752 752 753 753 753 754 754 754 755 755 755 752 752 752 754 754 754 753 753 753 756 756 756 754 754 754 757 757 757 755 755 755 754 754 754 758 758 758 757 757 757 754 754 754 759 759 759 758 758 758 754 754 754 760 760 760 759 759 759 754 754 754 761 761 761 762 762 762 763 763 763 614 614 614 613 613 613 764 764 764 618 618 618 617 617 617 765 765 765 617 617 617 609 609 609 765 765 765 723 723 723 722 722 722 571 571 571 569 569 569 571 571 571 722 722 722 719 719 719 560 560 560 559 559 559 554 554 554 560 560 560 555 555 555 766 766 766 467 467 467 466 466 466 767 767 767 202 202 202 204 204 204 768 768 768 769 769 769 770 770 770 770 770 770 769 769 769 771 771 771 772 772 772 770 770 770 771 771 771 773 773 773 774 774 774 775 775 775 772 772 772 776 776 776 770 770 770 777 777 777 778 778 778 779 779 779 780 780 780 781 781 781 778 778 778 773 773 773 778 778 778 774 774 774 782 782 782 783 783 783 769 769 769 769 769 769 784 784 784 785 785 785 780 780 780 786 786 786 774 774 774 783 783 783 771 771 771 769 769 769 787 787 787 788 788 788 783 783 783 771 771 771 783 783 783 788 788 788 788 788 788 789 789 789 771 771 771 790 790 790 791 791 791 792 792 792 793 793 793 783 783 783 780 780 780 794 794 794 793 793 793 795 795 795 789 789 789 788 788 788 796 796 796 797 797 797 798 798 798 799 799 799 799 799 799 800 800 800 797 797 797 801 801 801 797 797 797 800 800 800 800 800 800 802 802 802 801 801 801 803 803 803 804 804 804 805 805 805 805 805 805 806 806 806 803 803 803 798 798 798 806 806 806 805 805 805 805 805 805 799 799 799 798 798 798 800 800 800 799 799 799 807 807 807 807 807 807 808 808 808 800 800 800 808 808 808 809 809 809 802 802 802 802 802 802 800 800 800 808 808 808 804 804 804 810 810 810 811 811 811 811 811 811 805 805 805 804 804 804 799 799 799 805 805 805 811 811 811 811 811 811 807 807 807 799 799 799 812 812 812 813 813 813 808 808 808 808 808 808 807 807 807 812 812 812 813 813 813 814 814 814 809 809 809 809 809 809 808 808 808 813 813 813 810 810 810 815 815 815 816 816 816 816 816 816 811 811 811 810 810 810 807 807 807 811 811 811 816 816 816 816 816 816 812 812 812 807 807 807 817 817 817 818 818 818 813 813 813 813 813 813 812 812 812 817 817 817 818 818 818 819 819 819 814 814 814 814 814 814 813 813 813 818 818 818 816 816 816 815 815 815 820 820 820 820 820 820 821 821 821 816 816 816 812 812 812 816 816 816 821 821 821 821 821 821 817 817 817 812 812 812 818 818 818 817 817 817 822 822 822 822 822 822 823 823 823 818 818 818 823 823 823 824 824 824 819 819 819 819 819 819 818 818 818 823 823 823 821 821 821 820 820 820 825 825 825 825 825 825 826 826 826 821 821 821 817 817 817 821 821 821 826 826 826 826 826 826 822 822 822 817 817 817 823 823 823 822 822 822 827 827 827 827 827 827 828 828 828 823 823 823 824 824 824 823 823 823 828 828 828 828 828 828 829 829 829 824 824 824 826 826 826 825 825 825 830 830 830 830 830 830 831 831 831 826 826 826 822 822 822 826 826 826 831 831 831 831 831 831 827 827 827 822 822 822 746 746 746 718 718 718 708 708 708 539 539 539 832 832 832 711 711 711 496 496 496 484 484 484 497 497 497 833 833 833 834 834 834 835 835 835 836 836 836 835 835 835 834 834 834 837 837 837 838 838 838 839 839 839 840 840 840 839 839 839 838 838 838 841 841 841 842 842 842 843 843 843 843 843 843 844 844 844 841 841 841 845 845 845 846 846 846 847 847 847 847 847 847 848 848 848 845 845 845 849 849 849 850 850 850 840 840 840 840 840 840 838 838 838 849 849 849 836 836 836 850 850 850 849 849 849 849 849 849 835 835 835 836 836 836 849 849 849 851 851 851 852 852 852 852 852 852 835 835 835 849 849 849 852 852 852 833 833 833 835 835 835 853 853 853 854 854 854 855 855 855 855 855 855 856 856 856 853 853 853 857 857 857 858 858 858 853 853 853 853 853 853 856 856 856 857 857 857 858 858 858 859 859 859 860 860 860 860 860 860 853 853 853 858 858 858 854 854 854 853 853 853 860 860 860 855 855 855 854 854 854 861 861 861 861 861 861 862 862 862 855 855 855 862 862 862 861 861 861 863 863 863 863 863 863 864 864 864 862 862 862 864 864 864 863 863 863 865 865 865 865 865 865 866 866 866 864 864 864 849 849 849 838 838 838 867 867 867 867 867 867 851 851 851 849 849 849 838 838 838 837 837 837 867 867 867 868 868 868 869 869 869 870 870 870 870 870 870 871 871 871 868 868 868 868 868 868 871 871 871 872 872 872 872 872 872 873 873 873 868 868 868 865 865 865 873 873 873 872 872 872 872 872 872 866 866 866 865 865 865 874 874 874 875 875 875 870 870 870 870 870 870 869 869 869 874 874 874 858 858 858 857 857 857 875 875 875 875 875 875 874 874 874 858 858 858 876 876 876 877 877 877 878 878 878 878 878 878 879 879 879 876 876 876 877 877 877 876 876 876 880 880 880 880 880 880 881 881 881 877 877 877 882 882 882 883 883 883 884 884 884 841 841 841 854 854 854 860 860 860 860 860 860 842 842 842 841 841 841 885 885 885 886 886 886 887 887 887 887 887 887 888 888 888 885 885 885 889 889 889 890 890 890 888 888 888 888 888 888 887 887 887 889 889 889 891 891 891 892 892 892 893 893 893 894 894 894 895 895 895 896 896 896 896 896 896 897 897 897 894 894 894 898 898 898 845 845 845 848 848 848 848 848 848 899 899 899 898 898 898 900 900 900 901 901 901 902 902 902 902 902 902 903 903 903 900 900 900 903 903 903 904 904 904 905 905 905 905 905 905 900 900 900 903 903 903 906 906 906 907 907 907 908 908 908 909 909 909 910 910 910 890 890 890 890 890 890 889 889 889 909 909 909 911 911 911 912 912 912 913 913 913 913 913 913 914 914 914 911 911 911 915 915 915 847 847 847 846 846 846 916 916 916 847 847 847 915 915 915 917 917 917 918 918 918 919 919 919 919 919 919 920 920 920 917 917 917 890 890 890 921 921 921 922 922 922 922 922 922 888 888 888 890 890 890 890 890 890 910 910 910 923 923 923 923 923 923 921 921 921 890 890 890 924 924 924 925 925 925 912 912 912 912 912 912 911 911 911 924 924 924 904 904 904 903 903 903 926 926 926 926 926 926 927 927 927 904 904 904 896 896 896 895 895 895 928 928 928 928 928 928 929 929 929 896 896 896 928 928 928 930 930 930 931 931 931 931 931 931 929 929 929 928 928 928 918 918 918 932 932 932 933 933 933 933 933 933 919 919 919 918 918 918 934 934 934 922 922 922 921 921 921 921 921 921 935 935 935 934 934 934 935 935 935 921 921 921 923 923 923 923 923 923 936 936 936 935 935 935 925 925 925 924 924 924 937 937 937 937 937 937 938 938 938 925 925 925 927 927 927 926 926 926 939 939 939 939 939 939 940 940 940 927 927 927 941 941 941 942 942 942 943 943 943 943 943 943 944 944 944 945 945 945 945 945 945 941 941 941 943 943 943 944 944 944 946 946 946 947 947 947 947 947 947 945 945 945 944 944 944 946 946 946 948 948 948 949 949 949 949 949 949 947 947 947 946 946 946 950 950 950 949 949 949 948 948 948 292 292 292 295 295 295 951 951 951 951 951 951 298 298 298 292 292 292 211 211 211 93 93 93 90 90 90 952 952 952 953 953 953 954 954 954 954 954 954 955 955 955 952 952 952 956 956 956 957 957 957 953 953 953 953 953 953 952 952 952 956 956 956 958 958 958 959 959 959 960 960 960 960 960 960 961 961 961 958 958 958 961 961 961 960 960 960 962 962 962 962 962 962 963 963 963 961 961 961 603 603 603 964 964 964 622 622 622 622 622 622 604 604 604 603 603 603 965 965 965 624 624 624 622 622 622 622 622 622 964 964 964 965 965 965 966 966 966 628 628 628 624 624 624 624 624 624 965 965 965 966 966 966 966 966 966 967 967 967 630 630 630 630 630 630 628 628 628 966 966 966 607 607 607 606 606 606 630 630 630 630 630 630 967 967 967 607 607 607 685 685 685 696 696 696 688 688 688 703 703 703 531 531 531 533 533 533 684 684 684 683 683 683 687 687 687 63 63 63 65 65 65 968 968 968 969 969 969 970 970 970 971 971 971 513 513 513 545 545 545 511 511 511 882 882 882 884 884 884 880 880 880 972 972 972 973 973 973 974 974 974 975 975 975 972 972 972 974 974 974 976 976 976 975 975 975 974 974 974 977 977 977 976 976 976 974 974 974 978 978 978 977 977 977 974 974 974 973 973 973 979 979 979 974 974 974 215 215 215 294 294 294 293 293 293 293 293 293 210 210 210 215 215 215 210 210 210 293 293 293 297 297 297 297 297 297 211 211 211 210 210 210 211 211 211 297 297 297 301 301 301 301 301 301 212 212 212 211 211 211 212 212 212 301 301 301 303 303 303 303 303 303 234 234 234 212 212 212 234 234 234 303 303 303 307 307 307 307 307 307 236 236 236 234 234 234 236 236 236 307 307 307 310 310 310 310 310 310 238 238 238 236 236 236 955 955 955 962 962 962 960 960 960 960 960 960 952 952 952 955 955 955 952 952 952 960 960 960 959 959 959 959 959 959 956 956 956 952 952 952 958 958 958 961 961 961 980 980 980 980 980 980 959 959 959 958 958 958 961 961 961 963 963 963 981 981 981 981 981 981 980 980 980 961 961 961 982 982 982 983 983 983 980 980 980 980 980 980 981 981 981 982 982 982 983 983 983 956 956 956 959 959 959 959 959 959 980 980 980 983 983 983 641 641 641 640 640 640 529 529 529 639 639 639 689 689 689 611 611 611 611 611 611 689 689 689 640 640 640 884 884 884 881 881 881 880 880 880 908 908 908 984 984 984 906 906 906 892 892 892 985 985 985 893 893 893 582 582 582 584 584 584 583 583 583 581 581 581 583 583 583 593 593 593 636 636 636 710 710 710 535 535 535 793 793 793 791 791 791 783 783 783 718 718 718 725 725 725 567 567 567 81 81 81 141 141 141 82 82 82 64 64 64 986 986 986 65 65 65 458 458 458 443 443 443 442 442 442 487 487 487 491 491 491 488 488 488 487 487 487 492 492 492 491 491 491 498 498 498 987 987 987 499 499 499 640 640 640 690 690 690 529 529 529 509 509 509 640 640 640 641 641 641 509 509 509 606 606 606 611 611 611 689 689 689 682 682 682 690 690 690 682 682 682 689 689 689 639 639 639 684 684 684 682 682 682 675 675 675 598 598 598 597 597 597 745 745 745 583 583 583 596 596 596 598 598 598 595 595 595 988 988 988 594 594 594 552 552 552 563 563 563 562 562 562 545 545 545 989 989 989 546 546 546 989 989 989 990 990 990 546 546 546 507 507 507 634 634 634 508 508 508 633 633 633 629 629 629 508 508 508 567 567 567 724 724 724 716 716 716 686 686 686 688 688 688 692 692 692 685 685 685 687 687 687 696 696 696 696 696 696 991 991 991 697 697 697 692 692 692 688 688 688 698 698 698 663 663 663 660 660 660 662 662 662 647 647 647 646 646 646 663 663 663 674 674 674 647 647 647 664 664 664 646 646 646 651 651 651 660 660 660 602 602 602 601 601 601 596 596 596 594 594 594 988 988 988 734 734 734 82 82 82 141 141 141 139 139 139 84 84 84 85 85 85 82 82 82 330 330 330 992 992 992 328 328 328 328 328 328 316 316 316 330 330 330 322 322 322 370 370 370 323 323 323 993 993 993 994 994 994 2 2 2 2 2 2 1 1 1 993 993 993 995 995 995 994 994 994 996 996 996 997 997 997 998 998 998 999 999 999 1000 1000 1000 1001 1001 1001 1002 1002 1002 1002 1002 1002 1003 1003 1003 1000 1000 1000 1004 1004 1004 1005 1005 1005 1006 1006 1006 1005 1005 1005 1007 1007 1007 1008 1008 1008 1008 1008 1008 1009 1009 1009 1006 1006 1006 1005 1005 1005 1008 1008 1008 1006 1006 1006 1010 1010 1010 1011 1011 1011 1012 1012 1012 1013 1013 1013 1014 1014 1014 1015 1015 1015 1016 1016 1016 1017 1017 1017 1018 1018 1018 1019 1019 1019 1020 1020 1020 1021 1021 1021 1021 1021 1021 1022 1022 1022 1019 1019 1019 1023 1023 1023 1024 1024 1024 1025 1025 1025 1026 1026 1026 1027 1027 1027 1028 1028 1028 1028 1028 1028 36 36 36 1026 1026 1026 1029 1029 1029 1030 1030 1030 1031 1031 1031 42 42 42 45 45 45 1032 1032 1032 1032 1032 1032 1033 1033 1033 42 42 42 1002 1002 1002 1001 1001 1001 1033 1033 1033 1033 1033 1033 1032 1032 1032 1002 1002 1002 993 993 993 996 996 996 994 994 994 46 46 46 1034 1034 1034 1035 1035 1035 1035 1035 1035 47 47 47 46 46 46 1034 1034 1034 1036 1036 1036 1035 1035 1035 1037 1037 1037 52 52 52 2 2 2 2 2 2 994 994 994 1037 1037 1037 1038 1038 1038 1039 1039 1039 1040 1040 1040 1041 1041 1041 1042 1042 1042 1043 1043 1043 1043 1043 1043 1044 1044 1044 1041 1041 1041 1045 1045 1045 1046 1046 1046 1044 1044 1044 1044 1044 1044 1047 1047 1047 1045 1045 1045 1048 1048 1048 1049 1049 1049 1050 1050 1050 1007 1007 1007 1051 1051 1051 1052 1052 1052 1052 1052 1052 1008 1008 1008 1007 1007 1007 1053 1053 1053 1054 1054 1054 1019 1019 1019 1019 1019 1019 1022 1022 1022 1053 1053 1053 1055 1055 1055 1027 1027 1027 1026 1026 1026 1026 1026 1026 1056 1056 1056 1055 1055 1055 1057 1057 1057 1058 1058 1058 1059 1059 1059 1059 1059 1059 1060 1060 1060 1057 1057 1057 1061 1061 1061 1062 1062 1062 1063 1063 1063 1063 1063 1063 1064 1064 1064 1061 1061 1061 80 80 80 1065 1065 1065 81 81 81 1066 1066 1066 1065 1065 1065 1067 1067 1067 1068 1068 1068 1065 1065 1065 80 80 80 1069 1069 1069 1070 1070 1070 1071 1071 1071 1072 1072 1072 1073 1073 1073 1074 1074 1074 1074 1074 1074 1075 1075 1075 1072 1072 1072 1075 1075 1075 1074 1074 1074 1076 1076 1076 1076 1076 1076 1077 1077 1077 1075 1075 1075 1078 1078 1078 1079 1079 1079 1080 1080 1080 1081 1081 1081 1082 1082 1082 1083 1083 1083 1084 1084 1084 1085 1085 1085 1086 1086 1086 1087 1087 1087 1088 1088 1088 1089 1089 1089 1090 1090 1090 1088 1088 1088 1087 1087 1087 1091 1091 1091 1092 1092 1092 1093 1093 1093 1094 1094 1094 1093 1093 1093 1092 1092 1092 1085 1085 1085 1095 1095 1095 1096 1096 1096 1096 1096 1096 1095 1095 1095 1097 1097 1097 1098 1098 1098 1099 1099 1099 1100 1100 1100 1101 1101 1101 1102 1102 1102 1103 1103 1103 1092 1092 1092 1091 1091 1091 1104 1104 1104 1099 1099 1099 1092 1092 1092 1104 1104 1104 1105 1105 1105 1106 1106 1106 1107 1107 1107 1108 1108 1108 1109 1109 1109 1110 1110 1110 1104 1104 1104 1100 1100 1100 1099 1099 1099 1111 1111 1111 1112 1112 1112 1113 1113 1113 1114 1114 1114 1113 1113 1113 1112 1112 1112 1115 1115 1115 1116 1116 1116 1117 1117 1117 1116 1116 1116 1118 1118 1118 1119 1119 1119 1116 1116 1116 1119 1119 1119 1117 1117 1117 1119 1119 1119 1120 1120 1120 1117 1117 1117 1066 1066 1066 1067 1067 1067 1121 1121 1121 1065 1065 1065 1066 1066 1066 1122 1122 1122 1123 1123 1123 1066 1066 1066 1121 1121 1121 1124 1124 1124 1070 1070 1070 142 142 142 142 142 142 81 81 81 1124 1124 1124 1071 1071 1071 1070 1070 1070 1125 1125 1125 1070 1070 1070 1126 1126 1126 144 144 144 144 144 144 142 142 142 1070 1070 1070 1070 1070 1070 1069 1069 1069 1127 1127 1127 1127 1127 1127 1126 1126 1126 1070 1070 1070 1128 1128 1128 1129 1129 1129 1069 1069 1069 1069 1069 1069 1071 1071 1071 1128 1128 1128 1130 1130 1130 1131 1131 1131 1132 1132 1132 1133 1133 1133 1134 1134 1134 1129 1129 1129 1129 1129 1129 1128 1128 1128 1133 1133 1133 1132 1132 1132 1135 1135 1135 1136 1136 1136 1136 1136 1136 1130 1130 1130 1132 1132 1132 1137 1137 1137 1134 1134 1134 1133 1133 1133 1133 1133 1133 1138 1138 1138 1137 1137 1137 1136 1136 1136 1135 1135 1135 1139 1139 1139 1139 1139 1139 1140 1140 1140 1136 1136 1136 1126 1126 1126 1127 1127 1127 1141 1141 1141 1141 1141 1141 1142 1142 1142 1126 1126 1126 144 144 144 1126 1126 1126 1142 1142 1142 1142 1142 1142 162 162 162 144 144 144 163 163 163 162 162 162 1142 1142 1142 1142 1142 1142 1143 1143 1143 163 163 163 1141 1141 1141 1144 1144 1144 1143 1143 1143 1143 1143 1143 1142 1142 1142 1141 1141 1141 166 166 166 167 167 167 1073 1073 1073 1073 1073 1073 1072 1072 1072 166 166 166 1145 1145 1145 1146 1146 1146 1147 1147 1147 1147 1147 1147 1148 1148 1148 1145 1145 1145 1140 1140 1140 1139 1139 1139 1082 1082 1082 1082 1082 1082 1081 1081 1081 1140 1140 1140 1149 1149 1149 1147 1147 1147 1146 1146 1146 1146 1146 1146 1150 1150 1150 1149 1149 1149 174 174 174 175 175 175 1149 1149 1149 1149 1149 1149 1150 1150 1150 174 174 174 176 176 176 1106 1106 1106 1105 1105 1105 1105 1105 1105 177 177 177 176 176 176 1151 1151 1151 1152 1152 1152 1153 1153 1153 1153 1153 1153 1154 1154 1154 1151 1151 1151 1089 1089 1089 1155 1155 1155 1111 1111 1111 1111 1111 1111 1087 1087 1087 1089 1089 1089 183 183 183 1097 1097 1097 1156 1156 1156 1156 1156 1156 184 184 184 183 183 183 1101 1101 1101 1157 1157 1157 1158 1158 1158 1158 1158 1158 1102 1102 1102 1101 1101 1101 1102 1102 1102 1158 1158 1158 189 189 189 189 189 189 188 188 188 1102 1102 1102 1159 1159 1159 1103 1103 1103 1102 1102 1102 1100 1100 1100 1104 1104 1104 1160 1160 1160 1160 1160 1160 1161 1161 1161 1100 1100 1100 1162 1162 1162 1163 1163 1163 1160 1160 1160 1160 1160 1160 1104 1104 1104 1162 1162 1162 188 188 188 195 195 195 1159 1159 1159 1159 1159 1159 1102 1102 1102 188 188 188 1164 1164 1164 1165 1165 1165 1091 1091 1091 1091 1091 1091 1093 1093 1093 1164 1164 1164 1166 1166 1166 1167 1167 1167 1168 1168 1168 1168 1168 1168 1169 1169 1169 1166 1166 1166 1165 1165 1165 1162 1162 1162 1104 1104 1104 1104 1104 1104 1091 1091 1091 1165 1165 1165 1170 1170 1170 1171 1171 1171 1172 1172 1172 1173 1173 1173 1174 1174 1174 1175 1175 1175 1175 1175 1175 1176 1176 1176 1173 1173 1173 1177 1177 1177 1075 1075 1075 1178 1178 1178 1178 1178 1178 1179 1179 1179 1177 1177 1177 1180 1180 1180 1178 1178 1178 1077 1077 1077 1077 1077 1077 1181 1181 1181 1180 1180 1180 1179 1179 1179 215 215 215 214 214 214 214 214 214 1177 1177 1177 1179 1179 1179 1182 1182 1182 1183 1183 1183 1184 1184 1184 1184 1184 1184 1185 1185 1185 1182 1182 1182 1186 1186 1186 1187 1187 1187 1188 1188 1188 1188 1188 1188 1189 1189 1189 1186 1186 1186 1190 1190 1190 1191 1191 1191 226 226 226 226 226 226 225 225 225 1190 1190 1190 1182 1182 1182 1185 1185 1185 1172 1172 1172 1172 1172 1172 1171 1171 1171 1182 1182 1182 1192 1192 1192 1193 1193 1193 1194 1194 1194 1194 1194 1194 1195 1195 1195 1192 1192 1192 1175 1175 1175 1196 1196 1196 1197 1197 1197 1197 1197 1197 1176 1176 1176 1175 1175 1175 1198 1198 1198 1180 1180 1180 1181 1181 1181 1181 1181 1181 1199 1199 1199 1198 1198 1198 1200 1200 1200 1198 1198 1198 1199 1199 1199 1199 1199 1199 1201 1201 1201 1200 1200 1200 238 238 238 1200 1200 1200 1201 1201 1201 1201 1201 1201 239 239 239 238 238 238 1202 1202 1202 1203 1203 1203 1204 1204 1204 1204 1204 1204 1205 1205 1205 1202 1202 1202 1206 1206 1206 1207 1207 1207 1208 1208 1208 1208 1208 1208 1209 1209 1209 1206 1206 1206 1204 1204 1204 1203 1203 1203 1194 1194 1194 1194 1194 1194 1193 1193 1193 1204 1204 1204 1108 1108 1108 1210 1210 1210 1207 1207 1207 1207 1207 1207 1109 1109 1109 1108 1108 1108 1206 1206 1206 1109 1109 1109 1207 1207 1207 1210 1210 1210 1108 1108 1108 250 250 250 250 250 250 249 249 249 1210 1210 1210 1191 1191 1191 1210 1210 1210 249 249 249 249 249 249 226 226 226 1191 1191 1191 1211 1211 1211 1110 1110 1110 1109 1109 1109 1109 1109 1109 1206 1206 1206 1211 1211 1211 1212 1212 1212 1110 1110 1110 1211 1211 1211 1211 1211 1211 1118 1118 1118 1212 1212 1212 1213 1213 1213 1212 1212 1212 1118 1118 1118 1118 1118 1118 1116 1116 1116 1213 1213 1213 1155 1155 1155 1214 1214 1214 1112 1112 1112 1112 1112 1112 1111 1111 1111 1155 1155 1155 1215 1215 1215 1216 1216 1216 1167 1167 1167 1167 1167 1167 1166 1166 1166 1215 1215 1215 1217 1217 1217 1218 1218 1218 1206 1206 1206 1206 1206 1206 1209 1209 1209 1217 1217 1217 1214 1214 1214 1155 1155 1155 1219 1219 1219 1219 1219 1219 1220 1220 1220 1214 1214 1214 1118 1118 1118 1211 1211 1211 1221 1221 1221 1221 1221 1221 1119 1119 1119 1118 1118 1118 1221 1221 1221 1211 1211 1211 1206 1206 1206 1206 1206 1206 1218 1218 1218 1221 1221 1221 1222 1222 1222 1223 1223 1223 1224 1224 1224 1224 1224 1224 1225 1225 1225 1222 1222 1222 1226 1226 1226 1227 1227 1227 1228 1228 1228 1228 1228 1228 1229 1229 1229 1226 1226 1226 1230 1230 1230 1231 1231 1231 1232 1232 1232 1232 1232 1232 1233 1233 1233 1230 1230 1230 1215 1215 1215 1222 1222 1222 1225 1225 1225 1234 1234 1234 1216 1216 1216 1215 1215 1215 1215 1215 1215 1225 1225 1225 1234 1234 1234 1235 1235 1235 1236 1236 1236 1237 1237 1237 1237 1237 1237 1238 1238 1238 1235 1235 1235 1239 1239 1239 1240 1240 1240 1218 1218 1218 1218 1218 1218 1217 1217 1217 1239 1239 1239 1241 1241 1241 1242 1242 1242 1243 1243 1243 1243 1243 1243 1244 1244 1244 1241 1241 1241 1221 1221 1221 1218 1218 1218 1240 1240 1240 1240 1240 1240 1245 1245 1245 1221 1221 1221 1246 1246 1246 1247 1247 1247 1248 1248 1248 1248 1248 1248 1249 1249 1249 1246 1246 1246 1245 1245 1245 1120 1120 1120 1119 1119 1119 1119 1119 1119 1221 1221 1221 1245 1245 1245 1250 1250 1250 1229 1229 1229 1228 1228 1228 1228 1228 1228 1251 1251 1251 1250 1250 1250 1252 1252 1252 295 295 295 294 294 294 294 294 294 1253 1253 1253 1252 1252 1252 1254 1254 1254 1252 1252 1252 1253 1253 1253 1253 1253 1253 1255 1255 1255 1254 1254 1254 1252 1252 1252 1254 1254 1254 1256 1256 1256 1256 1256 1256 1257 1257 1257 1252 1252 1252 1258 1258 1258 1254 1254 1254 1255 1255 1255 1255 1255 1255 1259 1259 1259 1258 1258 1258 1260 1260 1260 1256 1256 1256 1254 1254 1254 1254 1254 1254 1258 1258 1258 1260 1260 1260 1261 1261 1261 1262 1262 1262 1258 1258 1258 1258 1258 1258 1259 1259 1259 1261 1261 1261 1262 1262 1262 1263 1263 1263 1260 1260 1260 1260 1260 1260 1258 1258 1258 1262 1262 1262 1264 1264 1264 1262 1262 1262 1261 1261 1261 1261 1261 1261 1265 1265 1265 1264 1264 1264 1263 1263 1263 1262 1262 1262 1264 1264 1264 1264 1264 1264 1266 1266 1266 1263 1263 1263 1265 1265 1265 310 310 310 309 309 309 309 309 309 1264 1264 1264 1265 1265 1265 1264 1264 1264 309 309 309 311 311 311 311 311 311 1266 1266 1266 1264 1264 1264 1085 1085 1085 1084 1084 1084 1095 1095 1095 1087 1087 1087 1111 1111 1111 1113 1113 1113 1113 1113 1113 1267 1267 1267 1087 1087 1087 1213 1213 1213 1116 1116 1116 1115 1115 1115 1115 1115 1115 1268 1268 1268 1213 1213 1213 1269 1269 1269 1238 1238 1238 1237 1237 1237 1237 1237 1237 1270 1270 1270 1269 1269 1269 1271 1271 1271 1272 1272 1272 1273 1273 1273 1273 1273 1273 1274 1274 1274 1271 1271 1271 1275 1275 1275 1272 1272 1272 1276 1276 1276 1271 1271 1271 1276 1276 1276 1272 1272 1272 1277 1277 1277 1278 1278 1278 1279 1279 1279 1277 1277 1277 1280 1280 1280 1281 1281 1281 1278 1278 1278 1277 1277 1277 1281 1281 1281 1282 1282 1282 1281 1281 1281 1280 1280 1280 1271 1271 1271 1274 1274 1274 1283 1283 1283 1284 1284 1284 1276 1276 1276 1271 1271 1271 1271 1271 1271 1285 1285 1285 1284 1284 1284 1286 1286 1286 1287 1287 1287 1288 1288 1288 1289 1289 1289 1288 1288 1288 1287 1287 1287 1290 1290 1290 1291 1291 1291 1292 1292 1292 1293 1293 1293 1294 1294 1294 1295 1295 1295 1296 1296 1296 1283 1283 1283 1297 1297 1297 1297 1297 1297 1298 1298 1298 1296 1296 1296 1299 1299 1299 1300 1300 1300 1278 1278 1278 1301 1301 1301 1302 1302 1302 1303 1303 1303 1303 1303 1303 1304 1304 1304 1301 1301 1301 1305 1305 1305 1233 1233 1233 1232 1232 1232 1232 1232 1232 1306 1306 1306 1305 1305 1305 1307 1307 1307 1226 1226 1226 1229 1229 1229 1229 1229 1229 1308 1308 1308 1307 1307 1307 1229 1229 1229 1250 1250 1250 1309 1309 1309 1309 1309 1309 1308 1308 1308 1229 1229 1229 1249 1249 1249 1248 1248 1248 1310 1310 1310 1310 1310 1310 1311 1311 1311 1249 1249 1249 1244 1244 1244 1243 1243 1243 1312 1312 1312 1312 1312 1312 1313 1313 1313 1244 1244 1244 1273 1273 1273 1272 1272 1272 1314 1314 1314 1314 1314 1314 1315 1315 1315 1273 1273 1273 1272 1272 1272 1275 1275 1275 1316 1316 1316 1316 1316 1316 1314 1314 1314 1272 1272 1272 1315 1315 1315 1317 1317 1317 1318 1318 1318 1318 1318 1318 1273 1273 1273 1315 1315 1315 1319 1319 1319 1320 1320 1320 1321 1321 1321 1321 1321 1321 1322 1322 1322 1319 1319 1319 1323 1323 1323 1277 1277 1277 1324 1324 1324 1324 1324 1324 1325 1325 1325 1323 1323 1323 1318 1318 1318 1326 1326 1326 1274 1274 1274 1274 1274 1274 1273 1273 1273 1318 1318 1318 1327 1327 1327 1328 1328 1328 1322 1322 1322 1322 1322 1322 1321 1321 1321 1327 1327 1327 1329 1329 1329 1281 1281 1281 1282 1282 1282 1282 1282 1282 1330 1330 1330 1329 1329 1329 1278 1278 1278 1281 1281 1281 1329 1329 1329 1329 1329 1329 1331 1331 1331 1278 1278 1278 1285 1285 1285 1332 1332 1332 1284 1284 1284 1333 1333 1333 1334 1334 1334 1335 1335 1335 1335 1335 1335 1336 1336 1336 1333 1333 1333 1274 1274 1274 1297 1297 1297 1283 1283 1283 1337 1337 1337 1297 1297 1297 1274 1274 1274 1274 1274 1274 1326 1326 1326 1337 1337 1337 1297 1297 1297 1337 1337 1337 1338 1338 1338 1338 1338 1338 1298 1298 1298 1297 1297 1297 1339 1339 1339 1340 1340 1340 1328 1328 1328 1328 1328 1328 1327 1327 1327 1339 1339 1339 1341 1341 1341 1340 1340 1340 1339 1339 1339 1339 1339 1339 1342 1342 1342 1341 1341 1341 1343 1343 1343 1279 1279 1279 1278 1278 1278 1278 1278 1278 1300 1300 1300 1343 1343 1343 1344 1344 1344 1343 1343 1343 1300 1300 1300 1300 1300 1300 1345 1345 1345 1344 1344 1344 1299 1299 1299 1346 1346 1346 1345 1345 1345 1345 1345 1345 1300 1300 1300 1299 1299 1299 1347 1347 1347 1348 1348 1348 1349 1349 1349 1349 1349 1349 1350 1350 1350 1347 1347 1347 1304 1304 1304 1303 1303 1303 1348 1348 1348 1348 1348 1348 1351 1351 1351 1304 1304 1304 1298 1298 1298 1338 1338 1338 1342 1342 1342 1342 1342 1342 1352 1352 1352 1298 1298 1298 1353 1353 1353 1354 1354 1354 1355 1355 1355 1355 1355 1355 1356 1356 1356 1353 1353 1353 1357 1357 1357 1358 1358 1358 1359 1359 1359 1359 1359 1359 1360 1360 1360 1357 1357 1357 1361 1361 1361 1362 1362 1362 1363 1363 1363 1363 1363 1363 1364 1364 1364 1361 1361 1361 1365 1365 1365 1366 1366 1366 1367 1367 1367 1367 1367 1367 1368 1368 1368 1365 1365 1365 1369 1369 1369 1370 1370 1370 1371 1371 1371 1372 1372 1372 1373 1373 1373 1357 1357 1357 1357 1357 1357 1360 1360 1360 1372 1372 1372 1277 1277 1277 1323 1323 1323 1374 1374 1374 1374 1374 1374 1280 1280 1280 1277 1277 1277 1375 1375 1375 1348 1348 1348 1376 1376 1376 1376 1376 1376 1377 1377 1377 1375 1375 1375 1378 1378 1378 1379 1379 1379 1296 1296 1296 1296 1296 1296 1298 1298 1298 1378 1378 1378 1380 1380 1380 1381 1381 1381 1382 1382 1382 1382 1382 1382 1383 1383 1383 1380 1380 1380 1375 1375 1375 1384 1384 1384 1385 1385 1385 1385 1385 1385 1386 1386 1386 1375 1375 1375 1224 1224 1224 1223 1223 1223 1120 1120 1120 1120 1120 1120 1223 1223 1223 1117 1117 1117 1098 1098 1098 1100 1100 1100 433 433 433 433 433 433 432 432 432 1098 1098 1098 1161 1161 1161 434 434 434 433 433 433 433 433 433 1100 1100 1100 1161 1161 1161 1387 1387 1387 1191 1191 1191 1190 1190 1190 1388 1388 1388 1389 1389 1389 1390 1390 1390 1391 1391 1391 1392 1392 1392 1393 1393 1393 1394 1394 1394 1395 1395 1395 1396 1396 1396 1396 1396 1396 1397 1397 1397 1394 1394 1394 1398 1398 1398 1399 1399 1399 1400 1400 1400 1401 1401 1401 1402 1402 1402 1403 1403 1403 1404 1404 1404 1405 1405 1405 1390 1390 1390 454 454 454 456 456 456 1398 1398 1398 1398 1398 1398 1406 1406 1406 454 454 454 1394 1394 1394 1407 1407 1407 1408 1408 1408 459 459 459 462 462 462 1409 1409 1409 1409 1409 1409 1410 1410 1410 459 459 459 1411 1411 1411 1412 1412 1412 1413 1413 1413 1414 1414 1414 1415 1415 1415 1416 1416 1416 1416 1416 1416 1417 1417 1417 1414 1414 1414 1418 1418 1418 1419 1419 1419 1420 1420 1420 1420 1420 1420 1421 1421 1421 1418 1418 1418 1422 1422 1422 1423 1423 1423 1424 1424 1424 1424 1424 1424 1425 1425 1425 1422 1422 1422 1426 1426 1426 1427 1427 1427 1401 1401 1401 1428 1428 1428 1429 1429 1429 1430 1430 1430 1430 1430 1430 1431 1431 1431 1428 1428 1428 1432 1432 1432 1416 1416 1416 1415 1415 1415 1415 1415 1415 1433 1433 1433 1432 1432 1432 1434 1434 1434 1435 1435 1435 1436 1436 1436 1437 1437 1437 1438 1438 1438 1439 1439 1439 1439 1439 1439 1440 1440 1440 1437 1437 1437 493 493 493 1399 1399 1399 1398 1398 1398 1398 1398 1398 456 456 456 493 493 493 1441 1441 1441 1431 1431 1431 1430 1430 1430 1430 1430 1430 1442 1442 1442 1441 1441 1441 1427 1427 1427 1402 1402 1402 1401 1401 1401 1443 1443 1443 1422 1422 1422 1425 1425 1425 1425 1425 1425 1444 1444 1444 1443 1443 1443 1431 1431 1431 1445 1445 1445 1446 1446 1446 1447 1447 1447 1448 1448 1448 1449 1449 1449 1404 1404 1404 1390 1390 1390 1450 1450 1450 1122 1122 1122 1125 1125 1125 1124 1124 1124 1125 1125 1125 1070 1070 1070 1124 1124 1124 504 504 504 506 506 506 1451 1451 1451 1452 1452 1452 1453 1453 1453 1454 1454 1454 1455 1455 1455 1456 1456 1456 1457 1457 1457 1458 1458 1458 1455 1455 1455 1457 1457 1457 1459 1459 1459 1460 1460 1460 516 516 516 516 516 516 515 515 515 1459 1459 1459 1461 1461 1461 1459 1459 1459 1462 1462 1462 1463 1463 1463 1460 1460 1460 1459 1459 1459 1459 1459 1459 1461 1461 1461 1463 1463 1463 1462 1462 1462 1464 1464 1464 1465 1465 1465 1461 1461 1461 1466 1466 1466 1463 1463 1463 1467 1467 1467 1468 1468 1468 1469 1469 1469 1470 1470 1470 1471 1471 1471 1472 1472 1472 1473 1473 1473 1470 1470 1470 1472 1472 1472 1474 1474 1474 1475 1475 1475 1476 1476 1476 1477 1477 1477 1478 1478 1478 1451 1451 1451 1478 1478 1478 1477 1477 1477 1479 1479 1479 1477 1477 1477 1480 1480 1480 1479 1479 1479 1480 1480 1480 1481 1481 1481 1479 1479 1479 1482 1482 1482 1481 1481 1481 1480 1480 1480 1483 1483 1483 1484 1484 1484 1485 1485 1485 1486 1486 1486 1485 1485 1485 1484 1484 1484 1485 1485 1485 1487 1487 1487 1483 1483 1483 1457 1457 1457 1488 1488 1488 1489 1489 1489 1490 1490 1490 1491 1491 1491 1488 1488 1488 1488 1488 1488 1457 1457 1457 1490 1490 1490 1457 1457 1457 1492 1492 1492 1490 1490 1490 1493 1493 1493 1494 1494 1494 1495 1495 1495 1495 1495 1495 1496 1496 1496 1493 1493 1493 1497 1497 1497 556 556 556 1498 1498 1498 1499 1499 1499 1500 1500 1500 1487 1487 1487 1499 1499 1499 1501 1501 1501 1502 1502 1502 1487 1487 1487 1485 1485 1485 1499 1499 1499 1503 1503 1503 1504 1504 1504 1505 1505 1505 1496 1496 1496 1495 1495 1495 1506 1506 1506 1507 1507 1507 1508 1508 1508 1509 1509 1509 1508 1508 1508 1510 1510 1510 1509 1509 1509 1511 1511 1511 1512 1512 1512 1513 1513 1513 1514 1514 1514 1515 1515 1515 1516 1516 1516 1517 1517 1517 1518 1518 1518 1519 1519 1519 1504 1504 1504 1519 1519 1519 1518 1518 1518 1504 1504 1504 1520 1520 1520 1519 1519 1519 1521 1521 1521 1491 1491 1491 1490 1490 1490 1490 1490 1490 1522 1522 1522 1521 1521 1521 1523 1523 1523 1524 1524 1524 1525 1525 1525 1526 1526 1526 1527 1527 1527 1525 1525 1525 1528 1528 1528 1529 1529 1529 1530 1530 1530 1526 1526 1526 1531 1531 1531 1527 1527 1527 1521 1521 1521 1522 1522 1522 1532 1532 1532 1521 1521 1521 1532 1532 1532 1533 1533 1533 1534 1534 1534 1535 1535 1535 1523 1523 1523 1524 1524 1524 1536 1536 1536 1526 1526 1526 1526 1526 1526 1536 1536 1536 1537 1537 1537 1531 1531 1531 1526 1526 1526 1537 1537 1537 1538 1538 1538 1539 1539 1539 1540 1540 1540 599 599 599 1541 1541 1541 1542 1542 1542 1542 1542 1542 600 600 600 599 599 599 1543 1543 1543 1544 1544 1544 1545 1545 1545 1546 1546 1546 1547 1547 1547 1548 1548 1548 1547 1547 1547 1546 1546 1546 1549 1549 1549 1549 1549 1549 1550 1550 1550 1547 1547 1547 1551 1551 1551 1549 1549 1549 1546 1546 1546 1552 1552 1552 1553 1553 1553 1554 1554 1554 1554 1554 1554 1555 1555 1555 1552 1552 1552 1556 1556 1556 1462 1462 1462 1545 1545 1545 1557 1557 1557 1558 1558 1558 1556 1556 1556 1556 1556 1556 1559 1559 1559 1557 1557 1557 1558 1558 1558 1464 1464 1464 1462 1462 1462 1462 1462 1462 1556 1556 1556 1558 1558 1558 1558 1558 1558 1557 1557 1557 1550 1550 1550 1550 1550 1550 1549 1549 1549 1558 1558 1558 1549 1549 1549 1551 1551 1551 1464 1464 1464 1464 1464 1464 1558 1558 1558 1549 1549 1549 1560 1560 1560 1561 1561 1561 1545 1545 1545 1545 1545 1545 1562 1562 1562 1560 1560 1560 1563 1563 1563 1564 1564 1564 1561 1561 1561 1561 1561 1561 1560 1560 1560 1563 1563 1563 1562 1562 1562 1545 1545 1545 1462 1462 1462 1462 1462 1462 1459 1459 1459 1562 1562 1562 625 625 625 1560 1560 1560 1562 1562 1562 1562 1562 1562 626 626 626 625 625 625 1459 1459 1459 515 515 515 626 626 626 626 626 626 1562 1562 1562 1459 1459 1459 627 627 627 1563 1563 1563 1560 1560 1560 1560 1560 1560 625 625 625 627 627 627 1563 1563 1563 1565 1565 1565 1566 1566 1566 1566 1566 1566 1564 1564 1564 1563 1563 1563 1567 1567 1567 1566 1566 1566 1565 1565 1565 1565 1565 1565 1454 1454 1454 1567 1567 1567 1567 1567 1567 1454 1454 1454 1453 1453 1453 1453 1453 1453 1546 1546 1546 1567 1567 1567 1568 1568 1568 1563 1563 1563 627 627 627 627 627 627 632 632 632 1568 1568 1568 1569 1569 1569 1565 1565 1565 1563 1563 1563 1563 1563 1563 1568 1568 1568 1569 1569 1569 1570 1570 1570 1454 1454 1454 1569 1569 1569 1571 1571 1571 1572 1572 1572 1573 1573 1573 1572 1572 1572 504 504 504 1451 1451 1451 1451 1451 1451 1573 1573 1573 1572 1572 1572 1455 1455 1455 1571 1571 1571 1573 1573 1573 1573 1573 1573 1456 1456 1456 1455 1455 1455 1462 1462 1462 1465 1465 1465 1574 1574 1574 1574 1574 1574 1461 1461 1461 1462 1462 1462 1465 1465 1465 1464 1464 1464 1575 1575 1575 1464 1464 1464 1551 1551 1551 1575 1575 1575 1453 1453 1453 1576 1576 1576 1551 1551 1551 1453 1453 1453 1452 1452 1452 1577 1577 1577 642 642 642 1578 1578 1578 1468 1468 1468 1468 1468 1468 643 643 643 642 642 642 1574 1574 1574 1579 1579 1579 1466 1466 1466 1466 1466 1466 1461 1461 1461 1574 1574 1574 1465 1465 1465 1580 1580 1580 1579 1579 1579 1579 1579 1579 1574 1574 1574 1465 1465 1465 1465 1465 1465 1575 1575 1575 1581 1581 1581 1581 1581 1581 1580 1580 1580 1465 1465 1465 1582 1582 1582 1468 1468 1468 1467 1467 1467 1467 1467 1467 1583 1583 1583 1582 1582 1582 1579 1579 1579 1580 1580 1580 1584 1584 1584 1584 1584 1584 1585 1585 1585 1579 1579 1579 652 652 652 655 655 655 1586 1586 1586 1586 1586 1586 1587 1587 1587 652 652 652 656 656 656 1585 1585 1585 1584 1584 1584 1584 1584 1584 657 657 657 656 656 656 1588 1588 1588 659 659 659 657 657 657 657 657 657 1584 1584 1584 1588 1588 1588 1588 1588 1588 1584 1584 1584 1589 1589 1589 659 659 659 1588 1588 1588 1590 1590 1590 1590 1590 1590 661 661 661 659 659 659 1589 1589 1589 1590 1590 1590 1588 1588 1588 1591 1591 1591 1589 1589 1589 1580 1580 1580 1592 1592 1592 1591 1591 1591 1581 1581 1581 1591 1591 1591 1592 1592 1592 1590 1590 1590 661 661 661 1590 1590 1590 1593 1593 1593 1593 1593 1593 665 665 665 661 661 661 1590 1590 1590 1592 1592 1592 1593 1593 1593 667 667 667 670 670 670 1594 1594 1594 1594 1594 1594 1595 1595 1595 667 667 667 1594 1594 1594 1596 1596 1596 1595 1595 1595 1592 1592 1592 1597 1597 1597 1598 1598 1598 1598 1598 1598 1599 1599 1599 1592 1592 1592 1581 1581 1581 1575 1575 1575 1600 1600 1600 1600 1600 1600 1597 1597 1597 1581 1581 1581 1601 1601 1601 1599 1599 1599 678 678 678 678 678 678 677 677 677 1601 1601 1601 1601 1601 1601 1592 1592 1592 1599 1599 1599 1597 1597 1597 1600 1600 1600 1602 1602 1602 1602 1602 1602 1598 1598 1598 1597 1597 1597 1599 1599 1599 1598 1598 1598 680 680 680 680 680 680 678 678 678 1599 1599 1599 1598 1598 1598 1602 1602 1602 681 681 681 681 681 681 680 680 680 1598 1598 1598 1603 1603 1603 1600 1600 1600 1575 1575 1575 1602 1602 1602 1604 1604 1604 683 683 683 683 683 683 681 681 681 1602 1602 1602 1604 1604 1604 1602 1602 1602 1600 1600 1600 1605 1605 1605 1604 1604 1604 1603 1603 1603 1603 1603 1603 1606 1606 1606 1605 1605 1605 1604 1604 1604 1605 1605 1605 687 687 687 1606 1606 1606 1607 1607 1607 1605 1605 1605 1472 1472 1472 1471 1471 1471 1577 1577 1577 1608 1608 1608 1576 1576 1576 1609 1609 1609 1603 1603 1603 1609 1609 1609 1610 1610 1610 1610 1610 1610 1606 1606 1606 1603 1603 1603 1610 1610 1610 1611 1611 1611 1606 1606 1606 1609 1609 1609 1471 1471 1471 1610 1610 1610 1612 1612 1612 1613 1613 1613 1611 1611 1611 1612 1612 1612 1611 1611 1611 1610 1610 1610 1612 1612 1612 1610 1610 1610 1471 1471 1471 1471 1471 1471 1470 1470 1470 1612 1612 1612 1614 1614 1614 1612 1612 1612 1470 1470 1470 1607 1607 1607 1615 1615 1615 696 696 696 1607 1607 1607 1616 1616 1616 1615 1615 1615 1611 1611 1611 1617 1617 1617 1616 1616 1616 1611 1611 1611 1613 1613 1613 1618 1618 1618 1618 1618 1618 1617 1617 1617 1611 1611 1611 1612 1612 1612 1619 1619 1619 1613 1613 1613 1614 1614 1614 1620 1620 1620 1619 1619 1619 1619 1619 1619 1612 1612 1612 1614 1614 1614 1621 1621 1621 1622 1622 1622 1475 1475 1475 1623 1623 1623 1624 1624 1624 1625 1625 1625 1625 1625 1625 1626 1626 1626 1623 1623 1623 1451 1451 1451 506 506 506 1477 1477 1477 1451 1451 1451 1478 1478 1478 1573 1573 1573 1573 1573 1573 1627 1627 1627 1628 1628 1628 1628 1628 1628 1456 1456 1456 1573 1573 1573 1456 1456 1456 1628 1628 1628 1492 1492 1492 1492 1492 1492 1457 1457 1457 1456 1456 1456 506 506 506 711 711 711 1480 1480 1480 1480 1480 1480 1477 1477 1477 506 506 506 1478 1478 1478 1479 1479 1479 1627 1627 1627 1482 1482 1482 1480 1480 1480 711 711 711 1487 1487 1487 1629 1629 1629 1483 1483 1483 1500 1500 1500 1490 1490 1490 1630 1630 1630 1490 1490 1490 1500 1500 1500 1631 1631 1631 1631 1631 1631 1522 1522 1522 1490 1490 1490 1474 1474 1474 1632 1632 1632 1494 1494 1494 1474 1474 1474 1494 1494 1494 1493 1493 1493 1624 1624 1624 1623 1623 1623 1633 1633 1633 1633 1633 1633 1634 1634 1634 1624 1624 1624 1624 1624 1624 1508 1508 1508 1635 1635 1635 1504 1504 1504 1518 1518 1518 1495 1495 1495 1495 1495 1495 1494 1494 1494 1504 1504 1504 1494 1494 1494 1632 1632 1632 1505 1505 1505 1502 1502 1502 1631 1631 1631 1500 1500 1500 1500 1500 1500 1499 1499 1499 1502 1502 1502 1636 1636 1636 721 721 721 720 720 720 720 720 720 1502 1502 1502 1636 1636 1636 1501 1501 1501 1499 1499 1499 1486 1486 1486 1486 1486 1486 1497 1497 1497 1501 1501 1501 1637 1637 1637 1506 1506 1506 1495 1495 1495 1495 1495 1495 1518 1518 1518 1637 1637 1637 1638 1638 1638 1637 1637 1637 1515 1515 1515 1515 1515 1515 1637 1637 1637 1518 1518 1518 1511 1511 1511 1506 1506 1506 1637 1637 1637 1508 1508 1508 1624 1624 1624 1634 1634 1634 1639 1639 1639 1510 1510 1510 1508 1508 1508 1640 1640 1640 1508 1508 1508 1507 1507 1507 1516 1516 1516 1515 1515 1515 1518 1518 1518 1517 1517 1517 1516 1516 1516 1518 1518 1518 1533 1533 1533 1641 1641 1641 1521 1521 1521 1641 1641 1641 1533 1533 1533 1534 1534 1534 1534 1534 1534 1523 1523 1523 1641 1641 1641 1502 1502 1502 720 720 720 728 728 728 728 728 728 1642 1642 1642 1502 1502 1502 1502 1502 1502 1642 1642 1642 1631 1631 1631 1522 1522 1522 1631 1631 1631 1642 1642 1642 1642 1642 1642 1532 1532 1532 1522 1522 1522 1642 1642 1642 728 728 728 729 729 729 729 729 729 1532 1532 1532 1642 1642 1642 1532 1532 1532 729 729 729 730 730 730 730 730 730 1533 1533 1533 1532 1532 1532 731 731 731 1534 1534 1534 1533 1533 1533 1533 1533 1533 730 730 730 731 731 731 731 731 731 732 732 732 1535 1535 1535 1535 1535 1535 1534 1534 1534 731 731 731 732 732 732 733 733 733 1539 1539 1539 1539 1539 1539 1535 1535 1535 732 732 732 1524 1524 1524 1535 1535 1535 1539 1539 1539 1524 1524 1524 1538 1538 1538 1536 1536 1536 1538 1538 1538 1643 1643 1643 1536 1536 1536 1644 1644 1644 1645 1645 1645 1646 1646 1646 1647 1647 1647 1648 1648 1648 1646 1646 1646 1646 1646 1646 1645 1645 1645 1647 1647 1647 1649 1649 1649 742 742 742 741 741 741 741 741 741 1644 1644 1644 1649 1649 1649 741 741 741 743 743 743 1645 1645 1645 1645 1645 1645 1644 1644 1644 741 741 741 1647 1647 1647 1645 1645 1645 743 743 743 743 743 743 744 744 744 1647 1647 1647 733 733 733 745 745 745 1539 1539 1539 1625 1625 1625 1624 1624 1624 1650 1650 1650 1469 1469 1469 1468 1468 1468 1578 1578 1578 1651 1651 1651 1652 1652 1652 1653 1653 1653 1653 1653 1653 1654 1654 1654 1651 1651 1651 1487 1487 1487 1500 1500 1500 1630 1630 1630 1630 1630 1630 1629 1629 1629 1487 1487 1487 1485 1485 1485 1486 1486 1486 1499 1499 1499 1643 1643 1643 1538 1538 1538 1541 1541 1541 751 751 751 1643 1643 1643 1541 1541 1541 1541 1541 1541 599 599 599 751 751 751 1520 1520 1520 1504 1504 1504 1503 1503 1503 1655 1655 1655 1656 1656 1656 1657 1657 1657 1658 1658 1658 1656 1656 1656 1655 1655 1655 1657 1657 1657 1656 1656 1656 1659 1659 1659 1660 1660 1660 1656 1656 1656 1658 1658 1658 1661 1661 1661 1656 1656 1656 1660 1660 1660 1662 1662 1662 1656 1656 1656 1661 1661 1661 1663 1663 1663 1656 1656 1656 1662 1662 1662 1664 1664 1664 1665 1665 1665 1666 1666 1666 1554 1554 1554 1667 1667 1667 1555 1555 1555 1559 1559 1559 1668 1668 1668 1557 1557 1557 1557 1557 1557 1668 1668 1668 1550 1550 1550 1638 1638 1638 1512 1512 1512 1637 1637 1637 1511 1511 1511 1637 1637 1637 1512 1512 1512 1636 1636 1636 1502 1502 1502 1501 1501 1501 1497 1497 1497 1498 1498 1498 1501 1501 1501 1669 1669 1669 1414 1414 1414 1417 1417 1417 1670 1670 1670 1171 1171 1171 1170 1170 1170 1671 1671 1671 1672 1672 1672 1673 1673 1673 1672 1672 1672 1674 1674 1674 1673 1673 1673 1675 1675 1675 1674 1674 1674 1672 1672 1672 1676 1676 1676 1677 1677 1677 1678 1678 1678 1675 1675 1675 1672 1672 1672 1679 1679 1679 1680 1680 1680 1681 1681 1681 1682 1682 1682 1683 1683 1683 1682 1682 1682 1684 1684 1684 1676 1676 1676 1678 1678 1678 1682 1682 1682 1685 1685 1685 1673 1673 1673 1686 1686 1686 1673 1673 1673 1687 1687 1687 1688 1688 1688 1683 1683 1683 1678 1678 1678 1689 1689 1689 1686 1686 1686 1673 1673 1673 1674 1674 1674 1690 1690 1690 1686 1686 1686 1691 1691 1691 1674 1674 1674 1692 1692 1692 1691 1691 1691 1691 1691 1691 1686 1686 1686 1674 1674 1674 1693 1693 1693 1694 1694 1694 1695 1695 1695 1696 1696 1696 1683 1683 1683 1686 1686 1686 1697 1697 1697 1698 1698 1698 1696 1696 1696 1692 1692 1692 1699 1699 1699 1691 1691 1691 1700 1700 1700 1701 1701 1701 1702 1702 1702 1702 1702 1702 1703 1703 1703 1700 1700 1700 1704 1704 1704 1705 1705 1705 1701 1701 1701 1701 1701 1701 1700 1700 1700 1704 1704 1704 1706 1706 1706 1707 1707 1707 1708 1708 1708 1708 1708 1708 1709 1709 1709 1706 1706 1706 1703 1703 1703 1702 1702 1702 1708 1708 1708 1708 1708 1708 1707 1707 1707 1703 1703 1703 1701 1701 1701 1710 1710 1710 1711 1711 1711 1711 1711 1711 1702 1702 1702 1701 1701 1701 1710 1710 1710 1701 1701 1701 1705 1705 1705 1705 1705 1705 1712 1712 1712 1710 1710 1710 1709 1709 1709 1708 1708 1708 1713 1713 1713 1713 1713 1713 1714 1714 1714 1709 1709 1709 1702 1702 1702 1711 1711 1711 1713 1713 1713 1713 1713 1713 1708 1708 1708 1702 1702 1702 1715 1715 1715 1711 1711 1711 1710 1710 1710 1710 1710 1710 1716 1716 1716 1715 1715 1715 1716 1716 1716 1710 1710 1710 1712 1712 1712 1712 1712 1712 1717 1717 1717 1716 1716 1716 1714 1714 1714 1713 1713 1713 1718 1718 1718 1718 1718 1718 1719 1719 1719 1714 1714 1714 1711 1711 1711 1715 1715 1715 1718 1718 1718 1718 1718 1718 1713 1713 1713 1711 1711 1711 1720 1720 1720 1715 1715 1715 1716 1716 1716 1716 1716 1716 1721 1721 1721 1720 1720 1720 1721 1721 1721 1716 1716 1716 1717 1717 1717 1717 1717 1717 1722 1722 1722 1721 1721 1721 1718 1718 1718 1723 1723 1723 1724 1724 1724 1724 1724 1724 1719 1719 1719 1718 1718 1718 1715 1715 1715 1720 1720 1720 1723 1723 1723 1723 1723 1723 1718 1718 1718 1715 1715 1715 1721 1721 1721 1725 1725 1725 1726 1726 1726 1726 1726 1726 1720 1720 1720 1721 1721 1721 1725 1725 1725 1721 1721 1721 1722 1722 1722 1722 1722 1722 1727 1727 1727 1725 1725 1725 1723 1723 1723 1728 1728 1728 1729 1729 1729 1729 1729 1729 1724 1724 1724 1723 1723 1723 1720 1720 1720 1726 1726 1726 1728 1728 1728 1728 1728 1728 1723 1723 1723 1720 1720 1720 1725 1725 1725 1730 1730 1730 1731 1731 1731 1731 1731 1731 1726 1726 1726 1725 1725 1725 1727 1727 1727 1732 1732 1732 1730 1730 1730 1730 1730 1730 1725 1725 1725 1727 1727 1727 1728 1728 1728 1733 1733 1733 1734 1734 1734 1734 1734 1734 1729 1729 1729 1728 1728 1728 1726 1726 1726 1731 1731 1731 1733 1733 1733 1733 1733 1733 1728 1728 1728 1726 1726 1726 1650 1650 1650 1624 1624 1624 1635 1635 1635 1482 1482 1482 711 711 711 832 832 832 1443 1443 1443 1444 1444 1444 1432 1432 1432 1735 1735 1735 1736 1736 1736 1737 1737 1737 1738 1738 1738 1737 1737 1737 1736 1736 1736 1739 1739 1739 1740 1740 1740 1741 1741 1741 1742 1742 1742 1741 1741 1741 1740 1740 1740 1743 1743 1743 1744 1744 1744 1745 1745 1745 1745 1745 1745 1746 1746 1746 1743 1743 1743 1747 1747 1747 1748 1748 1748 1749 1749 1749 1749 1749 1749 1750 1750 1750 1747 1747 1747 1751 1751 1751 1741 1741 1741 1742 1742 1742 1742 1742 1742 1752 1752 1752 1751 1751 1751 1738 1738 1738 1736 1736 1736 1751 1751 1751 1751 1751 1751 1752 1752 1752 1738 1738 1738 1751 1751 1751 1736 1736 1736 1753 1753 1753 1753 1753 1753 1754 1754 1754 1751 1751 1751 1753 1753 1753 1736 1736 1736 1735 1735 1735 1755 1755 1755 1756 1756 1756 1757 1757 1757 1757 1757 1757 1758 1758 1758 1755 1755 1755 1759 1759 1759 1756 1756 1756 1755 1755 1755 1755 1755 1755 1760 1760 1760 1759 1759 1759 1760 1760 1760 1755 1755 1755 1761 1761 1761 1761 1761 1761 1762 1762 1762 1760 1760 1760 1758 1758 1758 1761 1761 1761 1755 1755 1755 1757 1757 1757 1763 1763 1763 1764 1764 1764 1764 1764 1764 1758 1758 1758 1757 1757 1757 1763 1763 1763 1765 1765 1765 1766 1766 1766 1766 1766 1766 1764 1764 1764 1763 1763 1763 1765 1765 1765 1767 1767 1767 1768 1768 1768 1768 1768 1768 1766 1766 1766 1765 1765 1765 1751 1751 1751 1754 1754 1754 1769 1769 1769 1769 1769 1769 1741 1741 1741 1751 1751 1751 1741 1741 1741 1769 1769 1769 1739 1739 1739 1770 1770 1770 1771 1771 1771 1772 1772 1772 1772 1772 1772 1773 1773 1773 1770 1770 1770 1770 1770 1770 1774 1774 1774 1775 1775 1775 1775 1775 1775 1771 1771 1771 1770 1770 1770 1768 1768 1768 1767 1767 1767 1775 1775 1775 1775 1775 1775 1774 1774 1774 1768 1768 1768 1776 1776 1776 1773 1773 1773 1772 1772 1772 1772 1772 1772 1777 1777 1777 1776 1776 1776 1760 1760 1760 1776 1776 1776 1777 1777 1777 1777 1777 1777 1759 1759 1759 1760 1760 1760 1778 1778 1778 1779 1779 1779 1780 1780 1780 1780 1780 1780 1781 1781 1781 1778 1778 1778 1781 1781 1781 1782 1782 1782 1783 1783 1783 1783 1783 1783 1778 1778 1778 1781 1781 1781 1784 1784 1784 1785 1785 1785 1786 1786 1786 1743 1743 1743 1746 1746 1746 1761 1761 1761 1761 1761 1761 1758 1758 1758 1743 1743 1743 1787 1787 1787 1788 1788 1788 1789 1789 1789 1789 1789 1789 1790 1790 1790 1787 1787 1787 1791 1791 1791 1789 1789 1789 1788 1788 1788 1788 1788 1788 1792 1792 1792 1791 1791 1791 1793 1793 1793 1794 1794 1794 1795 1795 1795 1796 1796 1796 1797 1797 1797 1798 1798 1798 1798 1798 1798 1799 1799 1799 1796 1796 1796 1800 1800 1800 1801 1801 1801 1748 1748 1748 1748 1748 1748 1747 1747 1747 1800 1800 1800 1802 1802 1802 1803 1803 1803 1804 1804 1804 1804 1804 1804 1805 1805 1805 1802 1802 1802 1803 1803 1803 1802 1802 1802 1806 1806 1806 1806 1806 1806 1807 1807 1807 1803 1803 1803 1808 1808 1808 1809 1809 1809 1810 1810 1810 1811 1811 1811 1791 1791 1791 1792 1792 1792 1792 1792 1792 1812 1812 1812 1811 1811 1811 1813 1813 1813 1814 1814 1814 1815 1815 1815 1815 1815 1815 1816 1816 1816 1813 1813 1813 1817 1817 1817 1750 1750 1750 1749 1749 1749 1818 1818 1818 1817 1817 1817 1749 1749 1749 1819 1819 1819 1820 1820 1820 1821 1821 1821 1821 1821 1821 1822 1822 1822 1819 1819 1819 1792 1792 1792 1788 1788 1788 1823 1823 1823 1823 1823 1823 1824 1824 1824 1792 1792 1792 1792 1792 1792 1824 1824 1824 1825 1825 1825 1825 1825 1825 1812 1812 1812 1792 1792 1792 1826 1826 1826 1813 1813 1813 1816 1816 1816 1816 1816 1816 1827 1827 1827 1826 1826 1826 1807 1807 1807 1828 1828 1828 1829 1829 1829 1829 1829 1829 1803 1803 1803 1807 1807 1807 1798 1798 1798 1830 1830 1830 1831 1831 1831 1831 1831 1831 1799 1799 1799 1798 1798 1798 1831 1831 1831 1830 1830 1830 1832 1832 1832 1832 1832 1832 1833 1833 1833 1831 1831 1831 1822 1822 1822 1821 1821 1821 1834 1834 1834 1834 1834 1834 1835 1835 1835 1822 1822 1822 1836 1836 1836 1837 1837 1837 1824 1824 1824 1824 1824 1824 1823 1823 1823 1836 1836 1836 1837 1837 1837 1838 1838 1838 1825 1825 1825 1825 1825 1825 1824 1824 1824 1837 1837 1837 1827 1827 1827 1839 1839 1839 1840 1840 1840 1840 1840 1840 1826 1826 1826 1827 1827 1827 1828 1828 1828 1841 1841 1841 1842 1842 1842 1842 1842 1842 1829 1829 1829 1828 1828 1828 1843 1843 1843 1844 1844 1844 1845 1845 1845 1844 1844 1844 1843 1843 1843 1846 1846 1846 1846 1846 1846 1847 1847 1847 1844 1844 1844 1847 1847 1847 1846 1846 1846 1848 1848 1848 1848 1848 1848 1849 1849 1849 1847 1847 1847 1849 1849 1849 1848 1848 1848 1850 1850 1850 1850 1850 1850 1851 1851 1851 1849 1849 1849 1852 1852 1852 1851 1851 1851 1850 1850 1850 1252 1252 1252 1257 1257 1257 951 951 951 951 951 951 295 295 295 1252 1252 1252 1178 1178 1178 1075 1075 1075 1077 1077 1077 1853 1853 1853 955 955 955 954 954 954 954 954 954 1854 1854 1854 1853 1853 1853 1855 1855 1855 1853 1853 1853 1854 1854 1854 1854 1854 1854 1856 1856 1856 1855 1855 1855 1857 1857 1857 1858 1858 1858 1859 1859 1859 1859 1859 1859 1860 1860 1860 1857 1857 1857 1858 1858 1858 963 963 963 962 962 962 962 962 962 1859 1859 1859 1858 1858 1858 1543 1543 1543 1545 1545 1545 1561 1561 1561 1561 1561 1561 1861 1861 1861 1543 1543 1543 1862 1862 1862 1861 1861 1861 1561 1561 1561 1561 1561 1561 1564 1564 1564 1862 1862 1862 1863 1863 1863 1862 1862 1862 1564 1564 1564 1564 1564 1564 1566 1566 1566 1863 1863 1863 1863 1863 1863 1566 1566 1566 1567 1567 1567 1567 1567 1567 1864 1864 1864 1863 1863 1863 1548 1548 1548 1864 1864 1864 1567 1567 1567 1567 1567 1567 1546 1546 1546 1548 1548 1548 1605 1605 1605 1607 1607 1607 696 696 696 1621 1621 1621 1475 1475 1475 1474 1474 1474 1604 1604 1604 687 687 687 683 683 683 1048 1048 1048 1865 1865 1865 1049 1049 1049 1866 1866 1866 971 971 971 970 970 970 1458 1458 1458 1457 1457 1457 1489 1489 1489 1784 1784 1784 1783 1783 1783 1785 1785 1785 1867 1867 1867 974 974 974 1868 1868 1868 1869 1869 1869 974 974 974 1867 1867 1867 1870 1870 1870 974 974 974 1869 1869 1869 1871 1871 1871 974 974 974 1870 1870 1870 978 978 978 974 974 974 1871 1871 1871 1868 1868 1868 974 974 974 979 979 979 215 215 215 1179 1179 1179 1253 1253 1253 1253 1253 1253 294 294 294 215 215 215 1179 1179 1179 1178 1178 1178 1255 1255 1255 1255 1255 1255 1253 1253 1253 1179 1179 1179 1178 1178 1178 1180 1180 1180 1259 1259 1259 1259 1259 1259 1255 1255 1255 1178 1178 1178 1180 1180 1180 1198 1198 1198 1261 1261 1261 1261 1261 1261 1259 1259 1259 1180 1180 1180 1198 1198 1198 1200 1200 1200 1265 1265 1265 1265 1265 1265 1261 1261 1261 1198 1198 1198 1200 1200 1200 238 238 238 310 310 310 310 310 310 1265 1265 1265 1200 1200 1200 955 955 955 1853 1853 1853 1859 1859 1859 1859 1859 1859 962 962 962 955 955 955 1853 1853 1853 1855 1855 1855 1860 1860 1860 1860 1860 1860 1859 1859 1859 1853 1853 1853 1857 1857 1857 1860 1860 1860 1872 1872 1872 1872 1872 1872 1858 1858 1858 1857 1857 1857 1858 1858 1858 1872 1872 1872 981 981 981 981 981 981 963 963 963 1858 1858 1858 982 982 982 981 981 981 1872 1872 1872 1872 1872 1872 1873 1873 1873 982 982 982 1873 1873 1873 1872 1872 1872 1860 1860 1860 1860 1860 1860 1855 1855 1855 1873 1873 1873 1577 1577 1577 1471 1471 1471 1576 1576 1576 1575 1575 1575 1551 1551 1551 1608 1608 1608 1551 1551 1551 1576 1576 1576 1608 1608 1608 1785 1785 1785 1783 1783 1783 1782 1782 1782 1809 1809 1809 1808 1808 1808 1874 1874 1874 1795 1795 1795 1794 1794 1794 1875 1875 1875 1525 1525 1525 1524 1524 1524 1526 1526 1526 1523 1523 1523 1535 1535 1535 1524 1524 1524 1573 1573 1573 1478 1478 1478 1627 1627 1627 1696 1696 1696 1686 1686 1686 1695 1695 1695 1635 1635 1635 1508 1508 1508 1640 1640 1640 81 81 81 1065 1065 1065 1124 1124 1124 1050 1050 1050 1049 1049 1049 1876 1876 1876 1407 1407 1407 1394 1394 1394 1397 1397 1397 1436 1436 1436 1435 1435 1435 1439 1439 1439 1436 1436 1436 1439 1439 1439 1438 1438 1438 1446 1446 1446 1445 1445 1445 1877 1877 1877 1576 1576 1576 1471 1471 1471 1609 1609 1609 1453 1453 1453 1577 1577 1577 1576 1576 1576 1453 1453 1453 1551 1551 1551 1546 1546 1546 1608 1608 1608 1609 1609 1609 1603 1603 1603 1603 1603 1603 1575 1575 1575 1608 1608 1608 1604 1604 1604 1600 1600 1600 1603 1603 1603 1539 1539 1539 745 745 745 1540 1540 1540 1524 1524 1524 1539 1539 1539 1538 1538 1538 1537 1537 1537 1536 1536 1536 1878 1878 1878 1494 1494 1494 1505 1505 1505 1504 1504 1504 1489 1489 1489 1488 1488 1488 1879 1879 1879 1879 1879 1879 1488 1488 1488 1880 1880 1880 1452 1452 1452 1454 1454 1454 1570 1570 1570 1569 1569 1569 1454 1454 1454 1565 1565 1565 1508 1508 1508 1634 1634 1634 1639 1639 1639 1606 1606 1606 1611 1611 1611 1607 1607 1607 1605 1605 1605 696 696 696 687 687 687 696 696 696 1615 1615 1615 991 991 991 1611 1611 1611 1616 1616 1616 1607 1607 1607 1591 1591 1591 1590 1590 1590 1589 1589 1589 1581 1581 1581 1591 1591 1591 1580 1580 1580 1597 1597 1597 1592 1592 1592 1581 1581 1581 1580 1580 1580 1589 1589 1589 1584 1584 1584 1541 1541 1541 1538 1538 1538 1542 1542 1542 1536 1536 1536 1643 1643 1643 1878 1878 1878 1065 1065 1065 1122 1122 1122 1124 1124 1124 1067 1067 1067 1065 1065 1065 1068 1068 1068 1285 1285 1285 1271 1271 1271 1283 1283 1283 1283 1283 1283 1881 1881 1881 1285 1285 1285 1277 1277 1277 1279 1279 1279 1324 1324 1324</p>
        </triangles>
      </mesh>
    </geometry>
  </library_geometries>
  <library_controllers>
    <controller id="geom-alice_lod1-skin1">
      <skin source="#geom-alice_lod1">
        <bind_shape_matrix>0.3937008 0 0 0 0 0.3937008 0 0 0 0 0.3937008 0 0 0 0 1</bind_shape_matrix>
        <source id="geom-alice_lod1-skin1-joints">
          <Name_array id="geom-alice_lod1-skin1-joints-array" count="64">joint0 joint1 joint2 joint3 joint4 joint5 joint6 joint7 joint8 joint9 joint10 joint11 joint12 joint13 joint14 joint15 joint16 joint17 joint18 joint19 joint20 joint21 joint22 joint23 joint24 joint25 joint26 joint27 joint28 joint29 joint30 joint31 joint32 joint33 joint34 joint35 joint36 joint37 joint38 joint39 joint40 joint41 joint42 joint43 joint44 joint45 joint46 joint47 joint48 joint49 joint50 joint51 joint52 joint53 joint54 joint55 joint56 joint57 joint58 joint59 joint60 joint61 joint62 joint63</Name_array>
          <technique_common>
            <accessor source="#geom-alice_lod1-skin1-joints-array" count="64" stride="1">
              <param name="JOINT" type="name"/>
            </accessor>
          </technique_common>
        </source>
        <source id="geom-alice_lod1-skin1-bind_poses">
          <float_array id="geom-alice_lod1-skin1-bind_poses-array" count="1024">6.1447e-12 -4.43085e-6 2.54 -637.1115 6.74215e-6 -2.54 -4.43085e-6 -17.91951 2.54 6.74215e-6 5.6165e-12 4.41588e-5 0 0 0 1 3.63887e-6 -0.002027058 2.539999 -688.1757 -4.15835e-6 -2.539999 -0.002027059 -17.31553 2.54 -4.15544e-6 -3.64219e-6 8.89437e-4 0 0 0 1 2.427172 0.6798283 -0.3134795 50.00183 0.4960776 -2.257134 -1.05397 334.9245 -0.5606629 0.9459273 -2.289645 634.9151 0 0 0 1 -2.427175 0.6798222 -0.3134733 50.00024 -0.496072 -2.257131 -1.053979 334.9272 -0.560657 -0.9459397 2.289642 -634.9138 0 0 0 1 0.4342274 1.511519 -1.994582 501.9213 0.08209699 2.01469 1.54463 -475.2893 2.501261 -0.3285314 0.2955678 -91.10126 0 0 0 1 0.4281251 1.3803 -2.088798 446.6423 0.1095525 2.106759 1.414623 -447.6992 2.501261 -0.3285313 0.2955674 -91.10117 0 0 0 1 -0.4342366 1.511518 -1.994581 501.9211 -0.08211111 2.014689 1.544632 -475.2897 2.501259 0.3285484 -0.2955666 91.10053 0 0 0 1 -0.4281344 1.380299 -2.088797 446.6421 -0.1095672 2.106758 1.414625 -447.7 2.501259 0.3285486 -0.295567 91.10062 0 0 0 1 -0.0448359 0.08356863 -2.538228 369.2475 -0.001819528 -2.538625 -0.08354954 -7.266796 -2.539603 3.43449e-4 0.0448715 48.16821 0 0 0 1 -3.497e-6 4.37931e-6 -2.539999 42.9955 0.6939133 -2.443375 -5.20088e-6 -21.75756 -2.443375 -0.6939132 2.18631e-6 44.6902 0 0 0 1 0.6939141 -2.443375 -5.08985e-6 -77.63979 3.4189e-6 -4.28607e-6 2.539998 -8.203682 -2.443374 -0.6939141 2.13665e-6 44.69017 0 0 0 1 0.04482708 0.08356908 -2.538229 369.2475 0.001825514 -2.538625 -0.08354992 -7.266735 -2.539604 -3.49715e-4 -0.04486287 -48.17035 0 0 0 1 -4.86804e-6 4.67655e-6 -2.539999 42.99552 -0.6939074 -2.443377 -3.22843e-6 -21.75809 -2.443377 0.6939074 5.98246e-6 -44.69225 0 0 0 1 -0.6939084 -2.443377 -3.1174e-6 -77.64033 4.89565e-6 -4.56897e-6 2.539999 -8.203717 -2.443376 0.6939084 5.97963e-6 -44.6922 0 0 0 1 3.63321e-6 -0.002027059 2.539999 -758.5067 -4.15834e-6 -2.539999 -0.002027059 -17.25953 2.54 -4.15544e-6 -3.63653e-6 8.88053e-4 0 0 0 1 3.62188e-6 -0.002027059 2.539999 -828.8374 -4.15834e-6 -2.54 -0.002027059 -17.19211 2.54 -4.15545e-6 -3.6252e-6 8.8486e-4 0 0 0 1 3.60489e-6 -0.002027059 2.539999 -926.3164 -4.15834e-6 -2.540001 -0.00202706 -0.1227204 2.54 -4.15546e-6 -3.60821e-6 9.02566e-4 0 0 0 1 3.58556e-6 -7.76983e-7 2.539999 -970.8887 -4.15546e-6 -2.540001 -7.78849e-7 -0.8972563 2.54 -4.15546e-6 -3.58556e-6 8.92175e-4 0 0 0 1 1.848977 0.6243657 1.625744 -760.2982 0.5137004 -2.461181 0.360976 -176.535 1.664029 0.06602731 -1.917875 885.2302 0 0 0 1 -1.848975 0.6243615 1.625749 -760.2992 -0.5137024 -2.461182 0.3609678 -176.5309 1.664031 -0.06603589 1.917873 -885.2304 0 0 0 1 -4.29449e-6 0.7773705 -2.418117 920.5073 -8.26941e-6 2.41812 0.7773702 -373.8597 2.54 9.18694e-6 -1.55756e-6 -9.89879e-5 0 0 0 1 -3.9837e-6 0.06335963 -2.539207 884.3379 -9.14522e-6 2.539211 0.06335998 -129.4465 2.54 9.24176e-6 -3.75434e-6 6.15514e-4 0 0 0 1 2.085905 0.4369405 -1.381911 467.1522 -0.520755 2.486045 4.94477e-6 8.906944 1.352557 0.283318 2.131178 -789.345 0 0 0 1 1.856628 0.1716714 -1.724834 518.4319 0.001011267 2.527406 0.2526395 -99.2106 1.733356 -0.1853553 1.847354 -704.661 0 0 0 1 1.825681 -0.2893502 -1.742055 416.5119 0.3375707 2.516649 -0.0642307 -24.1032 1.733357 -0.1853555 1.847353 -704.6605 0 0 0 1 1.801932 -0.4409677 -1.734987 293.2037 -1.733001 0.1873417 -1.847486 704.6549 0.4487066 2.494405 -0.1679602 -6.949966 0 0 0 1 1.319522 -1.144152 -1.844279 330.7611 -0.4491183 1.967724 -1.542061 495.9991 2.123381 1.127201 0.8199209 -451.5039 0 0 0 1 1.354015 -1.313392 -1.700949 256.906 -0.3308803 1.859038 -1.698848 520.7108 2.123382 1.127201 0.8199197 -451.5037 0 0 0 1 1.717895 -0.9192554 -1.629538 202.728 -1.697055 0.1657602 -1.882582 714.6573 0.7876711 2.362011 -0.5020735 60.89369 0 0 0 1 1.280565 -0.856312 -2.019518 330.6617 -2.047269 0.3731429 -1.456381 656.116 0.7876713 2.362011 -0.502073 60.89351 0 0 0 1 1.80193 -0.4409674 -1.734988 225.0538 -1.783206 -0.2255306 -1.794688 697.4659 0.1575214 2.491242 -0.4695766 105.2018 0 0 0 1 1.081223 -0.4915662 -2.245193 417.7545 -2.292975 -0.06065012 -1.090956 589.9884 0.1575214 2.491241 -0.4695765 105.2018 0 0 0 1 -2.085911 0.4369356 -1.381906 467.1508 0.5207494 2.486045 3.3423e-6 8.90737 1.352551 -0.283315 -2.131181 789.3459 0 0 0 1 -1.856635 0.1716674 -1.724829 518.4304 -0.00101599 2.527405 0.2526389 -99.21039 1.73335 0.1853587 -1.847359 704.662 0 0 0 1 -1.825686 -0.2893539 -1.74205 416.5106 -0.3375764 2.516648 -0.06423029 -24.10322 1.733351 0.1853586 -1.847358 704.6617 0 0 0 1 -1.801936 -0.4409709 -1.73498 293.2021 1.732995 0.187345 -1.847489 704.6558 0.4487125 -2.494402 0.1679594 6.950077 0 0 0 1 -1.319524 -1.144154 -1.844275 330.76 0.4491099 1.967722 -1.542061 495.9993 2.12338 -1.127196 -0.8199252 451.5048 0 0 0 1 -1.354016 -1.313393 -1.700945 256.905 0.330872 1.859035 -1.698848 520.7106 2.123382 -1.127195 -0.819924 451.5046 0 0 0 1 -1.717898 -0.9192574 -1.629532 202.7265 1.697049 0.1657635 -1.882585 714.6579 0.7876772 -2.362007 0.5020713 -60.89321 0 0 0 1 -1.280569 -0.8563126 -2.019514 330.6606 2.047262 0.3731472 -1.456385 656.1168 0.7876776 -2.362007 0.5020702 -60.89288 0 0 0 1 -1.801933 -0.4409707 -1.734983 225.0526 1.783201 -0.2255262 -1.794691 697.4666 0.1575285 -2.49124 0.469576 -105.2016 0 0 0 1 -1.081227 -0.4915668 -2.245189 417.7535 2.292972 -0.06064465 -1.09096 589.989 0.1575282 -2.491239 0.4695751 -105.2014 0 0 0 1 0.6446469 1.539275 -1.914853 490.5538 0.7223303 1.773429 1.668768 -495.0247 2.348248 -0.9680798 0.01235067 -18.37328 0 0 0 1 0.3539915 0.8283771 -2.374886 474.8461 0.9011207 2.197319 0.9007586 -352.0188 2.348248 -0.9680791 0.01234825 -18.3728 0 0 0 1 0.2287122 0.5232161 -2.474983 352.2988 0.9407545 2.289249 0.5708865 -307.0104 2.348249 -0.9680794 0.012347 -18.37258 0 0 0 1 -0.6446516 1.539274 -1.914852 490.5536 -0.7223481 1.773422 1.668769 -495.0248 2.34824 0.968096 -0.01234163 18.37063 0 0 0 1 -0.3539942 0.8283762 -2.374885 474.8458 -0.9011389 2.197311 0.9007589 -352.019 2.34824 0.9680967 -0.01234382 18.37107 0 0 0 1 -0.2287146 0.5232164 -2.474981 352.2983 -0.9407721 2.289241 0.5708879 -307.0108 2.34824 0.9680967 -0.01234466 18.37119 0 0 0 1 0.5937502 -1.49196 -1.968023 488.7048 2.347208 0.9702907 -0.02742882 3.667657 0.7679045 -1.812232 1.605532 -503.6013 0 0 0 1 0.5419365 -1.457585 -2.008318 491.2736 -0.5702501 1.927489 -1.552802 497.273 2.415102 0.7821908 0.08401154 -25.63136 0 0 0 1 0.2862299 -0.6210222 -2.446218 456.0595 -0.7327732 2.335402 -0.678632 351.0915 2.415101 0.7821923 0.08401357 -25.63159 0 0 0 1 0.3772107 -0.9777265 -2.313731 461.8005 2.347379 0.969882 -0.02715223 3.708425 0.8939358 -2.134239 1.047617 -398.5728 0 0 0 1 0.1063853 -0.3277076 -2.516519 394.3683 2.347594 0.9693639 -0.02698886 3.77361 0.9638875 -2.324765 0.3434861 -298.4055 0 0 0 1 -0.5937476 -1.491964 -1.968021 488.7043 -2.347214 0.9702747 -0.02741964 3.664714 0.7678856 1.812238 -1.605534 503.6019 0 0 0 1 -0.5419353 -1.457589 -2.008318 491.2734 0.5702304 1.927494 -1.552802 497.2731 2.415107 -0.7821746 -0.08402199 25.63464 0 0 0 1 -0.2862322 -0.6210267 -2.446221 456.0599 0.7327526 2.335406 -0.6786325 351.0916 2.415107 -0.7821741 -0.08401951 25.63424 0 0 0 1 -0.3772101 -0.9777305 -2.313732 461.8004 -2.347387 0.9698649 -0.02714589 3.706038 0.8939166 2.134244 -1.047619 398.5732 0 0 0 1 -0.1063869 -0.3277102 -2.516521 394.3686 -2.347602 0.9693469 -0.02698593 3.771735 0.9638689 2.324772 -0.3434866 298.4058 0 0 0 1 1.761808 0.002047808 -1.829652 448.895 -0.001194142 2.539999 0.001692989 5.334714 1.829653 -3.14117e-4 1.761808 -540.998 0 0 0 1 0.9547223 0.002165638 -2.35374 479.4768 -5.53277e-4 2.539998 0.002112591 5.337739 2.353741 -2.81366e-4 0.9547227 -390.6697 0 0 0 1 0.528729 0.002214237 -2.484356 359.1395 -2.14888e-4 2.539997 0.002218095 5.420782 2.484358 -2.51541e-4 0.5287294 -333.0367 0 0 0 1 -1.761808 0.002042657 -1.829652 448.8949 0.001175699 2.539998 0.001703597 5.331437 1.829653 3.34761e-4 -1.761808 540.9984 0 0 0 1 -0.9547226 0.002163271 -2.35374 479.4769 5.31465e-4 2.539998 0.002118882 5.335228 2.353741 3.03943e-4 -0.9547223 390.6698 0 0 0 1 -0.5287294 0.002213328 -2.484357 359.1398 1.92354e-4 2.539997 0.002221959 5.418609 2.484358 2.74386e-4 -0.5287292 333.0369 0 0 0 1</float_array>
          <technique_common>
            <accessor source="#geom-alice_lod1-skin1-bind_poses-array" count="64" stride="16">
              <param name="TRANSFORM" type="float4x4"/>
            </accessor>
          </technique_common>
        </source>
        <source id="geom-alice_lod1-skin1-weights">
          <float_array id="geom-alice_lod1-skin1-weights-array" count="2317">1 0.9780281 0.02197183 0.425 0.575 0.2999999 0.7000001 0.425 0.575 0.3474757 0.6525243 0.2999999 0.7000001 0.35 0.65 0.2999999 0.7000001 0.425 0.575 2.284e-4 0.679529 0.3124162 0.00782646 0.2750002 0.7249998 0.2 0.8 0.3073378 0.2606011 0.4320611 0.35 0.65 0.3474757 0.6525243 0.2 0.8 0.2750002 0.7249998 0.3073378 0.2606011 0.4320611 0.3474757 0.6525243 0.55 0.45 0.3073378 0.2606011 0.4320611 0.2750002 0.7249998 0.1 0.9 0.3073378 0.2606011 0.4320611 0.3073378 0.2606011 0.4320611 0.35 0.65 0.35 0.65 0.9761645 0.02383559 0.9789525 0.02104753 0.2 0.8 0.3474757 0.6525243 0.425 0.575 0.3474757 0.6525243 0.2999999 0.7000001 0.2 0.8 0.2 0.8 0.6352149 0.3647851 0.6352149 0.3647851 0.6352149 0.3647851 0.6352149 0.3647851 0.05 0.95 0.05 0.95 0.35 0.65 0.3474757 0.6525243 0.1475785 0.8408366 0.01158488 0.00144876 0.499222 0.499222 1.0734e-4 0.7497937 0.2502063 0.5517262 0.4482737 0.4917952 0.5082048 0.1482293 0.6678779 0.1838929 0.0027728 0.9865493 0.01067787 0.00414071 0.9841809 0.01167836 2.9874e-4 0.9689163 0.03078495 0.9719456 0.02805433 0.00519101 0.9838856 0.01092335 7.5421e-4 0.9746912 0.02455458 0.9 0.1 0.9 0.09999998 0.9 0.1 0.9 0.1 0.9 0.09999998 0.3662952 0.6337048 0.7825183 0.2174818 0.5517262 0.4482737 0.2625 0.429291 0.308209 0.7825183 0.2174818 0.3662952 0.6337048 0.4873715 0.3420829 0.1705455 0.5637107 0.2791871 0.1571022 0.3572173 0.4277436 0.2150391 0.4873715 0.3420829 0.1705455 0.2625 0.429291 0.308209 0.09980325 0.5474498 0.309776 0.04297089 0.4873715 0.3420829 0.1705455 0.1391046 0.5517485 0.309147 0.01373738 0.4978558 0.4884068 0.2643858 0.4463573 0.2892569 0.1391046 0.5517485 0.309147 0.618722 0.381278 2.9874e-4 0.9689163 0.03078495 0.6103742 0.3856671 0.0039588 0.2619844 0.4323995 0.3056161 0.9 0.1 0.501417 0.4985829 0.501417 0.4985829 0.9 0.1 0.35 0.65 0.4417168 0.5582832 0.4240246 0.5759754 0.1 0.9 0.1 0.9 0.417772 0.582228 0.09999962 0.9000004 0.45 0.55 0.1 0.9 0.5 0.5 0.02523837 0.9747616 0.7096468 0.2903531 0.526783 0.473217 0.06747186 0.8351054 0.0974228 0.3932964 0.6067036 0.03836937 0.8616307 0.1 0.1399976 0.5100022 0.3500002 0.1265534 0.5234468 0.3499998 0.09980325 0.5474498 0.309776 0.04297089 3.483e-4 0.9996517 0.840061 0.159939 0.7825183 0.2174818 0.840061 0.159939 0.5517262 0.4482737 0.8787284 0.1212715 0.7580373 0.2419627 0.8787284 0.1212715 0.9 0.09999998 0.05 0.95 0.9 0.1 0.9 0.09999998 0.5951001 0.4048999 0.618722 0.381278 0.6496375 0.3503624 0.9443323 0.05566768 0.9719456 0.02805433 2.9874e-4 0.9689163 0.03078495 0.00412831 0.9710284 0.02484322 0.9443323 0.05566768 0.05 0.95 0.9 0.09999998 0.9 0.09999998 0.5000001 0.4999999 0.5469277 0.4530723 0.7580373 0.2419627 0.7825183 0.2174818 0.4351943 0.5648057 0.417772 0.582228 0.4351943 0.5648057 0.2992106 0.5007894 0.2 0.01394477 0.4730744 0.5129808 0.01373738 0.4978558 0.4884068 0.1391046 0.5517485 0.309147 0.09980325 0.5474498 0.309776 0.04297089 0.6402999 0.3525337 0.00716641 0.2992106 0.5007894 0.2 2.1164e-4 0.9535979 0.04619047 2.1164e-4 0.9535979 0.04619047 2.9874e-4 0.9689163 0.03078495 0.2871263 0.4669976 0.2458761 2.5238e-4 0.9700854 0.0296623 2.4487e-4 0.9412835 0.05847177 0.5840191 0.4159809 0.5595625 0.4404376 0.4240246 0.5759754 0.3572173 0.4277436 0.2150391 0.5840191 0.4159809 0.2503062 0.2493787 0.5003151 7.5421e-4 0.9746912 0.02455458 3.7159e-4 0.9828041 0.01682431 2.5238e-4 0.9700854 0.0296623 0.00519101 0.9838856 0.01092335 0.002729 0.9895051 0.00776596 3.7159e-4 0.9828041 0.01682431 7.5421e-4 0.9746912 0.02455458 0.00317068 0.9858313 0.01099815 0.003521465 0.2291057 0.7331894 0.03418337 0.2577701 0.1069637 0.464068 0.1711982 0.1454855 0.0827189 0.5686972 0.2030984 0.002729 0.9895051 0.00776596 0.00484506 0.9708245 0.02433045 0.05279569 0.1383078 0.4076817 0.4012148 0.9763352 0.0236648 0.9841568 0.0158432 0.9761645 0.02383559 0.9841568 0.0158432 8.6879e-4 0.991612 0.00751926 0.9761645 0.02383559 0.9789525 0.02104753 0.4942968 0.3039135 0.2017897 0.4971311 0.313924 0.1889449 2.5238e-4 0.9700854 0.0296623 0.9763352 0.0236648 0.4971311 0.313924 0.1889449 0.2871263 0.4669976 0.2458761 8.6879e-4 0.991612 0.00751926 0.9841568 0.0158432 0.09007746 0.5048969 0.08283033 0.3221953 8.6879e-4 0.991612 0.00751926 0.1098879 0.6365101 0.2170636 0.03653844 0.102431 0.4342391 0.03950421 0.4238256 3.0758e-4 0.9901485 0.00954388 0.5 0.5 0.5840191 0.4159809 0.5595625 0.4404376 0.620227 0.3797729 0.21 0.475 0.315 0.2503062 0.2493787 0.5003151 0.5840191 0.4159809 0.5 0.5 0.620227 0.3797729 0.5518134 0.4481866 0.5469277 0.4530723 0.6 0.4 0.9 0.1 0.9 0.1 0.1 0.9 0.1 0.9 0.1000004 0.8999997 0.1000004 0.8999997 0.1 0.9 0.09999962 0.9000004 0.417772 0.582228 0.1 0.9 0.1 0.9 0.1176553 0.8823447 0.1130603 0.8869397 0.1 0.9 0.5485453 0.4514547 0.6003308 0.3996692 0.02523837 0.9747616 0.1130603 0.8869397 0.1176553 0.8823447 0.5486966 0.4513033 0.5485453 0.4514547 0.1130603 0.8869397 0.03396224 0.9660378 0.03396224 0.9660378 0.6006486 0.3993514 0.5486966 0.4513033 0.1176553 0.8823447 0.03396224 0.9660378 0.01298273 0.9870173 0.01298273 0.9870173 0.6000012 0.3999988 0.6006486 0.3993514 0.03396224 0.9660378 0.01417762 0.9858224 0.01417762 0.9858224 0.5999994 0.4000006 0.6000012 0.3999988 0.01298273 0.9870173 0.5999994 0.4000006 0.01417762 0.9858224 0.1341347 0.6706538 0.02025932 0.1749521 0.2432746 0.5522805 0.1032112 0.1012336 0.1539762 0.238451 0.1154822 0.4920906 0.3853088 0.1262631 0.4682307 0.02019732 0.1197711 0.4070293 0.03259516 0.4406045 0.2586006 0.3493702 0.2794888 0.1125405 0.81 0.19 0.49 0.51 0.0193245 0.08672131 0.1278848 0.7660694 0.05843365 0.1559917 0.7049413 0.08063346 7.24544e-4 0.02997231 0.07995791 0.8893452 0.2141106 0.3571244 0.05542502 0.37334 0.1557365 0.4059334 0.07501221 0.3633179 0.52 0.48 0.02149714 0.8583767 1.7628e-4 0.11995 0.4248977 0.5289714 0.002066772 0.04406411 0.84 0.16 0.1049868 0.3940587 0.1342741 0.3666803 0.222043 0.2875723 0.213479 0.2769057 0.5 0.5 0.3572173 0.4277436 0.2150391 0.7580373 0.2419627 0.7000002 0.2999998 0.7 0.2999999 0.9 0.1 0.1500031 0.8499969 0.15 0.85 0.15 0.85 0.75 0.25 0.15 0.85 0.875 0.125 0.15 0.85 0.75 0.25 0.5358695 0.275 0.1891305 0.2289857 0.6250006 0.1460137 0.2499999 0.7500001 0.5799915 0.125 0.2950085 0.1955808 0.6250001 0.1794191 0.1995617 0.5 0.3004382 0.5799915 0.125 0.2950085 0.5 0.5 0.6764954 0.3235046 0.2499999 0.7500001 0.5799915 0.125 0.2950085 0.2 0.8 0.2 0.8 0.4451435 0.4451435 0.109713 0.5 0.5 0.4562155 0.4562155 0.08756891 0.5 0.5 0.5799915 0.125 0.2950085 0.7 0.2999999 0.7 0.3 0.7 0.3 0.6999981 0.3000019 0.7 0.3 0.7 0.3 0.7 0.3 0.7 0.3 0.7000002 0.2999998 0.6999981 0.3000019 0.7 0.3 0.7 0.2999999 0.3448667 0.6551333 0.7 0.3 0.7 0.3 0.3448667 0.6551333 0.15 0.85 0.7 0.3 0.7000002 0.2999998 0.7 0.3 0.15 0.85 0.2177946 0.6299139 0.1522915 0.2289857 0.6250006 0.1460137 0.1955808 0.6250001 0.1794191 0.2326694 0.5 0.2673306 0.2326694 0.5 0.2673306 0.1995617 0.5 0.3004382 0.5799915 0.125 0.2950085 0.2499999 0.7500001 0.5417274 0.4018093 0.05646335 0.6000124 0.3553936 0.04459402 0.5417274 0.4018093 0.05646335 0.45 0.55 0.6000124 0.3553936 0.04459402 0.45 0.55 0.6764954 0.3235046 0.5799915 0.125 0.2950085 0.2326694 0.5 0.2673306 0.2289857 0.6250006 0.1460137 0.2177946 0.6299139 0.1522915 0.2289857 0.6250006 0.1460137 0.2326694 0.5 0.2673306 0.1995617 0.5 0.3004382 0.1955808 0.6250001 0.1794191 0.1995617 0.5 0.3004382 0.1955808 0.6250001 0.1794191 0.7 0.2999999 0.5358695 0.275 0.1891305 0.6764954 0.3235046 0.5358695 0.275 0.1891305 0.5 0.5 0.2 0.8 0.5 0.5 0.5358695 0.275 0.1891305 0.01394477 0.4730744 0.5129808 0.2637447 0.4424598 0.2937956 2.4487e-4 0.9412835 0.05847177 0.9763352 0.0236648 0.3165514 0.6834487 0.35 0.65 0.2045279 0.7954721 0.3165514 0.6834487 0.3 0.7 0.3 0.7 0.737582 0.2624181 0.3 0.7 0.4355561 0.5644439 0.3 0.7 0.1999999 0.8000001 0.5292244 0.4707756 0.737582 0.2624181 0.5292244 0.4707756 0.603928 0.396072 0.5292244 0.4707756 0.5292244 0.4707756 0.603928 0.396072 0.3425142 0.6574858 0.3425142 0.6574858 0.35 0.65 0.35 0.65 0.5 0.5 0.35 0.65 0.2045279 0.7954721 0.3 0.7 0.5292244 0.4707756 0.3425142 0.6574858 0.3425142 0.6574858 0.2045279 0.7954721 0.35 0.65 0.3165514 0.6834487 0.4355561 0.5644439 0.3425142 0.6574858 0.5 0.5 0.1999999 0.8000001 0.35 0.65 0.5 0.5 0.2045279 0.7954721 0.3165514 0.6834487 0.5 0.5 0.9977202 0.0022798 0.6260232 0.3739768 0.8249229 0.1750771 0.603928 0.396072 0.8821038 0.1178962 0.8749999 0.1250001 0.4499997 0.5500003 0.03836937 0.8616307 0.1 0.3464809 0.3035191 0.35 0.1277698 0.1476027 0.2625476 0.4620799 0.2499998 0.7500002 0.2499998 0.7500002 0.3464809 0.3035191 0.35 0.4917952 0.5082048 0.05 0.95 0.3721136 0.4830873 0.1447992 0.6083155 0.3697709 0.02191356 0.4794305 0.5041793 0.01639023 0.4578423 0.05958133 0.4825764 0.75 0.25 0.8821038 0.1178962 0.4794305 0.5041793 0.01639023 0.6083155 0.3697709 0.02191356 0.2 0.8 0.6250004 0.3749996 0.3721136 0.4830873 0.1447992 0.05 0.95 0.5000001 0.4999999 0.3721136 0.4830873 0.1447992 0.5000001 0.4999999 0.6637472 0.3362528 7.7498e-4 0.8323925 0.1668325 0.2 0.8 0.2 0.8 0.1988789 0.4164473 0.3846737 0.637453 0.3609714 0.00157561 0.3392649 0.6607351 0.2823902 0.597688 0.1199218 0.7275581 0.227333 0.04510879 0.526783 0.473217 0.9977202 0.0022798 0.9977202 0.0022798 0.2823902 0.597688 0.1199218 0.2839377 0.6938372 0.02222508 0.8249229 0.1750771 0.7497937 0.2502063 0.2485255 0.7514744 3.483e-4 0.9996517 0.4499997 0.5500003 0.7096468 0.2903531 0.75 0.25 0.7102616 0.2897384 0.05239257 0.7726074 0.175 0.2 0.8 0.1999999 0.8000001 0.1988789 0.4164473 0.3846737 0.04924082 0.7464635 0.2042957 0.5000001 0.4999999 0.2 0.8 0.09893681 0.4603448 0.4407184 0.526783 0.473217 0.603928 0.396072 2.9874e-4 0.9689163 0.03078495 0.7566789 0.2433211 0.95 0.05 0.6317711 0.3682289 0.95 0.05 0.95 0.05 0.2987309 0.701269 0.3161043 0.6838956 0.76029 0.23971 0.7566789 0.2433211 0.3161043 0.6838956 0.09978175 0.9002182 0.8124979 0.1875021 0.4627366 0.5372634 0.6625767 0.3374233 0.1695517 0.8304483 0.4627366 0.5372634 0.6317711 0.3682289 0.02581288 0.9741871 0.2987309 0.701269 0.02581288 0.9741871 0.09978175 0.9002182 0.1695517 0.8304483 0.6625767 0.3374233 0.7753103 0.2246897 0.7753103 0.2246897 0.8124979 0.1875021 0.7753103 0.2246897 0.38416 0.5762401 0.02 0.0196 0.2988103 0.6458227 0.05536699 0.0027728 0.9865493 0.01067787 0.00412831 0.9710284 0.02484322 0.306384 0.3644128 0.3292032 0.3160203 0.680648 0.00333174 0.00414071 0.9841809 0.01167836 0.6037262 0.3940049 0.00226889 0.5440165 0.3715787 0.02734061 0.05706412 0.9 0.1 0.2913527 0.1896148 0.3510303 0.1680023 0.5 0.5 0.3474757 0.6525243 0.603928 0.396072 0.49 0.51 0.81 0.19 0.4290933 0.5709066 7.24544e-4 0.02997231 0.07995791 0.8893452 0.52 0.48 0.84 0.16 0.5 0.5 0.38416 0.5762401 0.02 0.0196 0.2231407 0.5666407 0.1168976 0.09332106 0.1344561 0.1959964 0.1122244 0.5573232 0.2951982 0.3758375 0.3289643 0.2394797 0.7264712 0.03404913 0.3 0.7 0.1999999 0.8000001 0.6764954 0.3235046 0.425 0.575 0.3 0.7 0.425 0.575 0.3 0.7 0.3484641 0.6515359 0.3 0.7 0.3500001 0.6499999 0.425 0.575 0.2 0.8 0.2750002 0.7249998 2.284e-4 0.679529 0.3124162 0.00782646 0.3073363 0.2605989 0.4320649 0.3484641 0.6515359 0.3500001 0.6499999 0.2 0.8 0.3484641 0.6515359 0.3073363 0.2605989 0.4320649 0.2750002 0.7249998 0.55 0.45 0.2750002 0.7249998 0.3073363 0.2605989 0.4320649 0.1 0.9 0.3073363 0.2605989 0.4320649 0.3073363 0.2605989 0.4320649 0.3500001 0.6499999 0.3500001 0.6499999 0.9761645 0.02383559 0.2 0.8 0.425 0.575 0.3484641 0.6515359 0.3484641 0.6515359 0.3 0.7 0.2 0.8 0.2 0.8 0.6352149 0.3647851 0.6352149 0.3647851 0.6352149 0.3647851 0.05 0.95 0.05 0.95 0.6352149 0.3647851 0.3500001 0.6499999 0.3484641 0.6515359 0.00144876 0.499222 0.499222 1.0734e-4 0.7497937 0.2502063 0.5517266 0.4482734 0.1482293 0.6678779 0.1838929 0.4917952 0.5082048 0.0027728 0.9865493 0.01067787 0.9719456 0.02805433 2.9874e-4 0.9689162 0.03078502 0.00414071 0.9841809 0.01167836 7.5421e-4 0.9746912 0.02455458 0.00519102 0.9838856 0.01092333 0.9 0.1 0.9 0.09999998 0.9 0.1 0.9 0.09999998 0.9 0.1 0.3662952 0.6337048 0.5517266 0.4482734 0.7825184 0.2174815 0.2625 0.429291 0.308209 0.3662952 0.6337048 0.7825184 0.2174815 0.4873715 0.3420829 0.1705455 0.5637107 0.2791871 0.1571022 0.4873715 0.3420829 0.1705455 0.3572173 0.4277436 0.2150391 0.2625 0.429291 0.308209 0.4873715 0.3420829 0.1705455 0.09980326 0.5474498 0.309776 0.04297088 0.1391046 0.5517485 0.3091469 0.01373738 0.4978558 0.4884068 0.1391046 0.5517485 0.3091469 0.2643858 0.4463573 0.2892569 0.6187221 0.3812779 0.6103742 0.3856671 0.0039588 2.9874e-4 0.9689162 0.03078502 0.2619844 0.4323995 0.3056161 0.501417 0.4985829 0.9 0.1 0.501417 0.4985829 0.35 0.65 0.9 0.1 0.4417168 0.5582832 0.1 0.9 0.4240246 0.5759754 0.1 0.9 0.4177711 0.5822289 0.45 0.55 0.09999962 0.9000004 0.5 0.5 0.1 0.9 0.02523841 0.9747616 0.7096468 0.2903531 0.526783 0.473217 0.06747186 0.8351054 0.0974228 0.03836937 0.8616307 0.1 0.1265534 0.5234468 0.3499998 0.09980326 0.5474498 0.309776 0.04297088 3.483e-4 0.9996517 0.8400611 0.1599388 0.7825184 0.2174815 0.5517266 0.4482734 0.8400611 0.1599388 0.8787287 0.1212713 0.8787287 0.1212713 0.7580371 0.2419629 0.9 0.09999998 0.05 0.95 0.9 0.09999998 0.9 0.1 0.6187221 0.3812779 0.5951001 0.4048999 0.9719456 0.02805433 2.9874e-4 0.9689162 0.03078502 0.05 0.95 0.5000001 0.4999999 0.9 0.09999998 0.9 0.09999998 0.7580371 0.2419629 0.4177711 0.5822289 0.4351951 0.5648049 0.7825184 0.2174815 0.4351951 0.5648049 0.01373738 0.4978558 0.4884068 0.09980326 0.5474498 0.309776 0.04297088 0.1391046 0.5517485 0.3091469 2.1164e-4 0.9535979 0.04619047 2.9874e-4 0.9689162 0.03078502 2.1164e-4 0.9535979 0.04619047 0.2871263 0.4669976 0.2458761 2.5238e-4 0.9700854 0.02966231 0.584019 0.415981 0.5595616 0.4404384 0.4240246 0.5759754 0.2503057 0.2493785 0.5003158 0.584019 0.415981 0.3572173 0.4277436 0.2150391 7.5421e-4 0.9746912 0.02455458 2.5238e-4 0.9700854 0.02966231 3.7159e-4 0.9828041 0.01682431 0.00519102 0.9838856 0.01092333 7.5421e-4 0.9746912 0.02455458 3.7159e-4 0.9828041 0.01682431 0.002729 0.9895051 0.00776596 0.00317068 0.9858313 0.01099815 0.2577699 0.106964 0.4640675 0.1711985 0.003521475 0.2291052 0.7331899 0.03418341 0.1454853 0.08271896 0.5686972 0.2030986 0.002729 0.9895051 0.00776596 0.9763352 0.0236648 0.9761645 0.02383559 0.9841568 0.0158432 8.6879e-4 0.991612 0.00751926 0.9841568 0.0158432 0.9761645 0.02383559 0.4971311 0.313924 0.1889449 2.5238e-4 0.9700854 0.02966231 0.2871263 0.4669976 0.2458761 0.4971311 0.313924 0.1889449 0.9763352 0.0236648 0.9841568 0.0158432 8.6879e-4 0.991612 0.00751926 0.09007702 0.504897 0.08283046 0.3221955 8.6879e-4 0.991612 0.00751926 0.1098882 0.0365793 0.6364737 0.2170588 0.5 0.5 0.620227 0.3797729 0.5595616 0.4404384 0.584019 0.415981 0.21 0.475 0.315 0.5 0.5 0.584019 0.415981 0.2503057 0.2493785 0.5003158 0.620227 0.3797729 0.6 0.4 0.9 0.1 0.9 0.1 0.1 0.9 0.1 0.9 0.1000002 0.8999999 0.1000002 0.8999999 0.1 0.9 0.4177711 0.5822289 0.09999962 0.9000004 0.1 0.9 0.1 0.9 0.1 0.9 0.1130603 0.8869397 0.1176553 0.8823447 0.5485453 0.4514547 0.1130603 0.8869397 0.02523841 0.9747616 0.6003273 0.3996727 0.1176553 0.8823447 0.1130603 0.8869397 0.5485453 0.4514547 0.5486961 0.4513039 0.0339623 0.9660377 0.0339623 0.9660377 0.1176553 0.8823447 0.5486961 0.4513039 0.6006484 0.3993516 0.0339623 0.9660377 0.01298273 0.9870173 0.01298273 0.9870173 0.0339623 0.9660377 0.6006484 0.3993516 0.6000006 0.3999994 0.01417762 0.9858224 0.01417762 0.9858224 0.01298273 0.9870173 0.6000006 0.3999994 0.5999987 0.4000014 0.5999987 0.4000014 0.01417762 0.9858224 0.02023297 0.1343054 0.6705294 0.1749322 0.2432744 0.5522808 0.1032114 0.1012335 0.1197381 0.4070417 0.03267647 0.4405439 0.254374 0.351662 0.281357 0.112607 0.49 0.51 0.81 0.19 0.0408683 0.08449628 0.0626627 0.8119727 0.05890986 0.1740457 0.6870341 0.08001029 7.24514e-4 0.02997232 0.0799579 0.8893453 0.2115444 0.3586254 0.05592385 0.3739063 0.1553799 0.4063153 0.07488415 0.3634207 0.52 0.48 1.2712e-4 0.02160564 0.8582974 0.1199698 0.4210006 0.5269762 0.006513072 0.04551009 0.84 0.16 0.3572173 0.4277436 0.2150391 0.7580371 0.2419629 0.7 0.3 0.7 0.2999999 0.9 0.1 0.15 0.85 0.150003 0.849997 0.15 0.85 0.75 0.25 0.1499992 0.8500007 0.15 0.85 0.8749999 0.1250001 0.75 0.25 0.5358695 0.275 0.1891305 0.2289854 0.6250001 0.1460145 0.2499999 0.7500001 0.1955807 0.625 0.1794193 0.5799912 0.1249994 0.2950094 0.1995617 0.5 0.3004382 0.5799912 0.1249994 0.2950094 0.5 0.5 0.6764944 0.3235057 0.5799912 0.1249994 0.2950094 0.2499999 0.7500001 0.2 0.8 0.4451435 0.4451435 0.109713 0.2 0.8 0.5 0.5 0.4562155 0.4562155 0.08756891 0.5 0.5 0.5799912 0.1249994 0.2950094 0.7 0.2999999 0.7 0.3 0.7 0.3 0.6999981 0.3000019 0.7 0.3 0.7 0.3 0.7 0.3 0.7 0.3 0.7 0.3 0.7 0.3 0.6999981 0.3000019 0.7 0.2999999 0.7 0.3 0.3448667 0.6551333 0.7 0.3 0.7 0.3 0.15 0.85 0.3448667 0.6551333 0.7 0.3 0.15 0.85 0.7 0.3 0.2177945 0.6299137 0.1522918 0.2289854 0.6250001 0.1460145 0.1955807 0.625 0.1794193 0.2326694 0.5 0.2673306 0.2326694 0.5 0.2673306 0.2499999 0.7500001 0.5799912 0.1249994 0.2950094 0.1995617 0.5 0.3004382 0.5417274 0.4018093 0.05646335 0.6000124 0.3553936 0.04459402 0.5417274 0.4018093 0.05646335 0.45 0.55 0.6000124 0.3553936 0.04459402 0.45 0.55 0.6764944 0.3235057 0.5799912 0.1249994 0.2950094 0.2289854 0.6250001 0.1460145 0.2326694 0.5 0.2673306 0.2177945 0.6299137 0.1522918 0.2289854 0.6250001 0.1460145 0.2326694 0.5 0.2673306 0.1995617 0.5 0.3004382 0.1955807 0.625 0.1794193 0.1995617 0.5 0.3004382 0.1955807 0.625 0.1794193 0.7 0.2999999 0.6764944 0.3235057 0.5358695 0.275 0.1891305 0.5358695 0.275 0.1891305 0.2 0.8 0.5 0.5 0.5358695 0.275 0.1891305 0.5 0.5 0.9763352 0.0236648 0.35 0.65 0.3165477 0.6834523 0.2045284 0.7954716 0.3165477 0.6834523 0.3 0.7 0.3 0.7 0.737582 0.2624181 0.3 0.7 0.4355561 0.5644439 0.3 0.7 0.1999999 0.8000001 0.5292248 0.4707752 0.5292248 0.4707752 0.737582 0.2624181 0.5292248 0.4707752 0.603928 0.396072 0.5292248 0.4707752 0.3425142 0.6574858 0.603928 0.396072 0.3425142 0.6574858 0.35 0.65 0.35 0.65 0.35 0.65 0.5 0.5 0.2045284 0.7954716 0.3425142 0.6574858 0.5292248 0.4707752 0.3 0.7 0.3425142 0.6574858 0.2045284 0.7954716 0.35 0.65 0.3425142 0.6574858 0.4355561 0.5644439 0.3165477 0.6834523 0.5 0.5 0.35 0.65 0.1999999 0.8000001 0.5 0.5 0.2045284 0.7954716 0.3165477 0.6834523 0.5 0.5 0.9977202 0.0022798 0.6260226 0.3739774 0.8249231 0.1750769 0.603928 0.396072 0.8821038 0.1178962 0.8749999 0.1250001 0.4499999 0.5500001 0.03836937 0.8616307 0.1 0.1277695 0.1476029 0.2625478 0.4620798 0.3464809 0.3035191 0.35 0.2499999 0.7500001 0.2499999 0.7500001 0.4917952 0.5082048 0.3464809 0.3035191 0.35 0.05 0.95 0.3721136 0.4830874 0.144799 0.6083157 0.3697707 0.0219136 0.4578427 0.0595809 0.4825763 0.4794305 0.5041793 0.01639023 0.75 0.25 0.8821038 0.1178962 0.4794305 0.5041793 0.01639023 0.2 0.8 0.6083157 0.3697707 0.0219136 0.6250004 0.3749996 0.3721136 0.4830874 0.144799 0.05 0.95 0.3721136 0.4830874 0.144799 0.5000001 0.4999999 0.5000001 0.4999999 0.6637473 0.3362527 7.7498e-4 0.8323925 0.1668325 0.2 0.8 0.2 0.8 0.1988789 0.4164473 0.3846737 0.637453 0.3609714 0.00157561 0.3392649 0.6607351 0.2823902 0.597688 0.1199218 0.526783 0.473217 0.9977202 0.0022798 0.2839378 0.6938372 0.02222505 0.2823902 0.597688 0.1199218 0.9977202 0.0022798 0.8249231 0.1750769 0.7497937 0.2502063 0.2485265 0.7514734 3.483e-4 0.9996517 0.4499999 0.5500001 0.7096468 0.2903531 0.75 0.25 0.1999999 0.8000001 0.04924082 0.7464635 0.2042957 0.1988789 0.4164473 0.3846737 0.5000001 0.4999999 0.526783 0.473217 0.603928 0.396072 2.9874e-4 0.9689162 0.03078502 0.7566789 0.2433211 0.95 0.05 0.6317711 0.3682289 0.95 0.05 0.95 0.05 0.3161043 0.6838956 0.2987309 0.701269 0.76029 0.23971 0.7566789 0.2433211 0.3161043 0.6838956 0.09978174 0.9002182 0.8124979 0.1875021 0.4627366 0.5372634 0.6625767 0.3374233 0.6317711 0.3682289 0.4627366 0.5372634 0.1695517 0.8304483 0.02581281 0.9741872 0.2987309 0.701269 0.02581281 0.9741872 0.09978174 0.9002182 0.1695517 0.8304483 0.6625767 0.3374233 0.7753103 0.2246896 0.7753103 0.2246896 0.7753103 0.2246896 0.8124979 0.1875021 0.2988103 0.05322014 0.6479696 0.0027728 0.9865493 0.01067787 0.31602 0.00333175 0.6806483 0.00414071 0.9841809 0.01167836 0.1 0.9 0.02364809 0.05829498 0.5477086 0.3703483 0.00226889 0.6037259 0.3940052 0.3484641 0.6515359 0.603928 0.396072 0.49 0.51 0.81 0.19 7.24514e-4 0.02997232 0.0799579 0.8893453 0.52 0.48 0.84 0.16 0.2203384 0.5722166 0.1146967 0.09274825 0.2383116 0.7275154 0.03417306 0.3 0.7 0.1999999 0.8000001 0.6764944 0.3235057</float_array>
          <technique_common>
            <accessor source="#geom-alice_lod1-skin1-weights-array" count="2317" stride="1">
              <param name="WEIGHT" type="float"/>
            </accessor>
          </technique_common>
        </source>
        <joints>
          <input semantic="JOINT" source="#geom-alice_lod1-skin1-joints"/>
          <input semantic="INV_BIND_MATRIX" source="#geom-alice_lod1-skin1-bind_poses"/>
        </joints>
        <vertex_weights count="1882">
          <input semantic="JOINT" source="#geom-alice_lod1-skin1-joints" offset="0"/>
          <input semantic="WEIGHT" source="#geom-alice_lod1-skin1-weights" offset="1"/>
          <vcount>1 1 2 1 2 2 2 2 2 1 1 2 2 1 1 2 4 2 2 1 1 1 3 2 2 1 1 1 2 2 3 2 2 3 2 2 1 1 3 3 1 2 1 1 1 1 1 1 1 1 2 2 2 2 2 2 1 1 1 1 2 1 2 2 1 2 1 1 1 1 2 2 2 2 2 2 2 1 1 2 1 3 4 2 1 1 2 2 3 3 3 3 2 3 3 2 1 2 2 2 2 2 2 2 3 2 2 3 3 3 3 3 4 3 3 3 3 3 2 3 3 3 1 2 2 2 2 2 2 2 2 2 2 2 2 2 2 2 1 2 2 3 2 3 3 3 4 2 2 2 2 2 1 2 2 2 2 2 2 2 2 2 2 2 2 3 3 2 2 2 2 2 1 1 1 1 2 1 2 2 2 2 2 3 3 3 3 4 3 3 3 3 3 3 3 3 2 2 2 3 2 3 3 3 3 3 3 3 3 3 4 4 4 3 3 4 2 2 1 2 1 1 2 3 2 2 3 3 3 2 3 3 3 2 4 3 4 1 4 3 2 2 2 2 3 3 2 2 2 2 2 2 2 2 2 2 2 2 2 2 2 2 2 2 2 2 2 2 2 2 2 2 2 2 2 2 2 2 2 2 2 2 2 2 2 2 2 2 2 2 2 2 4 4 4 4 4 4 2 2 4 4 4 4 4 2 4 4 2 4 4 2 3 2 2 2 2 1 2 2 2 2 2 1 1 2 2 2 3 3 2 1 3 3 3 3 1 2 2 2 3 2 2 3 2 3 2 1 1 3 2 2 2 2 2 2 2 2 2 2 2 2 2 2 2 2 2 2 2 2 2 1 1 1 3 3 3 3 3 3 3 2 3 1 3 3 1 2 3 2 1 1 2 3 1 1 1 1 1 3 3 1 3 1 1 3 3 1 1 3 1 1 1 1 3 3 1 1 3 2 1 3 2 1 1 3 2 1 2 1 2 3 3 3 3 2 1 2 2 2 2 1 2 2 1 1 2 2 1 2 1 2 2 1 1 2 1 2 2 1 2 2 1 2 2 2 2 1 2 2 1 1 2 2 2 2 2 2 2 2 2 2 2 2 1 1 2 2 2 1 1 1 1 1 2 1 1 1 2 1 2 1 1 2 1 1 1 1 1 1 1 1 1 1 1 1 1 1 1 1 1 1 1 1 1 1 1 1 1 1 1 1 1 2 1 1 1 1 1 1 1 1 1 1 1 1 1 1 1 1 1 2 1 2 1 2 1 1 1 1 1 2 1 2 2 3 3 4 2 2 3 2 2 3 1 3 3 3 2 2 1 3 3 2 2 3 2 2 3 2 1 2 3 2 2 3 1 1 1 1 1 1 1 1 1 1 1 1 1 1 1 1 1 1 1 1 1 1 1 1 1 1 1 1 1 1 1 1 1 1 1 1 1 1 1 1 1 1 1 1 1 1 1 1 1 1 1 1 1 1 1 1 1 1 1 1 1 1 1 1 1 1 1 1 1 1 1 1 1 1 1 1 1 1 1 1 1 1 1 1 1 1 1 1 1 1 1 1 3 1 1 1 2 1 3 1 3 1 1 1 2 2 1 1 1 1 2 3 3 1 1 1 1 1 1 1 2 1 2 1 1 1 2 2 2 2 2 1 1 1 2 3 2 1 1 2 3 3 1 2 1 2 1 3 1 1 2 1 1 1 1 1 1 1 1 1 1 1 1 1 1 1 1 1 1 1 2 3 1 1 1 1 1 1 1 1 1 1 1 1 1 1 1 1 1 1 1 1 1 1 1 1 1 1 1 1 1 1 1 1 1 1 1 1 1 1 1 1 1 1 1 1 1 1 1 1 1 1 1 1 1 1 1 1 1 1 1 1 1 1 1 1 1 2 1 2 1 2 2 1 1 1 1 1 1 1 1 1 1 2 1 2 2 2 1 1 2 2 2 1 2 1 1 1 1 1 1 2 2 2 2 2 1 1 2 2 2 1 1 2 2 1 2 1 2 1 1 1 1 1 1 1 1 1 1 1 1 1 1 2 1 1 1 1 1 1 1 1 1 1 1 1 1 1 1 1 1 1 1 1 1 1 1 1 1 1 1 1 1 1 1 1 1 1 1 1 1 1 1 1 1 1 1 1 1 1 2 2 1 1 1 4 3 3 3 3 3 3 1 3 4 2 4 2 1 1 1 1 2 2 1 1 2 2 2 4 2 2 2 4 4 4 3 3 1 1 1 2 2 1 1 1 2 1 1 2 2 2 2 2 1 2 2 1 1 2 1 2 2 4 1 1 1 3 2 2 1 1 1 2 2 3 2 2 2 3 2 3 1 3 2 1 1 1 1 1 2 2 2 2 2 1 1 1 1 2 2 1 2 2 1 1 1 1 1 2 2 2 2 2 2 2 2 1 1 4 2 1 1 2 3 2 3 2 3 3 3 3 2 2 1 2 2 2 2 2 2 3 2 2 3 3 3 3 3 3 4 3 3 3 3 2 3 3 3 1 2 2 2 2 2 2 2 2 2 2 2 2 2 2 2 1 2 2 3 3 3 4 2 2 2 2 2 1 2 2 2 2 2 2 2 2 2 2 3 2 2 2 2 1 1 2 2 2 2 2 3 4 3 3 3 3 3 3 2 2 2 3 2 3 3 3 3 3 3 3 3 3 4 4 4 3 2 2 1 2 1 3 2 1 2 3 3 3 3 2 2 3 4 3 4 1 2 2 2 2 3 2 2 3 2 2 2 2 2 2 2 2 2 2 2 2 2 2 2 2 2 2 2 2 2 2 2 2 2 2 2 2 2 2 2 2 2 2 2 2 2 2 2 2 2 2 4 4 4 4 2 2 4 4 4 4 4 2 4 4 2 3 2 2 2 2 2 2 1 2 2 2 1 1 2 2 2 3 3 2 1 3 3 3 3 2 1 2 3 2 2 3 2 2 3 2 3 1 1 2 2 2 2 2 2 2 2 2 2 2 2 2 2 2 2 2 2 2 2 2 1 1 1 3 3 3 3 3 2 3 3 3 1 3 3 1 2 3 2 1 1 2 1 1 3 1 1 1 1 3 3 3 3 1 1 3 3 1 1 1 1 1 1 3 1 3 1 3 2 1 2 3 1 1 3 2 1 2 3 2 1 2 1 2 2 2 1 2 2 1 1 2 2 1 2 2 2 1 2 1 2 2 2 2 2 2 2 2 2 2 2 1 1 2 2 1 2 2 2 2 2 2 2 2 2 2 1 1 2 2 2 1 1 1 1 2 1 1 1 1 2 2 1 1 2 1 1 1 1 1 1 1 1 1 1 1 1 1 1 1 1 1 1 1 1 1 1 1 1 2 1 1 1 1 1 1 1 1 1 1 1 1 1 1 1 1 1 1 1 2 2 1 2 1 1 1 1 2 2 1 2 3 4 3 2 2 2 3 2 1 3 3 3 3 2 2 1 3 2 3 2 3 2 3 2 2 1 2 3 2 2 3 1 1 1 1 1 1 1 1 1 1 1 1 1 1 1 1 1 1 1 1 1 1 1 1 1 1 1 1 1 1 1 1 1 1 1 1 1 1 1 1 1 1 1 1 1 1 1 1 1 1 1 1 1 1 1 1 1 1 1 1 1 1 1 1 1 1 1 1 1 3 1 1 1 2 1 3 1 1 1 1 2 2 1 1 1 1 3 3 2 1 1 1 1 1 1 1 2 2 1 2 2 2 2 2 1 1 2 3 3 1 2 1 2 1 1 1 1 1 1 1 1 1 1 1 1 1 1 1 1 1 1 2 3 1 1 1 1 1 1 1 1 1 1 1 1 1 1 1 1 1 1 1 1 1 1 1 1 1 1 1 1 1 1 1 1 1 1 1 1 1 1 1 1 1 1 1 1 1 1 1 1 1 1 1 1 1 1 1 1 1 1 1 1 1 1 1 1 2 2 1 1 2 1 2 1 1 1 1 1 1 1 1 1 2 1 2 2 2 2 1 1 2 2 2 1 1 1 1 1 1 1 2 2 2 2 2 1 1 2 2 2 2 1 1 1 2 2 2 1 1 1 1 1 1 1 1 1 1 1 1 1 1 1 2 1 1 1 1 1 1 1 1 1 1 1 1 1 1 1 1 1 1 1 1 1 1 1 1 1 1 1 1 1 1 1 1 1 1 1 1 1 1 1 1 1 1 1 1 1 1 2 2 1 1 1 3 3 3 3 1 2 4 3 1 1 1 1 2 2 2 2 4 2 2 4 3 1 1 1 2 2 1 1 2</vcount>
          <v>1 0 1 0 1 1 14 2 1 0 1 3 2 4 1 5 2 6 1 7 2 8 1 9 2 10 1 11 2 12 2 0 2 0 1 13 2 14 1 15 2 16 1 0 1 0 1 17 2 18 0 19 1 20 2 21 42 22 1 23 2 24 1 25 2 26 2 0 2 0 2 0 1 27 2 28 4 29 1 30 2 31 1 32 2 33 2 0 2 0 2 0 1 34 2 35 1 36 2 37 1 38 2 39 4 40 1 41 2 42 1 43 2 44 1 45 2 46 4 47 1 48 2 49 1 50 4 51 1 0 1 0 1 52 2 53 4 54 1 55 2 56 4 57 1 0 1 58 2 59 1 0 1 0 1 0 1 0 1 0 1 0 1 0 1 0 1 60 2 61 1 62 14 63 1 64 14 65 1 66 2 67 1 68 2 69 1 70 2 71 2 0 2 0 2 0 2 0 1 72 2 73 2 0 1 74 2 75 1 76 2 77 2 0 1 78 2 79 2 0 2 0 2 0 2 0 4 80 5 81 4 82 5 83 4 84 5 85 4 86 5 87 4 88 5 89 4 90 5 91 1 92 2 93 2 0 2 0 1 94 2 95 16 0 14 96 15 97 16 98 14 99 15 100 16 101 32 102 16 103 17 104 16 0 16 0 15 105 22 106 15 107 22 108 14 109 15 110 22 111 0 112 1 113 14 114 0 115 1 116 14 117 0 118 1 119 14 120 1 121 14 122 0 123 1 124 14 125 0 126 1 127 14 128 22 129 23 130 15 0 22 131 23 132 22 133 23 134 22 135 23 136 22 137 23 138 15 139 22 140 22 141 23 142 15 143 22 144 15 145 22 146 23 147 22 148 23 149 15 150 22 151 14 152 15 153 22 154 14 155 15 156 22 157 15 158 22 159 23 160 14 161 15 162 22 163 15 164 22 165 23 166 1 167 14 168 15 169 22 170 14 171 15 172 22 173 1 174 14 175 15 176 1 177 14 178 15 179 1 180 14 181 15 182 1 183 14 184 15 185 1 186 14 187 0 188 1 189 14 190 1 191 14 192 15 193 1 194 14 195 15 196 15 0 22 197 23 198 14 199 15 200 14 201 15 202 22 203 23 204 15 205 22 206 22 207 23 208 22 209 23 210 22 211 23 212 22 213 23 214 22 215 23 216 22 217 23 218 22 219 23 220 22 221 23 222 22 223 23 224 22 225 23 226 16 0 15 227 16 228 16 229 17 230 14 231 15 232 16 233 14 234 15 235 14 236 15 237 22 238 1 239 14 240 15 241 1 242 14 243 15 244 1 245 14 246 15 247 22 248 15 249 22 250 22 251 23 252 22 253 23 254 22 255 23 256 15 257 22 258 22 0 22 259 23 260 22 261 23 262 22 263 23 264 22 265 23 266 15 267 22 268 22 269 23 270 22 271 23 272 1 273 14 274 1 275 14 276 1 277 14 278 1 279 14 280 1 281 14 282 0 283 1 284 14 285 0 286 1 287 14 288 1 289 14 290 15 291 22 292 22 293 23 294 22 295 23 296 15 297 22 298 15 0 15 0 15 0 15 0 14 299 15 300 15 0 22 301 23 302 22 303 23 304 22 305 23 306 22 307 23 308 22 309 23 310 1 311 14 312 15 313 1 314 14 315 15 316 1 317 14 318 15 319 1 320 14 321 15 322 1 323 14 324 15 325 22 326 1 327 14 328 15 329 1 330 14 331 15 332 0 333 1 334 14 335 0 336 1 337 14 338 0 339 1 340 14 341 1 342 14 343 15 344 0 345 1 346 14 347 0 348 1 349 14 350 15 351 22 352 14 353 15 354 22 355 23 356 15 357 22 358 23 359 15 360 22 361 15 362 22 363 23 364 0 365 1 366 14 367 0 368 1 369 14 370 0 371 1 372 14 373 0 374 1 375 14 376 0 377 1 378 14 379 0 380 1 381 14 382 0 383 1 384 14 385 0 386 1 387 14 388 0 389 1 390 48 391 59 392 0 393 1 394 48 395 58 396 1 397 42 398 58 399 59 400 0 401 1 402 14 403 0 404 1 405 14 406 0 407 1 408 48 409 53 410 1 411 14 412 1 413 14 414 1 0 1 415 14 416 1 0 1 0 1 417 14 418 0 419 1 420 14 421 1 422 14 423 1 424 14 425 1 426 14 427 15 428 1 429 14 430 15 431 0 432 1 433 14 434 1 435 14 436 1 437 14 438 15 439 1 440 14 441 15 442 0 443 1 444 14 445 1 446 14 447 1 448 42 449 43 450 58 451 0 452 1 453 14 454 1 455 42 456 43 457 45 458 1 0 1 459 42 460 43 461 45 462 0 463 1 464 14 465 15 466 22 467 15 468 22 469 14 470 15 471 14 472 15 473 15 474 22 475 23 476 15 477 22 478 23 479 15 480 22 481 15 482 22 483 14 484 15 485 14 486 15 487 14 488 15 489 22 490 23 491 22 492 23 493 22 494 23 495 22 496 23 497 22 498 23 499 22 500 23 501 22 502 23 503 22 504 23 505 22 506 23 507 22 508 23 509 22 510 23 511 22 512 23 513 22 514 23 515 22 516 23 517 22 518 23 519 23 520 24 521 23 522 24 523 22 524 23 525 22 526 23 527 22 528 23 529 23 530 24 531 23 532 24 533 22 534 23 535 22 536 23 537 22 538 23 539 23 540 24 541 23 542 24 543 22 544 23 545 22 546 23 547 22 548 23 549 22 550 23 551 23 552 24 553 23 554 24 555 22 556 23 557 22 558 23 559 22 560 23 561 23 562 24 563 23 564 24 565 22 566 23 567 23 568 24 569 22 570 23 571 51 572 52 573 57 574 60 575 48 576 51 577 52 578 59 579 48 580 51 581 53 582 56 583 52 584 56 585 57 586 63 587 51 588 52 589 59 590 60 591 48 592 51 593 59 594 60 595 52 596 60 597 52 598 60 599 43 600 52 601 59 602 60 603 43 604 58 605 59 606 60 607 11 608 44 609 52 610 60 611 42 612 43 613 58 614 59 615 43 616 44 617 59 618 60 619 44 620 60 621 43 622 44 623 47 624 60 625 42 626 43 627 44 628 59 629 44 630 60 631 43 632 44 633 46 634 47 635 42 636 43 637 45 638 46 639 44 640 47 641 15 642 22 643 23 644 22 645 23 646 24 647 25 648 24 649 25 650 25 651 26 652 25 0 24 653 25 654 24 655 25 656 24 657 25 658 25 659 26 660 24 661 25 662 25 0 25 0 25 663 26 664 24 665 25 666 25 667 26 668 25 669 28 670 30 671 25 672 26 673 27 674 25 675 26 676 25 0 25 677 26 678 28 679 25 680 26 681 27 682 25 683 26 684 27 685 25 686 26 687 28 688 25 0 25 689 28 690 25 691 28 692 25 693 26 694 25 695 26 696 28 697 30 698 31 699 30 700 31 701 25 702 30 703 31 704 25 705 28 706 25 707 30 708 31 709 25 710 28 711 29 0 29 0 25 712 26 713 28 714 24 715 25 716 24 717 25 718 24 719 25 720 24 721 25 722 24 723 25 724 24 725 25 726 24 727 25 728 24 729 25 730 24 731 25 732 24 733 25 734 24 735 25 736 24 737 25 738 24 739 25 740 24 741 25 742 24 743 25 744 24 745 25 746 24 747 25 748 24 749 25 750 24 751 25 752 24 753 25 754 24 755 25 756 25 0 25 0 25 0 25 757 26 758 27 759 25 760 26 761 27 762 25 763 26 764 27 765 25 766 26 767 27 768 25 769 26 770 27 771 25 772 26 773 27 774 25 775 26 776 28 777 25 778 26 779 25 780 30 781 31 782 31 0 25 783 30 784 31 785 25 786 30 787 31 788 31 0 30 789 31 790 25 791 30 792 31 793 30 794 31 795 31 0 31 0 25 796 28 797 25 798 26 799 28 800 29 0 29 0 29 0 31 0 27 0 25 801 26 802 27 803 25 804 26 805 27 806 27 0 25 807 26 808 27 809 27 0 27 0 25 810 26 811 27 812 25 813 26 814 27 815 27 0 27 0 25 816 26 817 27 818 27 0 27 0 27 0 27 0 25 819 26 820 27 821 25 822 26 823 27 824 27 0 27 0 25 825 26 826 27 827 24 828 25 829 29 0 25 830 28 831 30 832 25 833 28 834 31 0 31 0 25 835 28 836 30 837 25 838 28 839 31 0 30 840 31 841 29 0 25 842 28 843 25 844 28 845 30 846 1 847 14 848 15 849 1 850 14 851 15 852 0 853 1 854 14 855 1 856 14 857 18 0 17 858 18 859 17 860 18 861 17 862 18 863 17 864 18 865 18 0 17 866 18 867 17 868 18 869 18 0 18 0 17 870 18 871 17 872 18 873 17 0 17 874 18 875 17 0 17 876 18 877 17 878 18 879 18 0 17 0 17 880 18 881 17 0 17 882 18 883 17 884 18 885 17 0 17 886 18 887 17 888 18 889 17 0 17 890 18 891 17 892 18 893 17 894 18 895 17 896 18 897 17 0 17 898 18 899 17 900 18 901 17 0 17 0 17 902 18 903 17 904 18 905 17 906 18 907 17 908 18 909 17 910 18 911 17 912 18 913 17 914 18 915 17 916 18 917 17 918 18 919 17 920 18 921 17 922 18 923 17 924 18 925 18 0 18 0 17 926 18 927 17 928 18 929 17 930 18 931 18 0 18 0 18 0 18 0 17 0 17 932 18 933 17 0 18 0 18 0 17 934 18 935 18 0 17 936 18 937 18 0 18 0 17 938 18 939 17 0 17 0 17 0 17 0 17 0 17 0 17 0 17 0 17 0 17 0 17 0 17 0 17 0 17 0 17 0 17 0 17 0 17 0 17 0 17 0 17 0 17 0 17 0 17 0 17 0 17 0 17 0 17 0 17 0 17 940 21 941 17 0 17 0 17 0 17 0 17 0 17 0 17 0 17 0 17 0 17 0 17 0 17 0 17 0 17 0 17 0 17 0 17 0 17 942 22 943 17 0 17 944 22 945 17 0 17 946 18 947 17 0 17 0 17 0 17 0 17 0 17 948 20 949 17 0 17 950 20 951 17 952 22 953 14 954 15 955 22 956 14 957 15 958 22 959 15 960 16 961 17 962 22 963 17 964 22 965 17 966 22 967 14 968 15 969 22 970 15 971 22 972 15 973 22 974 17 975 20 976 22 977 22 0 17 978 20 979 22 980 17 981 20 982 22 983 17 984 20 985 22 986 17 987 20 988 17 989 20 990 17 0 17 991 20 992 22 993 17 994 20 995 22 996 20 997 21 998 20 999 21 1000 17 1001 20 1002 22 1003 15 1004 22 1005 15 1006 22 1007 17 1008 20 1009 22 1010 15 1011 22 1012 17 0 17 1013 20 1014 17 1015 20 1016 21 1017 20 1018 21 1019 20 1020 21 1021 15 1022 20 1023 21 1024 21 0 21 0 21 0 21 0 21 0 21 0 21 0 17 0 17 0 17 0 17 0 17 0 17 0 17 0 17 0 17 0 17 0 17 0 17 0 17 0 17 0 17 0 17 0 17 0 17 0 17 0 17 0 17 0 17 0 17 0 17 0 17 0 17 0 17 0 17 0 17 0 17 0 17 0 17 0 17 0 17 0 17 0 17 0 17 0 17 0 17 0 17 0 17 0 17 0 17 0 17 0 17 0 17 0 17 0 17 0 17 0 17 0 17 0 17 0 17 0 17 0 17 0 17 0 17 0 17 0 17 0 17 0 17 0 17 0 17 0 17 0 17 0 17 0 17 0 17 0 17 0 17 0 17 0 17 0 17 0 17 0 17 0 17 0 17 0 17 0 17 0 17 0 17 0 17 0 17 0 17 0 17 0 16 1025 17 1026 32 1027 17 0 17 0 17 0 16 1028 17 1029 17 0 16 1030 17 1031 21 1032 17 0 16 1033 17 1034 22 1035 16 0 16 0 16 0 16 1036 17 1037 17 1038 21 1039 17 0 17 0 17 0 17 0 17 1040 21 1041 16 1042 17 1043 21 1044 16 1045 17 1046 22 1047 17 0 17 0 17 0 17 0 17 0 17 0 17 0 17 1048 22 1049 17 0 16 1050 17 1051 17 0 17 0 17 0 17 1052 22 1053 15 1054 22 1055 17 1056 22 1057 15 1058 16 1059 17 1060 20 1061 17 0 17 0 17 0 17 1062 20 1063 17 1064 20 1065 21 1066 20 1067 21 1068 21 0 21 0 20 1069 21 1070 15 1071 20 1072 21 1073 15 1074 20 1075 21 1076 15 0 15 1077 22 1078 21 0 20 1079 21 1080 21 0 15 1081 20 1082 21 1083 15 0 21 0 16 1084 17 1085 17 0 17 0 17 0 17 0 21 0 17 0 17 0 17 0 17 0 17 0 17 0 17 0 17 0 17 0 17 0 17 0 17 0 17 0 17 0 17 1086 18 1087 0 1088 1 1089 14 1090 17 0 17 0 17 0 17 0 17 0 17 0 17 0 17 0 17 0 17 0 17 0 17 0 17 0 17 0 17 0 17 0 17 0 17 0 17 0 17 0 17 0 17 0 17 0 17 0 17 0 17 0 17 0 17 0 17 0 17 0 17 0 17 0 17 0 17 0 17 0 17 0 17 0 17 0 17 0 17 0 17 0 17 0 17 0 17 0 17 0 17 0 17 0 17 0 17 0 17 0 17 0 17 0 17 0 17 0 17 0 17 0 17 0 17 0 17 0 17 0 17 0 17 0 17 0 17 0 17 0 9 1091 10 1092 9 0 9 1093 10 1094 9 0 9 1095 10 1096 9 1097 10 1098 9 0 9 0 9 0 9 0 9 0 9 0 9 0 9 0 9 0 9 0 9 1099 10 1100 9 0 9 1101 10 1102 9 1103 10 1104 9 1105 10 1106 9 0 9 0 9 1107 10 1108 9 1109 10 1110 9 1111 10 1112 10 0 9 1113 10 1114 9 0 9 0 9 0 9 0 9 0 9 0 9 1115 10 1116 9 1117 10 1118 9 1119 10 1120 9 1121 10 1122 9 1123 10 1124 9 0 9 0 9 1125 10 1126 9 1127 10 1128 9 1129 10 1130 10 0 10 0 9 1131 10 1132 9 1133 10 1134 10 0 9 1135 10 1136 9 0 9 1137 10 1138 9 0 9 0 9 0 8 0 9 0 8 0 9 0 9 0 8 0 9 0 8 0 8 0 9 0 9 0 9 1139 10 1140 9 0 9 0 9 0 8 0 8 0 9 0 9 0 9 0 9 0 9 0 8 0 8 0 8 0 9 0 9 0 9 0 9 0 8 0 8 0 8 0 8 0 8 0 8 0 8 0 8 0 8 0 8 0 8 0 8 0 8 0 8 0 8 0 8 0 8 0 8 0 8 0 8 0 8 0 8 0 8 0 8 0 9 0 9 0 9 0 9 0 9 0 9 1141 10 1142 9 1143 10 1144 10 0 10 0 10 0 52 1145 57 1146 60 1147 63 1148 1 1149 49 1150 54 1151 0 1152 1 1153 14 1154 0 1155 1 1156 14 1157 1 1158 49 1159 54 1160 1 1161 49 1162 54 1163 0 1164 1 1165 14 1166 50 0 49 1167 50 1168 55 1169 49 1170 50 1171 54 1172 55 1173 50 1174 55 1175 49 1176 50 1177 54 1178 55 1179 50 1180 55 1181 17 0 17 0 17 0 17 0 1 1182 2 1183 17 1184 18 1185 17 0 17 0 52 1186 60 1187 52 1188 60 1189 8 1190 11 1191 11 1192 44 1193 52 1194 60 1195 44 1196 60 1197 44 1198 60 1199 44 1200 47 1201 52 1202 57 1203 60 1204 63 1205 48 1206 51 1207 52 1208 59 1209 48 1210 51 1211 52 1212 56 1213 1 1214 49 1215 54 1216 1 1217 48 1218 59 1219 9 0 8 0 2 0 17 1220 18 1221 20 1222 21 1223 17 0 17 0 16 0 25 1224 28 1225 1 0 1 0 1 1226 3 1227 1 1228 3 1229 1 1230 3 1231 1 1232 3 1233 1 1234 3 1235 3 0 1 1236 3 1237 1 1238 3 1239 3 0 1 0 1 1240 3 1241 1 0 1 1242 3 1243 1 1244 3 1245 0 1246 1 1247 3 1248 45 1249 3 0 3 0 3 0 1 1250 3 1251 6 1252 1 1253 3 1254 1 1255 3 1256 3 0 3 0 3 0 1 1257 3 1258 1 1259 3 1260 1 1261 3 1262 6 1263 1 1264 3 1265 1 1266 3 1267 1 1268 3 1269 1 1270 3 1271 6 1272 1 1273 6 1274 1 1275 3 1276 6 1277 1 0 1 1278 3 1279 6 1280 1 1281 3 1282 1 0 1 0 1 0 1 0 1 0 1 1283 3 1284 1 1285 14 1286 1 1287 3 1288 1 1289 3 1290 1 1291 3 1292 3 0 3 0 3 0 3 0 1 1293 3 1294 1 1295 3 1296 3 0 1 1297 3 1298 1 1299 3 1300 3 0 3 0 3 0 3 0 3 0 6 1301 7 1302 6 1303 7 1304 6 1305 7 1306 6 1307 7 1308 6 1309 7 1310 6 1311 7 1312 1 1313 3 1314 1 1315 3 1316 3 0 3 0 14 1317 15 1318 16 1319 22 1320 16 1321 17 1322 16 0 16 0 15 1323 32 1324 14 1325 15 1326 32 1327 15 1328 32 1329 0 1330 1 1331 14 1332 1 1333 14 1334 0 1335 1 1336 14 1337 0 1338 1 1339 14 1340 0 1341 1 1342 14 1343 0 1344 1 1345 14 1346 32 1347 33 1348 32 1349 33 1350 15 0 32 1351 33 1352 32 1353 33 1354 32 1355 33 1356 15 1357 32 1358 15 1359 32 1360 32 1361 33 1362 15 1363 32 1364 33 1365 15 1366 32 1367 32 1368 33 1369 14 1370 15 1371 32 1372 14 1373 15 1374 32 1375 14 1376 15 1377 32 1378 15 1379 32 1380 33 1381 15 1382 32 1383 33 1384 14 1385 15 1386 32 1387 1 1388 14 1389 15 1390 32 1391 1 1392 14 1393 15 1394 1 1395 14 1396 15 1397 1 1398 14 1399 15 1400 1 1401 14 1402 15 1403 1 1404 14 1405 1 1406 14 1407 15 1408 0 1409 1 1410 14 1411 1 1412 14 1413 15 1414 15 0 14 1415 15 1416 32 1417 33 1418 14 1419 15 1420 15 1421 32 1422 32 1423 33 1424 32 1425 33 1426 32 1427 33 1428 32 1429 33 1430 32 1431 33 1432 32 1433 33 1434 32 1435 33 1436 32 1437 33 1438 32 1439 33 1440 32 1441 33 1442 32 1443 33 1444 16 0 15 1445 16 1446 16 1447 17 1448 14 1449 15 1450 16 1451 14 1452 15 1453 32 1454 1 1455 14 1456 15 1457 1 1458 14 1459 15 1460 32 1461 15 1462 32 1463 32 1464 33 1465 32 1466 33 1467 15 1468 32 1469 32 1470 33 1471 32 0 32 1472 33 1473 32 1474 33 1475 32 1476 33 1477 32 1478 33 1479 15 1480 32 1481 32 1482 33 1483 32 1484 33 1485 1 1486 14 1487 1 1488 14 1489 1 1490 14 1491 0 1492 1 1493 14 1494 15 1495 32 1496 15 1497 32 1498 32 1499 33 1500 32 1501 33 1502 15 0 15 0 32 1503 33 1504 32 1505 33 1506 32 1507 33 1508 32 1509 33 1510 32 1511 33 1512 1 1513 14 1514 15 1515 1 1516 14 1517 15 1518 32 1519 1 1520 14 1521 15 1522 0 1523 1 1524 14 1525 0 1526 1 1527 14 1528 0 1529 1 1530 14 1531 1 1532 14 1533 15 1534 0 1535 1 1536 14 1537 15 1538 32 1539 14 1540 15 1541 32 1542 33 1543 15 1544 32 1545 33 1546 15 1547 32 1548 15 1549 32 1550 33 1551 0 1552 1 1553 14 1554 0 1555 1 1556 14 1557 0 1558 1 1559 14 1560 0 1561 1 1562 14 1563 0 1564 1 1565 14 1566 0 1567 1 1568 14 1569 0 1570 1 1571 14 1572 0 1573 1 1574 14 1575 0 1576 1 1577 53 1578 61 1579 0 1580 1 1581 53 1582 62 1583 1 1584 45 1585 61 1586 62 1587 0 1588 1 1589 14 1590 1 1591 14 1592 1 1593 14 1594 1 0 1 1595 14 1596 1 0 0 1597 1 1598 14 1599 1 1600 14 1601 1 0 1 1602 14 1603 1 1604 14 1605 15 1606 0 1607 1 1608 14 1609 1 1610 14 1611 15 1612 1 1613 14 1614 15 1615 1 1616 14 1617 1 1618 14 1619 0 1620 1 1621 14 1622 1 1623 45 1624 46 1625 61 1626 0 1627 1 1628 14 1629 1 1630 42 1631 45 1632 46 1633 1 0 15 1634 32 1635 14 1636 15 1637 14 1638 15 1639 15 1640 32 1641 15 1642 32 1643 33 1644 15 1645 32 1646 15 1647 32 1648 15 1649 32 1650 33 1651 14 1652 15 1653 32 1654 33 1655 32 1656 33 1657 32 1658 33 1659 32 1660 33 1661 32 1662 33 1663 32 1664 33 1665 32 1666 33 1667 32 1668 33 1669 32 1670 33 1671 32 1672 33 1673 32 1674 33 1675 32 1676 33 1677 32 1678 33 1679 32 1680 33 1681 32 1682 33 1683 33 1684 34 1685 32 1686 33 1687 32 1688 33 1689 33 1690 34 1691 32 1692 33 1693 32 1694 33 1695 33 1696 34 1697 33 1698 34 1699 32 1700 33 1701 32 1702 33 1703 32 1704 33 1705 33 1706 34 1707 33 1708 34 1709 32 1710 33 1711 32 1712 33 1713 32 1714 33 1715 32 1716 33 1717 33 1718 34 1719 33 1720 34 1721 32 1722 33 1723 32 1724 33 1725 32 1726 33 1727 33 1728 34 1729 33 1730 34 1731 33 1732 34 1733 32 1734 33 1735 52 1736 56 1737 57 1738 63 1739 53 1740 56 1741 57 1742 62 1743 56 1744 57 1745 62 1746 63 1747 53 1748 56 1749 62 1750 63 1751 57 1752 63 1753 57 1754 63 1755 46 1756 57 1757 62 1758 63 1759 46 1760 61 1761 62 1762 63 1763 11 1764 47 1765 57 1766 63 1767 45 1768 46 1769 61 1770 62 1771 46 1772 47 1773 62 1774 63 1775 47 1776 63 1777 44 1778 46 1779 47 1780 63 1781 45 1782 46 1783 47 1784 62 1785 47 1786 63 1787 15 1788 32 1789 33 1790 32 1791 33 1792 34 1793 35 1794 34 1795 35 1796 35 1797 36 1798 34 1799 35 1800 34 1801 35 1802 35 0 34 1803 35 1804 35 1805 36 1806 34 1807 35 1808 35 0 35 0 34 1809 35 1810 35 1811 36 1812 35 1813 36 1814 35 1815 38 1816 40 1817 35 1818 36 1819 37 1820 35 1821 36 1822 35 0 35 1823 36 1824 37 1825 35 1826 36 1827 38 1828 35 1829 36 1830 37 1831 35 1832 36 1833 38 1834 35 1835 38 1836 35 0 35 1837 38 1838 35 1839 36 1840 38 1841 35 1842 36 1843 40 1844 41 1845 35 1846 40 1847 41 1848 40 1849 41 1850 35 1851 38 1852 35 1853 40 1854 41 1855 35 1856 38 1857 35 1858 36 1859 38 1860 39 0 39 0 34 1861 35 1862 34 1863 35 1864 34 1865 35 1866 34 1867 35 1868 34 1869 35 1870 34 1871 35 1872 34 1873 35 1874 34 1875 35 1876 34 1877 35 1878 34 1879 35 1880 34 1881 35 1882 34 1883 35 1884 34 1885 35 1886 34 1887 35 1888 34 1889 35 1890 34 1891 35 1892 34 1893 35 1894 34 1895 35 1896 34 1897 35 1898 34 1899 35 1900 34 1901 35 1902 35 0 35 0 35 0 35 1903 36 1904 37 1905 35 1906 36 1907 37 1908 35 1909 36 1910 37 1911 35 1912 36 1913 37 1914 35 1915 36 1916 37 1917 35 1918 36 1919 35 1920 36 1921 38 1922 35 1923 36 1924 37 1925 35 1926 40 1927 41 1928 41 0 35 1929 40 1930 41 1931 35 1932 40 1933 41 1934 41 0 40 1935 41 1936 35 1937 40 1938 41 1939 40 1940 41 1941 41 0 41 0 35 1942 38 1943 39 0 39 0 35 1944 36 1945 38 1946 39 0 41 0 37 0 37 0 35 1947 36 1948 37 1949 35 1950 36 1951 37 1952 35 1953 36 1954 37 1955 35 1956 36 1957 37 1958 37 0 37 0 35 1959 36 1960 37 1961 35 1962 36 1963 37 1964 37 0 37 0 37 0 37 0 37 0 37 0 35 1965 36 1966 37 1967 37 0 35 1968 36 1969 37 1970 37 0 35 1971 36 1972 37 1973 34 1974 35 1975 39 0 35 1976 38 1977 35 1978 38 1979 40 1980 41 0 41 0 35 1981 38 1982 40 1983 40 1984 41 1985 41 0 35 1986 38 1987 35 1988 38 1989 40 1990 35 1991 38 1992 39 0 1 1993 14 1994 19 0 17 1995 19 1996 17 1997 19 1998 17 1999 19 2000 19 0 17 2001 19 2002 17 2003 19 2004 19 0 19 0 17 2005 19 2006 17 2007 19 2008 17 0 17 2009 19 2010 17 2011 19 2012 17 2013 19 2014 17 0 17 2015 19 2016 19 0 17 2017 19 2018 17 2019 19 2020 17 2021 19 2022 17 2023 19 2024 17 2025 19 2026 17 2027 19 2028 17 2029 19 2030 17 2031 19 2032 17 2033 19 2034 17 2035 19 2036 17 2037 19 2038 17 0 17 0 17 2039 19 2040 17 2041 19 2042 17 0 17 2043 19 2044 17 2045 19 2046 17 2047 19 2048 17 2049 19 2050 17 2051 19 2052 17 2053 19 2054 17 2055 19 2056 17 2057 19 2058 17 2059 19 2060 17 2061 19 2062 19 0 19 0 17 2063 19 2064 17 2065 19 2066 17 2067 19 2068 19 0 19 0 19 0 19 0 17 2069 19 2070 17 0 19 0 19 0 19 0 17 2071 19 2072 17 2073 19 2074 19 0 19 0 17 2075 19 2076 17 0 17 0 17 0 17 0 17 0 17 0 17 0 17 0 17 0 17 0 17 0 17 0 17 0 17 0 17 0 17 0 17 0 17 0 17 0 17 0 17 0 17 0 17 0 17 0 17 2077 21 2078 17 0 17 0 17 0 17 0 17 0 17 0 17 0 17 0 17 0 17 0 17 0 17 0 17 0 17 0 17 0 17 0 17 0 17 0 17 0 17 2079 32 2080 17 2081 32 2082 17 0 17 2083 19 2084 17 0 17 0 17 0 17 0 17 2085 20 2086 17 2087 20 2088 17 0 17 2089 32 2090 14 2091 15 2092 32 2093 15 2094 16 2095 17 2096 32 2097 14 2098 15 2099 32 2100 17 2101 32 2102 17 2103 32 2104 15 2105 32 2106 14 2107 15 2108 32 2109 15 2110 32 2111 32 0 17 2112 20 2113 32 2114 17 2115 20 2116 32 2117 17 2118 20 2119 32 2120 17 2121 20 2122 32 2123 17 2124 20 2125 17 2126 20 2127 17 0 17 2128 20 2129 32 2130 20 2131 21 2132 17 2133 20 2134 32 2135 20 2136 21 2137 17 2138 20 2139 32 2140 15 2141 32 2142 17 2143 20 2144 32 2145 15 2146 32 2147 15 2148 32 2149 17 0 17 2150 20 2151 17 2152 20 2153 21 2154 20 2155 21 2156 20 2157 21 2158 15 2159 20 2160 21 2161 21 0 21 0 21 0 21 0 21 0 17 0 17 0 17 0 17 0 17 0 17 0 17 0 17 0 17 0 17 0 17 0 17 0 17 0 17 0 17 0 17 0 17 0 17 0 17 0 17 0 17 0 17 0 17 0 17 0 17 0 17 0 17 0 17 0 17 0 17 0 17 0 17 0 17 0 17 0 17 0 17 0 17 0 17 0 17 0 17 0 17 0 17 0 17 0 17 0 17 0 17 0 17 0 17 0 17 0 17 0 17 0 17 0 17 0 17 0 17 0 17 0 17 0 17 0 17 0 17 0 17 0 17 0 17 0 17 0 16 2162 17 2163 22 2164 17 0 17 0 17 0 16 2165 17 2166 17 0 16 2167 17 2168 21 2169 17 0 16 0 16 0 16 0 16 2170 17 2171 17 2172 21 2173 17 0 17 0 17 0 17 0 16 2174 17 2175 32 2176 16 2177 17 2178 21 2179 17 2180 21 2181 17 0 17 0 17 0 17 0 17 0 17 0 17 0 17 2182 32 2183 16 2184 17 2185 17 0 17 2186 32 2187 15 2188 32 2189 17 2190 32 2191 15 2192 16 2193 17 2194 20 2195 17 0 21 0 20 2196 21 2197 15 2198 20 2199 21 2200 15 2201 20 2202 21 2203 15 0 15 2204 32 2205 21 0 16 2206 17 2207 17 0 17 0 17 0 17 0 17 0 17 0 17 0 17 0 17 0 17 0 17 0 17 0 17 0 17 0 17 0 17 0 17 0 17 0 17 2208 19 2209 0 2210 1 2211 14 2212 17 0 17 0 17 0 17 0 17 0 17 0 17 0 17 0 17 0 17 0 17 0 17 0 17 0 17 0 17 0 17 0 17 0 17 0 17 0 17 0 17 0 17 0 17 0 17 0 17 0 17 0 17 0 17 0 17 0 17 0 17 0 17 0 17 0 17 0 17 0 17 0 17 0 17 0 17 0 17 0 17 0 17 0 17 0 17 0 17 0 17 0 17 0 17 0 17 0 17 0 17 0 17 0 17 0 17 0 17 0 17 0 17 0 17 0 17 0 17 0 17 0 17 0 17 0 17 0 12 2213 13 2214 12 2215 13 2216 12 0 12 0 12 2217 13 2218 12 0 12 2219 13 2220 12 0 12 0 12 0 12 0 12 0 12 0 12 0 12 0 12 0 12 2221 13 2222 12 0 12 2223 13 2224 12 2225 13 2226 12 2227 13 2228 12 2229 13 2230 12 0 12 0 12 2231 13 2232 12 2233 13 2234 12 2235 13 2236 13 0 12 0 12 0 12 0 12 0 12 0 12 0 12 2237 13 2238 12 2239 13 2240 12 2241 13 2242 12 2243 13 2244 12 2245 13 2246 12 0 12 0 12 2247 13 2248 12 2249 13 2250 12 2251 13 2252 12 2253 13 2254 13 0 13 0 13 0 12 2255 13 2256 12 2257 13 2258 12 2259 13 2260 12 0 12 0 11 0 12 0 12 0 12 0 11 0 12 0 11 0 12 0 12 0 12 0 11 0 11 0 12 0 12 2261 13 2262 12 0 11 0 12 0 12 0 12 0 11 0 12 0 12 0 12 0 12 0 11 0 11 0 12 0 12 0 11 0 12 0 12 0 11 0 11 0 11 0 11 0 11 0 11 0 11 0 11 0 11 0 11 0 11 0 11 0 11 0 11 0 11 0 11 0 11 0 11 0 11 0 11 0 11 0 11 0 11 0 11 0 12 0 12 0 12 0 12 0 12 0 12 2263 13 2264 12 2265 13 2266 13 0 13 0 13 0 1 2267 49 2268 54 2269 0 2270 1 2271 14 2272 1 2273 49 2274 54 2275 0 2276 1 2277 14 2278 55 0 50 2279 55 2280 49 2281 50 2282 54 2283 55 2284 50 2285 54 2286 55 2287 17 0 17 0 17 0 17 0 1 2288 3 2289 17 2290 19 2291 57 2292 63 2293 57 2294 63 2295 11 2296 47 2297 57 2298 63 2299 47 2300 63 2301 47 2302 63 2303 53 2304 56 2305 57 2306 62 2307 1 2308 53 2309 62 2310 12 0 11 0 3 0 17 2311 19 2312 20 2313 21 2314 17 0 17 0 35 2315 38 2316</v>
        </vertex_weights>
      </skin>
    </controller>
  </library_controllers>
  <library_lights>
    <light id="EnvironmentAmbientLight" name="EnvironmentAmbientLight">
      <technique_common>
        <ambient>
          <color>0 0 0</color>
        </ambient>
      </technique_common>
    </light>
  </library_lights>
  <library_images>
    <image id="alice_diff_png">
      <init_from>./alice_diff.png</init_from>
    </image>
  </library_images>
  <library_visual_scenes>
    <visual_scene id="MaxScene">
      <node name="EnvironmentAmbientLight">
        <instance_light url="#EnvironmentAmbientLight"/>
      </node>
      <node id="node-Bip001_Pelvis" name="Bip001_Pelvis" sid="joint0" type="JOINT">
        <translate>1.34176e-6 -7.055361 250.8312</translate>
        <rotate>0.7071068 3.21721e-7 0.7071068 -179.9998</rotate>
        <scale>0.3937008 0.3937008 0.3937008</scale>
        <node id="node-Bip001_Spine" name="Bip001_Spine" sid="joint1" type="JOINT">
          <translate>51.05048 -0.05597687 6.4855e-5</translate>
          <rotate>0.005388472 0.001798542 -0.9999838 -0.04562595</rotate>
          <node id="node-Bip001_Bow_l" name="Bip001_Bow_l" sid="joint2" type="JOINT">
            <translate>29.26855 -65.68074 26.95326</translate>
            <rotate>-0.2911483 0.9537082 -0.07532218 -103.1616</rotate>
            <extra>
              <technique profile="OpenCOLLADA">
                <cast_shadows sid="cast_shadows" type="bool">1</cast_shadows>
                <receive_shadows sid="receive_shadows" type="bool">1</receive_shadows>
                <primary_visibility sid="primary_visibility" type="bool">1</primary_visibility>
                <secondary_visibility sid="secondary_visibility" type="bool">1</secondary_visibility>
              </technique>
            </extra>
          </node>
          <node id="node-Bip001_Bow_r" name="Bip001_Bow_r" sid="joint3" type="JOINT">
            <translate>29.26837 -65.68057 -26.95362</translate>
            <rotate>0.2911479 -0.9537079 -0.07532727 -103.1616</rotate>
            <extra>
              <technique profile="OpenCOLLADA">
                <cast_shadows sid="cast_shadows" type="bool">1</cast_shadows>
                <receive_shadows sid="receive_shadows" type="bool">1</receive_shadows>
                <primary_visibility sid="primary_visibility" type="bool">1</primary_visibility>
                <secondary_visibility sid="secondary_visibility" type="bool">1</secondary_visibility>
              </technique>
            </extra>
          </node>
          <node id="node-Bip001_BowLeg01_l" name="Bip001_BowLeg01_l" sid="joint4" type="JOINT">
            <translate>5.54895 -84.39182 19.26747</translate>
            <rotate>0.0803004 0.04513855 0.9957482 -142.8761</rotate>
            <node id="node-Bip001_BowLeg01_l02" name="Bip001_BowLeg01_l02" sid="joint5" type="JOINT">
              <translate>84.66245 -0.08499146 7.62939e-6</translate>
              <rotate>-5.83176e-7 -2.98742e-6 1 -3.647134</rotate>
              <extra>
                <technique profile="OpenCOLLADA">
                  <cast_shadows sid="cast_shadows" type="bool">1</cast_shadows>
                  <receive_shadows sid="receive_shadows" type="bool">1</receive_shadows>
                  <primary_visibility sid="primary_visibility" type="bool">1</primary_visibility>
                  <secondary_visibility sid="secondary_visibility" type="bool">1</secondary_visibility>
                </technique>
              </extra>
            </node>
            <extra>
              <technique profile="OpenCOLLADA">
                <cast_shadows sid="cast_shadows" type="bool">1</cast_shadows>
                <receive_shadows sid="receive_shadows" type="bool">1</receive_shadows>
                <primary_visibility sid="primary_visibility" type="bool">1</primary_visibility>
                <secondary_visibility sid="secondary_visibility" type="bool">1</secondary_visibility>
              </technique>
            </extra>
          </node>
          <node id="node-Bip001_BowLeg01_r" name="Bip001_BowLeg01_r" sid="joint6" type="JOINT">
            <translate>5.54895 -84.39172 -19.26794</translate>
            <rotate>-0.08030043 -0.04514409 0.9957479 -142.8761</rotate>
            <node id="node-Bip001_BowLeg01_r02" name="Bip001_BowLeg01_r02" sid="joint7" type="JOINT">
              <translate>84.66245 -0.0848999 -7.62939e-6</translate>
              <rotate>-1.1142e-7 -2.63268e-6 1 -3.647131</rotate>
              <extra>
                <technique profile="OpenCOLLADA">
                  <cast_shadows sid="cast_shadows" type="bool">1</cast_shadows>
                  <receive_shadows sid="receive_shadows" type="bool">1</receive_shadows>
                  <primary_visibility sid="primary_visibility" type="bool">1</primary_visibility>
                  <secondary_visibility sid="secondary_visibility" type="bool">1</secondary_visibility>
                </technique>
              </extra>
            </node>
            <extra>
              <technique profile="OpenCOLLADA">
                <cast_shadows sid="cast_shadows" type="bool">1</cast_shadows>
                <receive_shadows sid="receive_shadows" type="bool">1</receive_shadows>
                <primary_visibility sid="primary_visibility" type="bool">1</primary_visibility>
                <secondary_visibility sid="secondary_visibility" type="bool">1</secondary_visibility>
              </technique>
            </extra>
          </node>
          <node id="node-Bip001_L_Calf" name="Bip001_L_Calf" sid="joint8" type="JOINT">
            <translate>-320.2602 1.808771 54.67383</translate>
            <rotate>-0.01605317 0.9998711 -2.15631e-4 -181.0119</rotate>
            <node id="node-Bip001_L_Foot" name="Bip001_L_Foot" sid="joint9" type="JOINT">
              <translate>325.1314 -9.53674e-7 -1.90735e-5</translate>
              <rotate>0.9909844 -0.04647836 -0.1256565 -16.02143</rotate>
              <node id="node-Bip001_L_Toe0" name="Bip001_L_Toe0" sid="joint10" type="JOINT">
                <translate>34.79181 55.88223 0</translate>
                <rotate>1.69038e-7 -1.8859e-7 -1 -90</rotate>
                <extra>
                  <technique profile="OpenCOLLADA">
                    <cast_shadows sid="cast_shadows" type="bool">1</cast_shadows>
                    <receive_shadows sid="receive_shadows" type="bool">1</receive_shadows>
                    <primary_visibility sid="primary_visibility" type="bool">1</primary_visibility>
                    <secondary_visibility sid="secondary_visibility" type="bool">1</secondary_visibility>
                  </technique>
                </extra>
              </node>
              <extra>
                <technique profile="OpenCOLLADA">
                  <cast_shadows sid="cast_shadows" type="bool">1</cast_shadows>
                  <receive_shadows sid="receive_shadows" type="bool">1</receive_shadows>
                  <primary_visibility sid="primary_visibility" type="bool">1</primary_visibility>
                  <secondary_visibility sid="secondary_visibility" type="bool">1</secondary_visibility>
                </technique>
              </extra>
            </node>
            <extra>
              <technique profile="OpenCOLLADA">
                <cast_shadows sid="cast_shadows" type="bool">1</cast_shadows>
                <receive_shadows sid="receive_shadows" type="bool">1</receive_shadows>
                <primary_visibility sid="primary_visibility" type="bool">1</primary_visibility>
                <secondary_visibility sid="secondary_visibility" type="bool">1</secondary_visibility>
              </technique>
            </extra>
          </node>
          <node id="node-Bip001_R_Calf" name="Bip001_R_Calf" sid="joint11" type="JOINT">
            <translate>-320.2602 1.809078 -54.67387</translate>
            <rotate>-0.01605326 0.9998711 2.18496e-4 -178.9882</rotate>
            <node id="node-Bip001_R_Foot" name="Bip001_R_Foot" sid="joint12" type="JOINT">
              <translate>325.1313 6.19888e-6 0</translate>
              <rotate>-0.9909845 0.04647802 -0.1256565 -16.02143</rotate>
              <node id="node-Bip001_R_Toe0" name="Bip001_R_Toe0" sid="joint13" type="JOINT">
                <translate>34.7918 55.88223 -3.8147e-6</translate>
                <rotate>-2.38976e-7 2.37861e-7 -1 -90</rotate>
                <extra>
                  <technique profile="OpenCOLLADA">
                    <cast_shadows sid="cast_shadows" type="bool">1</cast_shadows>
                    <receive_shadows sid="receive_shadows" type="bool">1</receive_shadows>
                    <primary_visibility sid="primary_visibility" type="bool">1</primary_visibility>
                    <secondary_visibility sid="secondary_visibility" type="bool">1</secondary_visibility>
                  </technique>
                </extra>
              </node>
              <extra>
                <technique profile="OpenCOLLADA">
                  <cast_shadows sid="cast_shadows" type="bool">1</cast_shadows>
                  <receive_shadows sid="receive_shadows" type="bool">1</receive_shadows>
                  <primary_visibility sid="primary_visibility" type="bool">1</primary_visibility>
                  <secondary_visibility sid="secondary_visibility" type="bool">1</secondary_visibility>
                </technique>
              </extra>
            </node>
            <extra>
              <technique profile="OpenCOLLADA">
                <cast_shadows sid="cast_shadows" type="bool">1</cast_shadows>
                <receive_shadows sid="receive_shadows" type="bool">1</receive_shadows>
                <primary_visibility sid="primary_visibility" type="bool">1</primary_visibility>
                <secondary_visibility sid="secondary_visibility" type="bool">1</secondary_visibility>
              </technique>
            </extra>
          </node>
          <node id="node-Bip001_Spine1" name="Bip001_Spine1" sid="joint14" type="JOINT">
            <translate>70.33087 -0.05600357 -3.06929e-7</translate>
            <node id="node-Bip001_Spine2" name="Bip001_Spine2" sid="joint15" type="JOINT">
              <translate>70.33093 -0.06742668 -5.03671e-7</translate>
              <node id="node-Bip001_Neck" name="Bip001_Neck" sid="joint16" type="JOINT">
                <translate>97.47882 -17.06939 -2.39021e-5</translate>
                <node id="node-Bip001_Head" name="Bip001_Head" sid="joint17" type="JOINT">
                  <translate>44.57281 1.06096e-5 1.73249e-6</translate>
                  <rotate>-4.45033e-9 -1.11798e-5 1 -0.04570763</rotate>
                  <node id="node-Bip001_Headbow_l" name="Bip001_Headbow_l" sid="joint18" type="JOINT">
                    <translate>209.2448 6.279415 9.216565</translate>
                    <rotate>-0.1472708 0.9568994 0.2503095 -50.79637</rotate>
                    <extra>
                      <technique profile="OpenCOLLADA">
                        <cast_shadows sid="cast_shadows" type="bool">1</cast_shadows>
                        <receive_shadows sid="receive_shadows" type="bool">1</receive_shadows>
                        <primary_visibility sid="primary_visibility" type="bool">1</primary_visibility>
                        <secondary_visibility sid="secondary_visibility" type="bool">1</secondary_visibility>
                      </technique>
                    </extra>
                  </node>
                  <node id="node-Bip001_Headbow_r" name="Bip001_Headbow_r" sid="joint19" type="JOINT">
                    <translate>209.245 6.279476 -9.216467</translate>
                    <rotate>0.1472702 -0.9569008 0.2503044 -50.79638</rotate>
                    <extra>
                      <technique profile="OpenCOLLADA">
                        <cast_shadows sid="cast_shadows" type="bool">1</cast_shadows>
                        <receive_shadows sid="receive_shadows" type="bool">1</receive_shadows>
                        <primary_visibility sid="primary_visibility" type="bool">1</primary_visibility>
                        <secondary_visibility sid="secondary_visibility" type="bool">1</secondary_visibility>
                      </technique>
                    </extra>
                  </node>
                  <node id="node-Bip001_Ponytail1" name="Bip001_Ponytail1" sid="joint20" type="JOINT">
                    <translate>19.86871 -75.09506 -1.89635e-4</translate>
                    <rotate>-1.25833e-8 -2.68905e-6 1 -162.1786</rotate>
                    <node id="node-Bip001_Ponytail11" name="Bip001_Ponytail11" sid="joint21" type="JOINT">
                      <translate>108.6455 -0.1072693 5.05767e-5</translate>
                      <rotate>-4.32571e-7 -3.00332e-6 1 -16.39204</rotate>
                      <extra>
                        <technique profile="OpenCOLLADA">
                          <cast_shadows sid="cast_shadows" type="bool">1</cast_shadows>
                          <receive_shadows sid="receive_shadows" type="bool">1</receive_shadows>
                          <primary_visibility sid="primary_visibility" type="bool">1</primary_visibility>
                          <secondary_visibility sid="secondary_visibility" type="bool">1</secondary_visibility>
                        </technique>
                      </extra>
                    </node>
                    <extra>
                      <technique profile="OpenCOLLADA">
                        <cast_shadows sid="cast_shadows" type="bool">1</cast_shadows>
                        <receive_shadows sid="receive_shadows" type="bool">1</receive_shadows>
                        <primary_visibility sid="primary_visibility" type="bool">1</primary_visibility>
                        <secondary_visibility sid="secondary_visibility" type="bool">1</secondary_visibility>
                      </technique>
                    </extra>
                  </node>
                  <extra>
                    <technique profile="OpenCOLLADA">
                      <cast_shadows sid="cast_shadows" type="bool">1</cast_shadows>
                      <receive_shadows sid="receive_shadows" type="bool">1</receive_shadows>
                      <primary_visibility sid="primary_visibility" type="bool">1</primary_visibility>
                      <secondary_visibility sid="secondary_visibility" type="bool">1</secondary_visibility>
                    </technique>
                  </extra>
                </node>
                <node id="node-Bip001_L_Clavicle" name="Bip001_L_Clavicle" sid="joint22" type="JOINT">
                  <translate>-9.859924 0.1793789 38.51817</translate>
                  <rotate>0.4754519 -0.09085187 0.875038 -174.3989</rotate>
                  <node id="node-Bip001_L_UpperArm" name="Bip001_L_UpperArm" sid="joint23" type="JOINT">
                    <translate>77.2594 2.86102e-6 6.10352e-5</translate>
                    <rotate>-0.728007 -0.5830753 0.3605953 -16.19083</rotate>
                    <node id="node-Bip001_L_Forearm" name="Bip001_L_Forearm" sid="joint24" type="JOINT">
                      <translate>113.1909 -1.52588e-5 -1.2207e-4</translate>
                      <rotate>-2.67726e-7 -3.11488e-6 1 -10.44454</rotate>
                      <node id="node-Bip001_L_Hand" name="Bip001_L_Hand" sid="joint25" type="JOINT">
                        <translate>124.2312 -1.14441e-5 6.10352e-5</translate>
                        <rotate>0.9990851 -0.03022839 0.0302518 -90.00683</rotate>
                        <node id="node-Bip001_L_Finger0" name="Bip001_L_Finger0" sid="joint26" type="JOINT">
                          <translate>38.05522 2.233154 -34.82543</translate>
                          <rotate>-0.9322996 -0.3615835 0.00864678 -55.79778</rotate>
                          <node id="node-Bip001_L_Finger01" name="Bip001_L_Finger01" sid="joint27" type="JOINT">
                            <translate>28.89117 0 -6.10352e-5</translate>
                            <rotate>-3.95096e-7 -8.19684e-6 1 -5.064529</rotate>
                            <extra>
                              <technique profile="OpenCOLLADA">
                                <cast_shadows sid="cast_shadows" type="bool">1</cast_shadows>
                                <receive_shadows sid="receive_shadows" type="bool">1</receive_shadows>
                                <primary_visibility sid="primary_visibility" type="bool">1</primary_visibility>
                                <secondary_visibility sid="secondary_visibility" type="bool">1</secondary_visibility>
                              </technique>
                            </extra>
                          </node>
                          <extra>
                            <technique profile="OpenCOLLADA">
                              <cast_shadows sid="cast_shadows" type="bool">1</cast_shadows>
                              <receive_shadows sid="receive_shadows" type="bool">1</receive_shadows>
                              <primary_visibility sid="primary_visibility" type="bool">1</primary_visibility>
                              <secondary_visibility sid="secondary_visibility" type="bool">1</secondary_visibility>
                            </technique>
                          </extra>
                        </node>
                        <node id="node-Bip001_L_Finger1" name="Bip001_L_Finger1" sid="joint28" type="JOINT">
                          <translate>67.59373 -5.523804 -23.93807</translate>
                          <rotate>0.01466619 -0.9939295 0.109037 -11.22864</rotate>
                          <node id="node-Bip001_L_Finger11" name="Bip001_L_Finger11" sid="joint29" type="JOINT">
                            <translate>32.16895 0 3.05176e-5</translate>
                            <rotate>-9.37771e-7 -3.90193e-7 -1 -13.32365</rotate>
                            <extra>
                              <technique profile="OpenCOLLADA">
                                <cast_shadows sid="cast_shadows" type="bool">1</cast_shadows>
                                <receive_shadows sid="receive_shadows" type="bool">1</receive_shadows>
                                <primary_visibility sid="primary_visibility" type="bool">1</primary_visibility>
                                <secondary_visibility sid="secondary_visibility" type="bool">1</secondary_visibility>
                              </technique>
                            </extra>
                          </node>
                          <extra>
                            <technique profile="OpenCOLLADA">
                              <cast_shadows sid="cast_shadows" type="bool">1</cast_shadows>
                              <receive_shadows sid="receive_shadows" type="bool">1</receive_shadows>
                              <primary_visibility sid="primary_visibility" type="bool">1</primary_visibility>
                              <secondary_visibility sid="secondary_visibility" type="bool">1</secondary_visibility>
                            </technique>
                          </extra>
                        </node>
                        <node id="node-Bip001_L_Finger2" name="Bip001_L_Finger2" sid="joint30" type="JOINT">
                          <translate>68.15045 -0.6156006 4.011997</translate>
                          <rotate>1 3.67188e-7 -5.60978e-6 -9.467983</rotate>
                          <node id="node-Bip001_L_Finger21" name="Bip001_L_Finger21" sid="joint31" type="JOINT">
                            <translate>34.93236 -1.2207e-4 -2.28882e-5</translate>
                            <rotate>-6.8095e-9 -5.76207e-8 -1 -20.05357</rotate>
                            <extra>
                              <technique profile="OpenCOLLADA">
                                <cast_shadows sid="cast_shadows" type="bool">1</cast_shadows>
                                <receive_shadows sid="receive_shadows" type="bool">1</receive_shadows>
                                <primary_visibility sid="primary_visibility" type="bool">1</primary_visibility>
                                <secondary_visibility sid="secondary_visibility" type="bool">1</secondary_visibility>
                              </technique>
                            </extra>
                          </node>
                          <extra>
                            <technique profile="OpenCOLLADA">
                              <cast_shadows sid="cast_shadows" type="bool">1</cast_shadows>
                              <receive_shadows sid="receive_shadows" type="bool">1</receive_shadows>
                              <primary_visibility sid="primary_visibility" type="bool">1</primary_visibility>
                              <secondary_visibility sid="secondary_visibility" type="bool">1</secondary_visibility>
                            </technique>
                          </extra>
                        </node>
                        <extra>
                          <technique profile="OpenCOLLADA">
                            <cast_shadows sid="cast_shadows" type="bool">1</cast_shadows>
                            <receive_shadows sid="receive_shadows" type="bool">1</receive_shadows>
                            <primary_visibility sid="primary_visibility" type="bool">1</primary_visibility>
                            <secondary_visibility sid="secondary_visibility" type="bool">1</secondary_visibility>
                          </technique>
                        </extra>
                      </node>
                      <extra>
                        <technique profile="OpenCOLLADA">
                          <cast_shadows sid="cast_shadows" type="bool">1</cast_shadows>
                          <receive_shadows sid="receive_shadows" type="bool">1</receive_shadows>
                          <primary_visibility sid="primary_visibility" type="bool">1</primary_visibility>
                          <secondary_visibility sid="secondary_visibility" type="bool">1</secondary_visibility>
                        </technique>
                      </extra>
                    </node>
                    <extra>
                      <technique profile="OpenCOLLADA">
                        <cast_shadows sid="cast_shadows" type="bool">1</cast_shadows>
                        <receive_shadows sid="receive_shadows" type="bool">1</receive_shadows>
                        <primary_visibility sid="primary_visibility" type="bool">1</primary_visibility>
                        <secondary_visibility sid="secondary_visibility" type="bool">1</secondary_visibility>
                      </technique>
                    </extra>
                  </node>
                  <extra>
                    <technique profile="OpenCOLLADA">
                      <cast_shadows sid="cast_shadows" type="bool">1</cast_shadows>
                      <receive_shadows sid="receive_shadows" type="bool">1</receive_shadows>
                      <primary_visibility sid="primary_visibility" type="bool">1</primary_visibility>
                      <secondary_visibility sid="secondary_visibility" type="bool">1</secondary_visibility>
                    </technique>
                  </extra>
                </node>
                <node id="node-Bip001_R_Clavicle" name="Bip001_R_Clavicle" sid="joint32" type="JOINT">
                  <translate>-9.859741 0.1795918 -38.51822</translate>
                  <rotate>-0.4754521 0.09084945 0.8750381 -174.399</rotate>
                  <node id="node-Bip001_R_UpperArm" name="Bip001_R_UpperArm" sid="joint33" type="JOINT">
                    <translate>77.25937 1.14441e-5 1.2207e-4</translate>
                    <rotate>0.7280071 0.5830751 0.3605955 -16.19082</rotate>
                    <node id="node-Bip001_R_Forearm" name="Bip001_R_Forearm" sid="joint34" type="JOINT">
                      <translate>113.1909 -2.28882e-5 0</translate>
                      <rotate>-8.82011e-8 2.55031e-6 1 -10.44454</rotate>
                      <node id="node-Bip001_R_Hand" name="Bip001_R_Hand" sid="joint35" type="JOINT">
                        <translate>124.2314 -9.53674e-6 0</translate>
                        <rotate>-0.9990851 0.03022851 0.03025164 -90.00681</rotate>
                        <node id="node-Bip001_R_Finger0" name="Bip001_R_Finger0" sid="joint36" type="JOINT">
                          <translate>38.05518 2.233337 34.82542</translate>
                          <rotate>0.9322996 0.3615837 0.008646546 -55.79777</rotate>
                          <node id="node-Bip001_R_Finger01" name="Bip001_R_Finger01" sid="joint37" type="JOINT">
                            <translate>28.89124 1.2207e-4 3.05176e-5</translate>
                            <rotate>5.5984e-7 1.12912e-5 1 -5.064527</rotate>
                            <extra>
                              <technique profile="OpenCOLLADA">
                                <cast_shadows sid="cast_shadows" type="bool">1</cast_shadows>
                                <receive_shadows sid="receive_shadows" type="bool">1</receive_shadows>
                                <primary_visibility sid="primary_visibility" type="bool">1</primary_visibility>
                                <secondary_visibility sid="secondary_visibility" type="bool">1</secondary_visibility>
                              </technique>
                            </extra>
                          </node>
                          <extra>
                            <technique profile="OpenCOLLADA">
                              <cast_shadows sid="cast_shadows" type="bool">1</cast_shadows>
                              <receive_shadows sid="receive_shadows" type="bool">1</receive_shadows>
                              <primary_visibility sid="primary_visibility" type="bool">1</primary_visibility>
                              <secondary_visibility sid="secondary_visibility" type="bool">1</secondary_visibility>
                            </technique>
                          </extra>
                        </node>
                        <node id="node-Bip001_R_Finger1" name="Bip001_R_Finger1" sid="joint38" type="JOINT">
                          <translate>67.59372 -5.52356 23.93804</translate>
                          <rotate>-0.01466613 0.9939295 0.1090367 -11.22863</rotate>
                          <node id="node-Bip001_R_Finger11" name="Bip001_R_Finger11" sid="joint39" type="JOINT">
                            <translate>32.16893 0 2.28882e-5</translate>
                            <rotate>1.95469e-6 -4.93329e-7 -1 -13.32367</rotate>
                            <extra>
                              <technique profile="OpenCOLLADA">
                                <cast_shadows sid="cast_shadows" type="bool">1</cast_shadows>
                                <receive_shadows sid="receive_shadows" type="bool">1</receive_shadows>
                                <primary_visibility sid="primary_visibility" type="bool">1</primary_visibility>
                                <secondary_visibility sid="secondary_visibility" type="bool">1</secondary_visibility>
                              </technique>
                            </extra>
                          </node>
                          <extra>
                            <technique profile="OpenCOLLADA">
                              <cast_shadows sid="cast_shadows" type="bool">1</cast_shadows>
                              <receive_shadows sid="receive_shadows" type="bool">1</receive_shadows>
                              <primary_visibility sid="primary_visibility" type="bool">1</primary_visibility>
                              <secondary_visibility sid="secondary_visibility" type="bool">1</secondary_visibility>
                            </technique>
                          </extra>
                        </node>
                        <node id="node-Bip001_R_Finger2" name="Bip001_R_Finger2" sid="joint40" type="JOINT">
                          <translate>68.15039 -0.6153564 -4.012005</translate>
                          <rotate>-1 -6.11231e-7 -7.42873e-6 -9.467971</rotate>
                          <node id="node-Bip001_R_Finger21" name="Bip001_R_Finger21" sid="joint41" type="JOINT">
                            <translate>34.9325 -6.10352e-5 -1.52588e-5</translate>
                            <rotate>1.33227e-7 -8.422e-7 -1 -20.05359</rotate>
                            <extra>
                              <technique profile="OpenCOLLADA">
                                <cast_shadows sid="cast_shadows" type="bool">1</cast_shadows>
                                <receive_shadows sid="receive_shadows" type="bool">1</receive_shadows>
                                <primary_visibility sid="primary_visibility" type="bool">1</primary_visibility>
                                <secondary_visibility sid="secondary_visibility" type="bool">1</secondary_visibility>
                              </technique>
                            </extra>
                          </node>
                          <extra>
                            <technique profile="OpenCOLLADA">
                              <cast_shadows sid="cast_shadows" type="bool">1</cast_shadows>
                              <receive_shadows sid="receive_shadows" type="bool">1</receive_shadows>
                              <primary_visibility sid="primary_visibility" type="bool">1</primary_visibility>
                              <secondary_visibility sid="secondary_visibility" type="bool">1</secondary_visibility>
                            </technique>
                          </extra>
                        </node>
                        <extra>
                          <technique profile="OpenCOLLADA">
                            <cast_shadows sid="cast_shadows" type="bool">1</cast_shadows>
                            <receive_shadows sid="receive_shadows" type="bool">1</receive_shadows>
                            <primary_visibility sid="primary_visibility" type="bool">1</primary_visibility>
                            <secondary_visibility sid="secondary_visibility" type="bool">1</secondary_visibility>
                          </technique>
                        </extra>
                      </node>
                      <extra>
                        <technique profile="OpenCOLLADA">
                          <cast_shadows sid="cast_shadows" type="bool">1</cast_shadows>
                          <receive_shadows sid="receive_shadows" type="bool">1</receive_shadows>
                          <primary_visibility sid="primary_visibility" type="bool">1</primary_visibility>
                          <secondary_visibility sid="secondary_visibility" type="bool">1</secondary_visibility>
                        </technique>
                      </extra>
                    </node>
                    <extra>
                      <technique profile="OpenCOLLADA">
                        <cast_shadows sid="cast_shadows" type="bool">1</cast_shadows>
                        <receive_shadows sid="receive_shadows" type="bool">1</receive_shadows>
                        <primary_visibility sid="primary_visibility" type="bool">1</primary_visibility>
                        <secondary_visibility sid="secondary_visibility" type="bool">1</secondary_visibility>
                      </technique>
                    </extra>
                  </node>
                  <extra>
                    <technique profile="OpenCOLLADA">
                      <cast_shadows sid="cast_shadows" type="bool">1</cast_shadows>
                      <receive_shadows sid="receive_shadows" type="bool">1</receive_shadows>
                      <primary_visibility sid="primary_visibility" type="bool">1</primary_visibility>
                      <secondary_visibility sid="secondary_visibility" type="bool">1</secondary_visibility>
                    </technique>
                  </extra>
                </node>
                <extra>
                  <technique profile="OpenCOLLADA">
                    <cast_shadows sid="cast_shadows" type="bool">1</cast_shadows>
                    <receive_shadows sid="receive_shadows" type="bool">1</receive_shadows>
                    <primary_visibility sid="primary_visibility" type="bool">1</primary_visibility>
                    <secondary_visibility sid="secondary_visibility" type="bool">1</secondary_visibility>
                  </technique>
                </extra>
              </node>
              <extra>
                <technique profile="OpenCOLLADA">
                  <cast_shadows sid="cast_shadows" type="bool">1</cast_shadows>
                  <receive_shadows sid="receive_shadows" type="bool">1</receive_shadows>
                  <primary_visibility sid="primary_visibility" type="bool">1</primary_visibility>
                  <secondary_visibility sid="secondary_visibility" type="bool">1</secondary_visibility>
                </technique>
              </extra>
            </node>
            <extra>
              <technique profile="OpenCOLLADA">
                <cast_shadows sid="cast_shadows" type="bool">1</cast_shadows>
                <receive_shadows sid="receive_shadows" type="bool">1</receive_shadows>
                <primary_visibility sid="primary_visibility" type="bool">1</primary_visibility>
                <secondary_visibility sid="secondary_visibility" type="bool">1</secondary_visibility>
              </technique>
            </extra>
          </node>
          <extra>
            <technique profile="OpenCOLLADA">
              <cast_shadows sid="cast_shadows" type="bool">1</cast_shadows>
              <receive_shadows sid="receive_shadows" type="bool">1</receive_shadows>
              <primary_visibility sid="primary_visibility" type="bool">1</primary_visibility>
              <secondary_visibility sid="secondary_visibility" type="bool">1</secondary_visibility>
            </technique>
          </extra>
        </node>
        <node id="node-Bip001_SkirtBack_l" name="Bip001_SkirtBack_l" sid="joint42" type="JOINT">
          <translate>58.02496 -59.26197 33.26088</translate>
          <rotate>0.07494745 0.1928342 0.9783649 -139.7992</rotate>
          <node id="node-Bip001_SkirtBack_l02" name="Bip001_SkirtBack_l02" sid="joint43" type="JOINT">
            <translate>167.335 -0.125 2.28882e-5</translate>
            <rotate>-6.02506e-7 -2.77527e-6 1 -20.30072</rotate>
            <node id="node-Bip001_SkirtBack_l03" name="Bip001_SkirtBack_l03" sid="joint44" type="JOINT">
              <translate>167.3634 -0.1321106 -9.53674e-6</translate>
              <rotate>-1.63608e-6 -3.35069e-6 1 -7.782154</rotate>
              <extra>
                <technique profile="OpenCOLLADA">
                  <cast_shadows sid="cast_shadows" type="bool">1</cast_shadows>
                  <receive_shadows sid="receive_shadows" type="bool">1</receive_shadows>
                  <primary_visibility sid="primary_visibility" type="bool">1</primary_visibility>
                  <secondary_visibility sid="secondary_visibility" type="bool">1</secondary_visibility>
                </technique>
              </extra>
            </node>
            <extra>
              <technique profile="OpenCOLLADA">
                <cast_shadows sid="cast_shadows" type="bool">1</cast_shadows>
                <receive_shadows sid="receive_shadows" type="bool">1</receive_shadows>
                <primary_visibility sid="primary_visibility" type="bool">1</primary_visibility>
                <secondary_visibility sid="secondary_visibility" type="bool">1</secondary_visibility>
              </technique>
            </extra>
          </node>
          <extra>
            <technique profile="OpenCOLLADA">
              <cast_shadows sid="cast_shadows" type="bool">1</cast_shadows>
              <receive_shadows sid="receive_shadows" type="bool">1</receive_shadows>
              <primary_visibility sid="primary_visibility" type="bool">1</primary_visibility>
              <secondary_visibility sid="secondary_visibility" type="bool">1</secondary_visibility>
            </technique>
          </extra>
        </node>
        <node id="node-Bip001_SkirtBack_r" name="Bip001_SkirtBack_r" sid="joint45" type="JOINT">
          <translate>58.0249 -59.26205 -33.26074</translate>
          <rotate>-0.07494606 -0.1928357 0.9783647 -139.7992</rotate>
          <node id="node-Bip001_SkirtBack_r02" name="Bip001_SkirtBack_r02" sid="joint46" type="JOINT">
            <translate>167.3351 -0.124939 0</translate>
            <rotate>-5.64057e-7 -2.59485e-6 1 -20.30072</rotate>
            <node id="node-Bip001_SkirtBack_r03" name="Bip001_SkirtBack_r03" sid="joint47" type="JOINT">
              <translate>167.3634 -0.1320496 -5.72205e-6</translate>
              <rotate>-2.79097e-7 -2.44473e-6 1 -7.78213</rotate>
              <extra>
                <technique profile="OpenCOLLADA">
                  <cast_shadows sid="cast_shadows" type="bool">1</cast_shadows>
                  <receive_shadows sid="receive_shadows" type="bool">1</receive_shadows>
                  <primary_visibility sid="primary_visibility" type="bool">1</primary_visibility>
                  <secondary_visibility sid="secondary_visibility" type="bool">1</secondary_visibility>
                </technique>
              </extra>
            </node>
            <extra>
              <technique profile="OpenCOLLADA">
                <cast_shadows sid="cast_shadows" type="bool">1</cast_shadows>
                <receive_shadows sid="receive_shadows" type="bool">1</receive_shadows>
                <primary_visibility sid="primary_visibility" type="bool">1</primary_visibility>
                <secondary_visibility sid="secondary_visibility" type="bool">1</secondary_visibility>
              </technique>
            </extra>
          </node>
          <extra>
            <technique profile="OpenCOLLADA">
              <cast_shadows sid="cast_shadows" type="bool">1</cast_shadows>
              <receive_shadows sid="receive_shadows" type="bool">1</receive_shadows>
              <primary_visibility sid="primary_visibility" type="bool">1</primary_visibility>
              <secondary_visibility sid="secondary_visibility" type="bool">1</secondary_visibility>
            </technique>
          </extra>
        </node>
        <node id="node-Bip001_SkirtFront_l" name="Bip001_SkirtFront_l" sid="joint48" type="JOINT">
          <translate>59.90887 55.7303 34.62201</translate>
          <rotate>0.281237 0.5318959 0.7987443 -201.9906</rotate>
          <node id="node-Bip001_Bib_l" name="Bip001_Bib_l" sid="joint49" type="JOINT">
            <translate>10.25107 -8.435509 6.519196</translate>
            <rotate>0.9997665 -0.02088418 -0.005541141 -84.91563</rotate>
            <node id="node-Bip001_Bib_l02" name="Bip001_Bib_l02" sid="joint50" type="JOINT">
              <translate>201.726 -0.1381836 -2.86102e-5</translate>
              <rotate>7.89215e-7 2.69186e-6 -1 -22.20558</rotate>
              <extra>
                <technique profile="OpenCOLLADA">
                  <cast_shadows sid="cast_shadows" type="bool">1</cast_shadows>
                  <receive_shadows sid="receive_shadows" type="bool">1</receive_shadows>
                  <primary_visibility sid="primary_visibility" type="bool">1</primary_visibility>
                  <secondary_visibility sid="secondary_visibility" type="bool">1</secondary_visibility>
                </technique>
              </extra>
            </node>
            <extra>
              <technique profile="OpenCOLLADA">
                <cast_shadows sid="cast_shadows" type="bool">1</cast_shadows>
                <receive_shadows sid="receive_shadows" type="bool">1</receive_shadows>
                <primary_visibility sid="primary_visibility" type="bool">1</primary_visibility>
                <secondary_visibility sid="secondary_visibility" type="bool">1</secondary_visibility>
              </technique>
            </extra>
          </node>
          <node id="node-Bip001_SkirtFront_l02" name="Bip001_SkirtFront_l02" sid="joint51" type="JOINT">
            <translate>144.459 -0.1346083 3.05176e-5</translate>
            <rotate>-7.95942e-4 -0.9999997 -2.47412e-6 -14.84784</rotate>
            <node id="node-Bip001_SkirtFront_l03" name="Bip001_SkirtFront_l03" sid="joint52" type="JOINT">
              <translate>169.0349 -0.14642 -6.10352e-5</translate>
              <rotate>-7.96652e-4 -0.9999997 -2.45757e-6 -16.58792</rotate>
              <extra>
                <technique profile="OpenCOLLADA">
                  <cast_shadows sid="cast_shadows" type="bool">1</cast_shadows>
                  <receive_shadows sid="receive_shadows" type="bool">1</receive_shadows>
                  <primary_visibility sid="primary_visibility" type="bool">1</primary_visibility>
                  <secondary_visibility sid="secondary_visibility" type="bool">1</secondary_visibility>
                </technique>
              </extra>
            </node>
            <extra>
              <technique profile="OpenCOLLADA">
                <cast_shadows sid="cast_shadows" type="bool">1</cast_shadows>
                <receive_shadows sid="receive_shadows" type="bool">1</receive_shadows>
                <primary_visibility sid="primary_visibility" type="bool">1</primary_visibility>
                <secondary_visibility sid="secondary_visibility" type="bool">1</secondary_visibility>
              </technique>
            </extra>
          </node>
          <extra>
            <technique profile="OpenCOLLADA">
              <cast_shadows sid="cast_shadows" type="bool">1</cast_shadows>
              <receive_shadows sid="receive_shadows" type="bool">1</receive_shadows>
              <primary_visibility sid="primary_visibility" type="bool">1</primary_visibility>
              <secondary_visibility sid="secondary_visibility" type="bool">1</secondary_visibility>
            </technique>
          </extra>
        </node>
        <node id="node-Bip001_SkirtFront_r" name="Bip001_SkirtFront_r" sid="joint53" type="JOINT">
          <translate>59.909 55.73018 -34.62219</translate>
          <rotate>-0.2812383 -0.5318969 0.7987432 -201.9905</rotate>
          <node id="node-Bip001_Bib_r" name="Bip001_Bib_r" sid="joint54" type="JOINT">
            <translate>10.25122 -8.435512 -6.519226</translate>
            <rotate>-0.9997665 0.02088416 -0.005541588 -84.91562</rotate>
            <node id="node-Bip001_Bib_r02" name="Bip001_Bib_r02" sid="joint55" type="JOINT">
              <translate>201.7259 -0.1383057 -7.24792e-5</translate>
              <rotate>-6.37606e-7 2.46614e-6 -1 -22.20556</rotate>
              <extra>
                <technique profile="OpenCOLLADA">
                  <cast_shadows sid="cast_shadows" type="bool">1</cast_shadows>
                  <receive_shadows sid="receive_shadows" type="bool">1</receive_shadows>
                  <primary_visibility sid="primary_visibility" type="bool">1</primary_visibility>
                  <secondary_visibility sid="secondary_visibility" type="bool">1</secondary_visibility>
                </technique>
              </extra>
            </node>
            <extra>
              <technique profile="OpenCOLLADA">
                <cast_shadows sid="cast_shadows" type="bool">1</cast_shadows>
                <receive_shadows sid="receive_shadows" type="bool">1</receive_shadows>
                <primary_visibility sid="primary_visibility" type="bool">1</primary_visibility>
                <secondary_visibility sid="secondary_visibility" type="bool">1</secondary_visibility>
              </technique>
            </extra>
          </node>
          <node id="node-Bip001_SkirtFront_r02" name="Bip001_SkirtFront_r02" sid="joint56" type="JOINT">
            <translate>144.4591 -0.1345911 6.10352e-5</translate>
            <rotate>7.95311e-4 0.9999997 2.21189e-6 -14.84785</rotate>
            <node id="node-Bip001_SkirtFront_r03" name="Bip001_SkirtFront_r03" sid="joint57" type="JOINT">
              <translate>169.0349 -0.1463904 1.2207e-4</translate>
              <rotate>7.96066e-4 0.9999997 2.05864e-6 -16.58794</rotate>
              <extra>
                <technique profile="OpenCOLLADA">
                  <cast_shadows sid="cast_shadows" type="bool">1</cast_shadows>
                  <receive_shadows sid="receive_shadows" type="bool">1</receive_shadows>
                  <primary_visibility sid="primary_visibility" type="bool">1</primary_visibility>
                  <secondary_visibility sid="secondary_visibility" type="bool">1</secondary_visibility>
                </technique>
              </extra>
            </node>
            <extra>
              <technique profile="OpenCOLLADA">
                <cast_shadows sid="cast_shadows" type="bool">1</cast_shadows>
                <receive_shadows sid="receive_shadows" type="bool">1</receive_shadows>
                <primary_visibility sid="primary_visibility" type="bool">1</primary_visibility>
                <secondary_visibility sid="secondary_visibility" type="bool">1</secondary_visibility>
              </technique>
            </extra>
          </node>
          <extra>
            <technique profile="OpenCOLLADA">
              <cast_shadows sid="cast_shadows" type="bool">1</cast_shadows>
              <receive_shadows sid="receive_shadows" type="bool">1</receive_shadows>
              <primary_visibility sid="primary_visibility" type="bool">1</primary_visibility>
              <secondary_visibility sid="secondary_visibility" type="bool">1</secondary_visibility>
            </technique>
          </extra>
        </node>
        <node id="node-Bip001_SkirtSide_l" name="Bip001_SkirtSide_l" sid="joint58" type="JOINT">
          <translate>61.4903 -12.15699 78.33801</translate>
          <rotate>0.3739412 -9.24873e-5 0.9274524 -179.9547</rotate>
          <node id="node-Bip001_SkirtSide_l02" name="Bip001_SkirtSide_l02" sid="joint59" type="JOINT">
            <translate>149.1609 -0.146554 -6.10352e-5</translate>
            <rotate>-7.96001e-4 -0.9999997 -3.00687e-6 -21.83937</rotate>
            <node id="node-Bip001_SkirtSide_l03" name="Bip001_SkirtSide_l03" sid="joint60" type="JOINT">
              <translate>184.0591 -0.1339521 -6.10352e-5</translate>
              <rotate>-7.95503e-4 -0.9999997 -3.75122e-6 -10.06379</rotate>
              <extra>
                <technique profile="OpenCOLLADA">
                  <cast_shadows sid="cast_shadows" type="bool">1</cast_shadows>
                  <receive_shadows sid="receive_shadows" type="bool">1</receive_shadows>
                  <primary_visibility sid="primary_visibility" type="bool">1</primary_visibility>
                  <secondary_visibility sid="secondary_visibility" type="bool">1</secondary_visibility>
                </technique>
              </extra>
            </node>
            <extra>
              <technique profile="OpenCOLLADA">
                <cast_shadows sid="cast_shadows" type="bool">1</cast_shadows>
                <receive_shadows sid="receive_shadows" type="bool">1</receive_shadows>
                <primary_visibility sid="primary_visibility" type="bool">1</primary_visibility>
                <secondary_visibility sid="secondary_visibility" type="bool">1</secondary_visibility>
              </technique>
            </extra>
          </node>
          <extra>
            <technique profile="OpenCOLLADA">
              <cast_shadows sid="cast_shadows" type="bool">1</cast_shadows>
              <receive_shadows sid="receive_shadows" type="bool">1</receive_shadows>
              <primary_visibility sid="primary_visibility" type="bool">1</primary_visibility>
              <secondary_visibility sid="secondary_visibility" type="bool">1</secondary_visibility>
            </technique>
          </extra>
        </node>
        <node id="node-Bip001_SkirtSide_r" name="Bip001_SkirtSide_r" sid="joint61" type="JOINT">
          <translate>61.49036 -12.1572 -78.33805</translate>
          <rotate>-0.3739414 9.08011e-5 0.9274523 -179.9545</rotate>
          <node id="node-Bip001_SkirtSide_r02" name="Bip001_SkirtSide_r02" sid="joint62" type="JOINT">
            <translate>149.1609 -0.1465569 0</translate>
            <rotate>7.96494e-4 0.9999997 2.66209e-6 -21.83938</rotate>
            <node id="node-Bip001_SkirtSide_r03" name="Bip001_SkirtSide_r03" sid="joint63" type="JOINT">
              <translate>184.0591 -0.1339593 0</translate>
              <rotate>7.95457e-4 0.9999997 1.92982e-6 -10.06379</rotate>
              <extra>
                <technique profile="OpenCOLLADA">
                  <cast_shadows sid="cast_shadows" type="bool">1</cast_shadows>
                  <receive_shadows sid="receive_shadows" type="bool">1</receive_shadows>
                  <primary_visibility sid="primary_visibility" type="bool">1</primary_visibility>
                  <secondary_visibility sid="secondary_visibility" type="bool">1</secondary_visibility>
                </technique>
              </extra>
            </node>
            <extra>
              <technique profile="OpenCOLLADA">
                <cast_shadows sid="cast_shadows" type="bool">1</cast_shadows>
                <receive_shadows sid="receive_shadows" type="bool">1</receive_shadows>
                <primary_visibility sid="primary_visibility" type="bool">1</primary_visibility>
                <secondary_visibility sid="secondary_visibility" type="bool">1</secondary_visibility>
              </technique>
            </extra>
          </node>
          <extra>
            <technique profile="OpenCOLLADA">
              <cast_shadows sid="cast_shadows" type="bool">1</cast_shadows>
              <receive_shadows sid="receive_shadows" type="bool">1</receive_shadows>
              <primary_visibility sid="primary_visibility" type="bool">1</primary_visibility>
              <secondary_visibility sid="secondary_visibility" type="bool">1</secondary_visibility>
            </technique>
          </extra>
        </node>
        <extra>
          <technique profile="OpenCOLLADA">
            <cast_shadows sid="cast_shadows" type="bool">1</cast_shadows>
            <receive_shadows sid="receive_shadows" type="bool">1</receive_shadows>
            <primary_visibility sid="primary_visibility" type="bool">1</primary_visibility>
            <secondary_visibility sid="secondary_visibility" type="bool">1</secondary_visibility>
          </technique>
        </extra>
      </node>
      <node id="node-alice_lod1" name="alice_lod1">
        <instance_controller url="#geom-alice_lod1-skin1">
          <skeleton>#node-Bip001_Pelvis</skeleton>
          <bind_material>
            <technique_common>
              <instance_material symbol="alice_mat" target="#alice_mat-material">
                <bind_vertex_input semantic="CHANNEL1" input_semantic="TEXCOORD" input_set="0"/>
              </instance_material>
            </technique_common>
          </bind_material>
        </instance_controller>
        <extra>
          <technique profile="OpenCOLLADA">
            <cast_shadows sid="cast_shadows" type="bool">1</cast_shadows>
            <receive_shadows sid="receive_shadows" type="bool">1</receive_shadows>
            <primary_visibility sid="primary_visibility" type="bool">1</primary_visibility>
            <secondary_visibility sid="secondary_visibility" type="bool">1</secondary_visibility>
          </technique>
        </extra>
      </node>
    </visual_scene>
  </library_visual_scenes>
  <scene>
    <instance_visual_scene url="#MaxScene"/>
  </scene>
</COLLADA>